trip_id	household_id	person_n	trip_n	travel_mode	purpose	fueltype	faretype	bus_scale	survey_year	travel_year	travel_month	travel_date	day_of_week	start_time	age	female	driving_license	car_ownership	distance	dur_walking	dur_cycling	dur_pt_access	dur_pt_rail	dur_pt_bus	dur_pt_int	pt_interchanges	dur_driving	cost_transit	cost_driving_fuel	cost_driving_ccharge	driving_traffic_percent
5	0	1	3	4	3	1	4	1.0	1	2012	4	1	7	19.93333333	54	0	1	2	4562	1.039444444	0.384444444	0.205555556	0.0	0.221111111	0.0	0	0.222222222	1.5	0.77	0.0	0.0975
16	2	1	2	4	3	1	1	1.0	1	2012	4	1	7	16.66666667	41	0	1	1	715	0.2097222219999999	0.066111111	0.098611111	0.0	0.058333333	0.0	0	0.0586111109999999	1.5	0.16	0.0	0.123223
26	7	0	2	1	3	2	1	1.0	1	2012	4	1	7	14.0	49	1	1	1	444	0.152222222	0.050833333	0.068333333	0.0	0.033888889	0.0	0	0.055277778	1.5	0.1	0.0	0.105528
27	7	1	0	4	4	2	1	1.0	1	2012	4	1	7	7.0	51	0	1	1	15995	3.7825	1.100277778	0.1938888889999999	0.5166666670000001	0.0	0.1	1	0.3408333329999999	1.5	2.04	0.0	0.280359
52	12	1	2	4	5	2	1	1.0	1	2012	4	1	7	11.41666667	56	1	1	1	7703	1.814722222	0.615555556	0.0625	0.0	0.491944444	0.094722222	1	0.355555556	3.0	1.19	0.0	0.249219
66	13	1	5	4	5	1	5	0.0	1	2012	4	1	7	21.66666667	64	0	1	1	1463	0.346111111	0.100277778	0.0608333329999999	0.0	0.096666667	0.0	0	0.091388889	0.0	0.25	0.0	0.4437689999999999
72	14	0	0	4	3	1	5	0.0	1	2012	4	1	7	11.0	65	1	1	2	404	0.1447222219999999	0.0502777779999999	0.0430555559999999	0.0	0.0388888889999999	0.0	0	0.037777778	0.0	0.11	0.0	0.2426469999999999
78	15	0	2	1	3	6	1	1.0	1	2012	4	1	7	12.41666667	40	0	1	0	551	0.185833333	0.068055556	0.106111111	0.0	0.020277778	0.0	0	0.067222222	1.5	0.13	0.0	0.260331
89	17	4	1	4	3	1	1	1.0	1	2012	4	1	7	11.83333333	41	0	1	1	8402	1.926944444	0.521111111	0.3444444439999999	0.183333333	0.0	0.0	0	0.359444444	1.9	1.3	0.0	0.391808
109	22	1	0	1	3	1	1	1.0	1	2012	4	1	7	11.0	42	0	1	2	1304	0.365	0.109722222	0.218611111	0.0	0.066666667	0.0	0	0.095277778	1.5	0.26	0.0	0.131195
124	26	0	3	4	5	1	5	0.0	1	2012	4	2	1	11.0	61	0	1	2	3594	0.905	0.281111111	0.208611111	0.0	0.230555556	0.1166666669999999	1	0.1938888889999999	0.0	0.7	0.0	0.159026
143	29	2	0	4	1	1	1	1.0	1	2012	4	2	1	11.0	34	1	1	1	8362	2.201388889	0.7	0.26	0.366666667	0.0	0.0	0	0.331111111	0.0	1.49	0.0	0.355705
144	29	2	1	4	1	1	1	1.0	1	2012	4	2	1	21.0	34	1	1	1	8362	2.216666667	0.7263888890000001	0.285555556	0.25	0.0	0.0	0	0.308055556	0.0	1.56	0.0	0.281335
177	38	0	1	3	4	6	1	1.0	1	2012	4	2	1	17.33333333	35	1	1	0	5318	1.175277778	0.471666667	0.2372222219999999	0.166666667	0.0	0.0	0	0.373888889	2.4	0.91	10.5	0.823923
228	48	0	3	3	3	1	5	0.0	1	2012	4	3	2	12.25	64	0	1	2	2237	0.5902777779999999	0.183055556	0.165833333	0.0	0.292222222	0.0	0	0.1722222219999999	0.0	0.49	0.0	0.217742
278	62	1	1	4	3	1	5	0.0	1	2012	4	4	3	9.5	73	0	1	1	4739	1.428611111	0.551111111	0.163611111	0.0	0.466666667	0.0	0	0.2469444439999999	0.0	0.88	0.0	0.1619799999999999
300	68	2	1	3	5	6	4	1.0	1	2012	4	5	4	12.5	25	0	1	0	1991	0.4744444439999999	0.1722222219999999	0.041944444	0.0	0.165555556	0.0	0	0.103333333	1.5	0.28	0.0	0.150538
325	75	1	1	4	3	1	1	1.0	1	2012	4	6	5	15.33333333	49	1	0	1	9416	2.165277778	0.652222222	0.091111111	0.0	0.84	0.1	1	0.541944444	3.0	1.54	0.0	0.35674
345	81	1	1	4	3	1	1	1.0	1	2012	4	6	5	13.25	43	1	1	2	1772	0.4577777779999999	0.136111111	0.063611111	0.0	0.1166666669999999	0.0	0	0.091111111	1.5	0.3	0.0	0.344512
346	81	1	2	4	2	1	1	1.0	1	2012	4	6	5	16.75	43	1	1	2	3197	0.814444444	0.221111111	0.051944444	0.0	0.454166667	0.106111111	1	0.293888889	3.0	0.83	0.0	0.6361060000000001
359	84	0	0	3	3	6	1	1.0	1	2012	4	7	6	9.0	49	1	0	0	1458	0.425	0.118888889	0.1566666669999999	0.0	0.105	0.0	0	0.143055556	1.5	0.31	0.0	0.0951456
360	84	0	1	1	5	6	1	1.0	1	2012	4	7	6	11.0	49	1	0	0	423	0.143888889	0.0358333329999999	0.0891666669999999	0.0	0.014722222	0.0	0	0.087777778	1.5	0.18	0.0	0.056962
380	88	1	0	4	3	2	5	0.0	1	2012	4	8	7	15.5	65	1	1	2	15685	3.598333333	1.136666667	0.098611111	0.45	0.051388889	0.2166666669999999	2	0.8847222220000001	0.0	2.33	0.0	0.378336
388	91	1	0	4	1	1	1	1.0	1	2012	4	8	7	10.5	34	0	1	1	8781	2.035	0.591666667	0.0886111109999999	0.183333333	0.052222222	0.253611111	2	0.481666667	3.4	1.4	0.0	0.397347
394	93	1	0	1	3	1	1	1.0	1	2012	4	8	7	13.0	38	0	1	1	735	0.199444444	0.074444444	0.120555556	0.0	0.0375	0.0	0	0.064444444	1.5	0.15	0.0	0.340517
448	101	1	0	3	3	6	2	0.0	1	2012	4	9	1	9.0	17	0	0	0	3160	0.788055556	0.233055556	0.178888889	0.0	0.297222222	0.0	0	0.220833333	0.0	0.56	0.0	0.3069179999999999
468	110	0	1	4	3	1	1	1.0	1	2012	4	9	1	11.5	57	0	1	2	6331	1.519444444	0.405555556	0.071944444	0.0	0.5	0.0	0	0.263333333	1.5	0.99	0.0	0.219409
488	117	0	1	1	3	1	1	1.0	1	2012	4	10	2	20.0	19	0	0	1	1376	0.369444444	0.133055556	0.2275	0.0	0.0825	0.0	0	0.133333333	1.5	0.35	0.0	0.11875
493	119	0	1	3	1	6	1	1.0	1	2012	4	10	2	17.0	54	0	0	0	1211	0.288333333	0.072777778	0.066666667	0.0	0.133333333	0.0	0	0.094722222	1.5	0.21	0.0	0.381232
498	121	0	2	3	3	6	4	0.5	1	2012	4	10	2	13.0	57	0	1	0	1961	0.503611111	0.190833333	0.064722222	0.0	0.250277778	0.0	0	0.168055556	0.75	0.38	0.0	0.454545
506	122	1	4	4	3	1	1	1.0	1	2012	4	10	2	20.5	27	0	1	2	4366	1.150833333	0.353611111	0.155833333	0.0	0.401666667	0.101944444	1	0.278055556	3.0	0.89	0.0	0.301698
510	123	1	3	4	3	2	1	1.0	1	2012	4	10	2	21.5	55	0	1	1	1554	0.4377777779999999	0.143333333	0.266111111	0.0	0.111111111	0.0	0	0.106111111	1.5	0.27	0.0	0.0445026
540	129	0	0	4	1	2	1	1.0	1	2012	4	10	2	7.583333333	46	0	1	1	4426	1.101944444	0.371666667	0.246111111	0.1	0.186111111	0.094444444	1	0.3125	3.6	0.74	0.0	0.4684439999999999
548	130	0	0	3	3	6	5	0.0	1	2012	4	10	2	10.0	70	1	0	0	11867	2.712777778	0.850555556	0.210833333	0.4	0.0505555559999999	0.15	1	0.831666667	0.0	1.93	0.0	0.587508
560	135	0	4	4	3	2	5	0.0	1	2012	4	11	3	18.91666667	63	0	1	2	1401	0.357222222	0.116388889	0.131666667	0.0	0.094722222	0.0	0	0.166388889	0.0	0.29	0.0	0.4440729999999999
587	142	0	0	4	3	1	5	0.0	1	2012	4	11	3	10.0	62	0	1	2	5897	1.334722222	0.4013888889999999	0.103333333	0.0	0.561111111	0.093611111	1	0.325833333	0.0	0.94	0.0	0.6197779999999999
604	145	1	0	4	3	2	5	0.0	1	2012	4	12	4	14.0	70	0	1	1	1104	0.3383333329999999	0.141666667	0.088888889	0.0	0.133333333	0.0	0	0.128055556	0.0	0.26	0.0	0.2212579999999999
609	147	0	1	3	1	6	1	1.0	1	2012	4	12	4	21.25	30	1	0	0	11306	2.9052777780000003	0.911111111	0.1025	0.283333333	0.020833333	0.1166666669999999	1	0.7333333329999999	3.9	1.97	0.0	0.549242
625	152	1	2	4	3	1	1	0.0	1	2012	4	12	4	14.33333333	20	0	0	1	1822	0.460555556	0.141666667	0.075277778	0.0	0.166666667	0.0	0	0.1725	0.0	0.42	0.0	0.325282
634	152	4	0	4	3	1	5	0.0	1	2012	4	12	4	14.33333333	9	1	0	1	1822	0.460555556	0.141666667	0.075277778	0.0	0.166666667	0.0	0	0.1725	0.0	0.42	0.0	0.325282
682	165	1	0	4	3	1	1	1.0	1	2012	4	12	4	12.0	37	1	1	1	920	0.272777778	0.106111111	0.181666667	0.0	0.066666667	0.0	0	0.100833333	1.5	0.26	0.0	0.1735539999999999
687	167	1	0	3	1	6	1	1.0	1	2012	4	12	4	8.0	29	0	1	0	7122	1.646944444	0.5558333329999999	0.370555556	0.25	0.0	0.083333333	1	0.555277778	3.3	1.31	0.0	0.7163579999999999
698	171	0	1	4	1	1	5	0.0	1	2012	4	13	5	17.0	65	0	1	1	4879	1.179444444	0.3475	0.1005555559999999	0.0	0.363333333	0.15	1	0.331111111	0.0	0.88	0.0	0.317114
709	175	0	4	3	5	6	1	1.0	1	2012	4	13	5	18.25	25	0	0	0	4617	1.188055556	0.333333333	0.358888889	0.166666667	0.0	0.0	0	0.334166667	2.9	0.8	0.0	0.6492100000000001
732	179	4	0	3	4	2	1	1.0	1	2012	4	13	5	14.0	25	0	0	1	8773	1.925	0.533611111	0.2275	0.483333333	0.0	0.183333333	1	0.526666667	5.0	1.19	0.0	0.538502
765	184	1	1	4	3	1	1	1.0	1	2012	4	14	6	16.5	46	0	1	2	9886	2.566111111	0.818888889	0.079444444	0.0	0.885	0.166666667	1	0.440555556	3.0	1.66	0.0	0.222573
778	185	2	0	4	3	1	4	1.0	1	2012	4	14	6	19.0	23	0	1	1	2697	0.692222222	0.220277778	0.080555556	0.0	0.137777778	0.1166666669999999	1	0.143333333	3.0	0.46	0.0	0.156977
828	200	1	0	4	3	2	1	1.0	1	2012	4	15	7	8.0	58	1	1	1	2516	0.700555556	0.206111111	0.39	0.0	0.075	0.0	0	0.132222222	1.5	0.43	0.0	0.0609244
848	204	1	1	1	5	2	1	1.0	1	2012	4	15	7	13.5	28	1	1	1	910	0.220555556	0.073888889	0.1155555559999999	0.0	0.0430555559999999	0.0	0	0.076111111	1.5	0.17	0.0	0.189781
878	210	4	1	3	3	6	5	0.0	1	2012	4	15	7	11.5	9	0	0	0	3722	0.942777778	0.2822222219999999	0.091944444	0.0	0.393055556	0.1	1	0.2325	0.0	0.6	0.0	0.551971
923	221	0	1	4	3	1	1	1.0	1	2012	4	16	1	20.58333333	51	1	1	1	1536	0.434444444	0.152777778	0.079722222	0.0	0.080833333	0.098611111	1	0.091388889	3.0	0.33	0.0	0.0607903
930	223	0	0	1	3	6	1	1.0	1	2012	4	16	1	7.75	32	1	1	0	1609	0.3883333329999999	0.134444444	0.0775	0.0	0.134444444	0.0	0	0.133888889	1.5	0.32	0.0	0.323651
940	224	1	0	3	2	6	3	0.0	1	2012	4	16	1	9.5	13	1	0	0	1334	0.332222222	0.103888889	0.168611111	0.0	0.060277778	0.0	0	0.085833333	0.0	0.24	0.0	0.0517799
972	232	0	0	3	1	1	4	1.0	1	2012	4	17	2	6.333333333	42	1	1	1	18318	4.0430555560000005	1.291666667	0.381111111	0.533333333	0.0	0.133333333	1	0.943055556	5.75	2.88	10.5	0.6703979999999999
980	232	1	4	4	2	1	1	1.0	1	2012	4	17	2	15.83333333	43	0	1	1	2234	0.771388889	0.309444444	0.299722222	0.0	0.145555556	0.0	0	0.135833333	1.5	0.5	0.0	0.186094
982	232	1	6	4	1	1	1	1.0	1	2012	4	17	2	17.58333333	43	0	1	1	2329	0.726666667	0.258055556	0.268611111	0.0	0.2166666669999999	0.0	0	0.152777778	1.5	0.51	0.0	0.0563636
1065	244	2	1	1	2	6	3	0.0	1	2012	4	17	2	15.0	11	1	0	0	1153	0.343611111	0.1016666669999999	0.0536111109999999	0.0	0.138055556	0.0	0	0.126944444	0.0	0.26	0.0	0.2056889999999999
1107	252	0	4	3	1	6	1	1.0	1	2012	4	18	3	18.33333333	32	1	1	0	8207	1.88	0.6719444440000001	0.213611111	0.25	0.0	0.1	1	0.755277778	2.9	1.49	0.0	0.774917
1151	259	0	0	3	3	6	5	0.0	1	2012	4	18	3	15.0	65	1	0	0	1409	0.339722222	0.1066666669999999	0.132777778	0.0	0.085833333	0.0	0	0.141666667	0.0	0.31	0.0	0.1058819999999999
1171	262	3	2	4	3	1	5	0.0	1	2012	4	18	3	15.5	5	1	0	2	2536	0.610833333	0.161111111	0.115833333	0.0	0.200833333	0.0	0	0.1694444439999999	0.0	0.45	0.0	0.227869
1234	275	0	1	4	5	1	1	0.0	1	2012	4	19	4	13.5	35	0	1	1	4663	1.173888889	0.368333333	0.139444444	0.0	0.3175	0.1825	1	0.273611111	0.0	0.82	0.0	0.226396
1239	276	0	1	4	1	1	1	1.0	1	2012	4	19	4	17.5	43	0	1	2	16009	3.809166667	1.199166667	0.206666667	0.85	0.0	0.15	1	0.940833333	7.89	2.74	0.0	0.448479
1246	278	0	4	4	3	1	5	0.0	1	2012	4	19	4	10.33333333	88	1	0	2	1596	0.417777778	0.158888889	0.185833333	0.0	0.1036111109999999	0.0	0	0.132777778	0.0	0.36	0.0	0.135983
1247	278	1	1	4	5	1	1	1.0	1	2012	4	19	4	7.55	48	0	1	2	5400	1.281388889	0.388055556	0.125833333	0.0	0.508611111	0.083333333	1	0.304166667	3.0	1.24	0.0	0.317808
1250	279	0	0	4	3	1	1	1.0	1	2012	4	19	4	8.666666667000001	60	1	1	1	882	0.226666667	0.0736111109999999	0.133333333	0.0	0.058333333	0.0	0	0.081388889	1.5	0.28	0.0	0.331058
1275	282	2	0	3	2	6	5	0.0	1	2012	4	19	4	8.5	6	1	0	0	1483	0.363888889	0.0922222219999999	0.145277778	0.0	0.215555556	0.0	0	0.2094444439999999	0.0	0.42	0.0	0.5716180000000001
1285	283	0	0	4	2	1	1	1.0	1	2012	4	20	5	8.333333332999999	51	1	1	2	3983	1.378611111	0.346666667	0.224444444	0.0	0.4	0.0	0	0.2666666669999999	1.5	0.85	0.0	0.197917
1307	284	1	3	4	5	2	5	0.0	1	2012	4	20	5	15.66666667	8	1	0	2	1463	0.362777778	0.096388889	0.079444444	0.0	0.115833333	0.0	0	0.106388889	0.0	0.31	0.0	0.075718
1321	285	2	1	4	4	2	3	0.0	1	2012	4	20	5	15.75	15	1	0	2	1023	0.338611111	0.115	0.0991666669999999	0.0	0.09	0.0	0	0.088888889	0.0	0.23	0.0	0.321875
1325	285	4	1	3	2	2	5	0.0	1	2012	4	20	5	15.5	8	1	0	2	552	0.129444444	0.0313888889999999	0.069166667	0.0	0.02	0.0	0	0.051388889	0.0	0.09	0.0	0.1513509999999999
1349	289	1	1	4	5	1	1	1.0	1	2012	4	20	5	8.75	55	1	1	2	5419	1.398611111	0.414722222	0.091944444	0.0	0.495555556	0.155833333	1	0.307222222	3.0	0.95	0.0	0.254069
1388	296	2	0	4	3	2	3	0.0	1	2012	4	20	5	15.0	12	0	0	2	6871	1.615	0.517222222	0.245555556	0.15	0.241388889	0.146944444	1	0.46	0.75	1.11	0.0	0.463164
1394	296	2	6	4	3	2	3	0.0	1	2012	4	20	5	20.5	12	0	0	2	4714	1.13	0.376666667	0.1030555559999999	0.0	0.363333333	0.0	0	0.324166667	0.0	0.76	0.0	0.6923739999999999
1399	296	3	4	4	5	2	5	0.0	1	2012	4	20	5	17.66666667	10	1	0	2	2313	0.5408333329999999	0.196944444	0.134166667	0.0	0.35	0.0	0	0.169166667	0.0	0.34	0.0	0.361248
1410	299	1	0	4	1	1	1	1.0	1	2012	4	20	5	8.0	28	0	1	1	2253	0.5741666670000001	0.16	0.093888889	0.0	0.285555556	0.0	0	0.134166667	1.5	0.39	0.0	0.3271219999999999
1444	305	2	0	4	4	5	1	1.0	1	2012	4	20	5	7.0	33	0	1	1	5367	1.348611111	0.457222222	0.253055556	0.2	0.105833333	0.133333333	1	0.3675	3.2	1.43	0.0	0.430839
1455	308	0	2	4	3	1	1	1.0	1	2012	4	21	6	11.0	57	0	1	1	1263	0.354166667	0.139166667	0.086944444	0.0	0.124722222	0.0	0	0.112222222	1.5	0.3	0.0	0.116337
1483	314	1	1	3	3	6	1	1.0	1	2012	4	21	6	12.83333333	36	0	0	0	22233	5.478888888999999	1.818333333	0.145	0.5166666670000001	0.133333333	0.366666667	3	1.236944444	6.3	4.04	0.0	0.5104420000000001
1497	316	2	5	4	3	1	1	1.0	1	2012	4	21	6	21.0	62	0	1	1	5190	1.279444444	0.361666667	0.1725	0.0	0.401666667	0.0	0	0.288611111	1.5	0.96	0.0	0.252166
1502	317	0	3	1	3	6	1	1.0	1	2012	4	21	6	1.166666667	35	0	0	0	2844	0.705555556	0.195	0.209166667	0.0	0.207777778	0.0	0	0.131666667	1.5	0.42	0.0	0.101266
1518	321	3	2	1	3	2	5	0.0	1	2012	4	21	6	13.33333333	7	1	0	2	319	0.063055556	0.0141666669999999	0.0	0.0	0.0175	0.0	0	0.010555556	0.0	0.03	0.0	0.315789
1520	321	4	0	1	3	2	5	0.0	1	2012	4	21	6	11.33333333	6	1	0	2	319	0.063055556	0.0141666669999999	0.0	0.0	0.0175	0.0	0	0.011111111	0.0	0.04	0.0	0.275
1525	322	2	3	4	3	1	1	1.0	1	2012	4	21	6	18.0	47	0	1	2	5581	1.274444444	0.374166667	0.221111111	0.0	0.3388888889999999	0.0	0	0.285555556	1.5	0.87	0.0	0.203307
1555	326	3	0	4	3	6	1	1.0	1	2012	4	22	7	10.0	37	1	1	2	5840	1.3697222219999998	0.45	0.18	0.1166666669999999	0.166666667	0.1	1	0.322777778	3.0	0.93	0.0	0.113597
1563	328	0	1	3	4	1	1	1.0	1	2012	4	22	7	13.0	40	0	0	1	3598	0.831944444	0.261111111	0.362777778	0.066666667	0.0	0.0	0	0.236666667	1.5	0.64	0.0	0.308685
1581	332	0	3	3	5	2	1	1.0	1	2012	4	22	7	12.58333333	45	1	1	1	7782	1.839444444	0.7194444440000001	0.183333333	0.166666667	0.0	0.0	0	0.514166667	2.4	1.18	0.0	0.558617
1586	332	1	4	3	5	2	1	1.0	1	2012	4	22	7	16.0	45	0	1	1	10836	2.552222222	0.8375	0.2794444439999999	0.2166666669999999	0.35	0.1166666669999999	1	0.685	3.9	1.56	0.0	0.566504
1615	336	2	1	3	3	1	1	1.0	1	2012	4	22	7	13.0	39	0	1	1	3334	0.8030555559999999	0.269444444	0.126944444	0.0	0.3316666669999999	0.0	0	0.250833333	1.5	0.66	0.0	0.401993
1618	338	0	0	3	3	1	1	1.0	1	2012	4	22	7	11.5	41	1	1	1	11899	2.7155555560000004	0.838888889	0.131388889	0.4	0.413888889	0.140833333	1	0.6166666670000001	4.3	2.01	0.0	0.5265770000000001
1622	338	2	0	3	3	1	5	0.0	1	2012	4	22	7	11.5	6	0	0	1	11899	2.7155555560000004	0.838888889	0.131388889	0.4	0.413888889	0.140833333	1	0.6166666670000001	0.0	2.01	0.0	0.5265770000000001
1634	342	0	0	1	3	2	5	0.0	1	2012	4	22	7	7.5	82	1	1	2	1216	0.342222222	0.199444444	0.127222222	0.0	0.104444444	0.0	0	0.105277778	0.0	0.28	0.0	0.316623
1647	346	1	3	1	1	1	1	1.0	1	2012	4	23	1	17.0	42	0	1	1	848	0.205833333	0.0891666669999999	0.106388889	0.0	0.016666667	0.0	0	0.0975	1.5	0.23	0.0	0.356125
1652	346	3	0	4	2	1	5	0.0	1	2012	4	23	1	8.666666667000001	5	1	0	1	2494	0.596388889	0.1725	0.134722222	0.0	0.1	0.0	0	0.111944444	0.0	0.37	0.0	0.1067
1657	347	0	1	4	1	1	1	1.0	1	2012	4	23	1	17.5	52	1	1	1	12798	3.040833333	0.96	0.323611111	0.6166666670000001	0.0	0.066666667	1	0.692777778	4.2	2.08	0.0	0.4871689999999999
1658	348	0	0	3	1	1	1	1.0	1	2012	4	23	1	8.166666667000001	53	0	1	2	6123	1.468333333	0.538333333	0.229444444	0.3	0.0	0.0	0	0.405	2.9	1.08	0.0	0.747599
1660	348	0	2	4	3	1	1	1.0	1	2012	4	23	1	23.5	53	0	1	2	6624	1.499166667	0.518888889	0.257777778	0.2666666669999999	0.0	0.0	0	0.308055556	2.4	1.04	0.0	0.5428310000000001
1664	349	0	0	4	3	1	5	0.0	1	2012	4	23	1	11.0	63	1	1	2	3149	0.860833333	0.314444444	0.182777778	0.0	0.304722222	0.1	1	0.178888889	0.0	0.58	0.0	0.177019
1684	353	2	0	1	2	1	2	0.0	1	2012	4	23	1	8.5	17	0	0	1	1214	0.374444444	0.131666667	0.264722222	0.0	0.116944444	0.0	0	0.113888889	0.0	0.28	0.0	0.451219
1685	353	2	1	1	2	1	2	0.0	1	2012	4	23	1	15.0	17	0	0	1	1214	0.3675	0.1191666669999999	0.285	0.0	0.066666667	0.0	0	0.1	0.0	0.27	0.0	0.147222
1713	360	0	1	3	3	6	1	1.0	1	2012	4	24	2	20.5	26	1	0	0	3442	0.964166667	0.287777778	0.076388889	0.0	0.225277778	0.0	0	0.228333333	1.5	0.63	0.0	0.13382
1730	363	2	0	1	1	1	1	1.0	1	2012	4	24	2	7.5	18	1	0	1	1328	0.313333333	0.0975	0.11	0.0	0.118333333	0.0	0	0.113055556	1.5	0.34	0.0	0.115479
1738	364	2	4	1	3	1	2	0.0	1	2012	4	24	2	18.5	16	0	0	1	1281	0.323055556	0.095555556	0.1191666669999999	0.0	0.076388889	0.0	0	0.084444444	0.0	0.24	0.0	0.174342
1753	365	3	0	4	2	1	5	0.0	1	2012	4	25	3	8.333333332999999	7	0	0	1	1162	0.350277778	0.1325	0.041944444	0.0	0.06	0.0	0	0.082222222	0.0	0.23	0.0	0.1047299999999999
1754	365	3	2	4	3	1	5	0.0	1	2012	4	25	3	16.25	7	0	0	1	1088	0.338055556	0.0975	0.074722222	0.0	0.0891666669999999	0.0	0	0.091388889	0.0	0.25	0.0	0.0212766
1767	368	2	0	4	2	1	3	0.0	1	2012	4	25	3	8.666666667000001	11	0	0	1	1670	0.3908333329999999	0.096388889	0.138611111	0.066666667	0.0	0.0	0	0.134444444	0.85	0.34	0.0	0.283058
1802	374	1	4	4	1	1	1	1.0	1	2012	4	25	3	14.25	45	0	1	1	1449	0.323055556	0.1025	0.2344444439999999	0.0	0.088333333	0.0	0	0.088888889	1.5	0.24	0.0	0.053125
1814	377	1	0	3	1	2	1	1.0	1	2012	4	25	3	9.333333333	32	1	0	1	8282	2.155555556	0.718888889	0.1925	0.166666667	0.318611111	0.2166666669999999	2	0.611666667	4.5	1.49	0.0	0.534514
1817	377	2	1	3	1	2	1	1.0	1	2012	4	25	3	15.5	54	1	0	1	8873	2.1269444440000003	0.671111111	0.381944444	0.333333333	0.0	0.0	0	0.681111111	2.8	1.45	10.5	0.536297
1856	383	0	1	1	5	1	1	0.5	1	2012	4	26	4	15.0	58	1	1	2	381	0.093611111	0.039444444	0.060277778	0.0	0.0275	0.0	0	0.036111111	0.75	0.08	0.0	0.3
1866	385	1	3	3	4	1	5	0.0	1	2012	4	26	4	17.5	61	0	1	2	9242	2.144166667	0.7986111109999999	0.121388889	0.2666666669999999	0.0	0.0	0	0.729722222	0.0	1.92	10.5	0.73582
1868	386	0	0	3	1	6	1	1.0	1	2012	4	26	4	8.0	53	1	0	0	5780	1.43	0.438611111	0.146388889	0.0	0.7175	0.07	1	0.504722222	3.0	1.07	0.0	0.6835439999999999
1879	389	0	3	4	5	1	1	1.0	1	2012	4	27	5	14.25	50	1	1	2	3026	0.725555556	0.247777778	0.146111111	0.0	0.260833333	0.0	0	0.205555556	1.5	0.64	0.0	0.331081
1881	389	1	0	3	2	1	4	0.5	1	2012	4	27	5	9.0	20	0	1	2	8304	1.945555556	0.578888889	0.344166667	0.3	0.0	0.0	0	0.5541666670000001	2.35	1.47	0.0	0.5208020000000001
1882	389	1	1	3	2	1	4	0.5	1	2012	4	27	5	12.0	20	0	1	2	8304	1.956666667	0.591944444	0.3444444439999999	0.2666666669999999	0.0	0.0	0	0.491111111	1.75	1.43	0.0	0.459842
1887	391	0	1	3	5	6	1	1.0	1	2012	4	27	5	22.25	26	0	0	0	2656	0.600555556	0.214722222	0.058888889	0.0	0.151111111	0.0	0	0.141944444	1.5	0.37	0.0	0.72407
1893	392	0	3	1	3	6	1	1.0	1	2012	4	27	5	21.5	44	0	1	0	1085	0.290555556	0.120833333	0.1397222219999999	0.0	0.09	0.0	0	0.0991666669999999	1.5	0.25	0.0	0.1428569999999999
1939	402	1	1	3	1	6	1	1.0	1	2012	4	27	5	17.25	34	0	1	0	8151	1.978055556	0.715833333	0.133888889	0.35	0.0	0.083333333	1	0.644444444	4.8	1.52	10.5	0.606034
1944	404	0	1	4	3	1	5	0.0	1	2012	4	28	6	18.0	61	0	1	1	14288	3.491944444	1.028055556	0.1005555559999999	0.0	1.091111111	0.247777778	2	0.5083333329999999	0.0	3.04	0.0	0.367213
1947	405	0	0	4	3	1	5	0.0	1	2012	4	28	6	11.0	68	0	1	1	3056	0.7805555559999999	0.227777778	0.170555556	0.0	0.188611111	0.0	0	0.158333333	0.0	0.55	0.0	0.122807
1951	406	3	1	1	3	6	2	0.0	1	2012	4	28	6	16.33333333	17	1	0	0	380	0.114166667	0.0358333329999999	0.069444444	0.0	0.048055556	0.0	0	0.040555556	0.0	0.1	0.0	0.109589
1964	408	4	1	4	3	1	3	0.0	1	2012	4	28	6	19.0	11	0	0	1	18692	4.701666667	1.3811111109999998	0.1397222219999999	0.5166666670000001	0.401666667	0.2	2	0.784444444	0.75	4.02	0.0	0.40687
1969	409	1	0	3	3	6	1	1.0	1	2012	4	28	6	14.5	26	1	1	0	5838	1.4102777780000002	0.421111111	0.264722222	0.183333333	0.0	0.0	0	0.4769444439999999	2.4	1.02	10.5	0.593477
1976	409	2	2	3	3	6	1	1.0	1	2012	4	28	6	23.25	24	0	1	0	15285	3.620833333	1.094722222	0.251944444	0.483333333	0.0	0.2	1	0.8544444440000001	3.8	2.36	10.5	0.658323
2011	418	0	3	4	3	1	5	0.0	1	2012	4	28	6	13.75	62	0	1	1	3080	0.792222222	0.272777778	0.0725	0.0	0.356388889	0.0	0	0.276944444	0.0	0.7	0.0	0.4453359999999999
2034	423	0	1	1	3	2	1	1.0	1	2012	4	29	7	17.66666667	45	1	1	2	1042	0.228055556	0.065555556	0.162777778	0.0	0.0855555559999999	0.0	0	0.0608333329999999	1.5	0.16	0.0	0.1506849999999999
2048	427	1	4	4	5	1	1	1.0	1	2012	4	29	7	14.25	58	0	1	2	6827	1.589444444	0.5277777779999999	0.114444444	0.0	0.466666667	0.0	0	0.350277778	1.5	1.15	0.0	0.401269
2074	435	1	1	3	1	6	1	1.0	1	2012	4	29	7	23.0	27	1	0	0	2820	0.8269444440000001	0.274722222	0.052777778	0.033333333	0.166388889	0.166666667	1	0.195277778	3.0	0.55	0.0	0.246088
2076	436	1	1	4	5	2	1	1.0	1	2012	4	29	7	17.0	38	0	1	1	2212	0.5425	0.175555556	0.157222222	0.0	0.177777778	0.0	0	0.15	1.5	0.37	0.0	0.1796299999999999
2145	449	3	1	3	2	2	5	0.0	1	2012	4	30	1	16.0	8	1	0	1	1258	0.332777778	0.110555556	0.133611111	0.0	0.114166667	0.0	0	0.138333333	0.0	0.29	0.0	0.524096
2174	455	1	2	4	4	2	1	1.0	1	2012	4	30	1	18.5	35	0	1	2	4274	1.040555556	0.360277778	0.1016666669999999	0.0	0.5558333329999999	0.0	0	0.345555556	1.5	0.82	0.0	0.451768
2179	456	0	0	4	1	1	1	1.0	1	2012	4	30	1	12.0	37	1	1	2	3265	0.8030555559999999	0.283055556	0.221944444	0.0	0.246111111	0.0	0	0.233333333	1.5	0.65	0.0	0.333333
2180	456	0	1	4	5	1	1	1.0	1	2012	4	30	1	17.5	37	1	1	2	7222	1.805277778	0.548888889	0.095833333	0.183333333	0.208611111	0.1166666669999999	1	0.4577777779999999	3.2	1.38	0.0	0.481189
2199	457	3	1	1	2	1	3	0.0	1	2012	4	30	1	15.41666667	11	1	0	1	140	0.083888889	0.055555556	0.068611111	0.0	0.0175	0.0	0	0.053333333	0.0	0.12	0.0	0.0208333
2244	468	1	1	1	1	2	1	1.0	1	2012	5	1	2	12.41666667	36	0	1	1	427	0.1325	0.040833333	0.06	0.0	0.0269444439999999	0.0	0	0.0625	1.5	0.1	0.0	0.0311111
2245	468	1	2	1	1	2	1	1.0	1	2012	5	1	2	13.41666667	36	0	1	1	427	0.163333333	0.0711111109999999	0.0313888889999999	0.0	0.048888889	0.0	0	0.056111111	1.5	0.11	0.0	0.0297029999999999
2248	469	1	0	3	4	6	2	0.0	1	2012	5	1	2	7.5	17	0	0	0	3619	0.931388889	0.245277778	0.1155555559999999	0.0	0.3338888889999999	0.153611111	1	0.3519444439999999	0.0	0.78	0.0	0.5374899999999999
2259	472	2	2	4	3	1	5	0.0	1	2012	5	1	2	15.66666667	8	1	0	2	1158	0.324166667	0.098611111	0.178055556	0.0	0.046666667	0.0	0	0.061666667	0.0	0.2	0.0	0.0225225
2315	487	0	1	1	3	6	1	1.0	1	2012	5	2	3	12.5	54	1	1	0	203	0.080555556	0.040277778	0.0605555559999999	0.0	0.016944444	0.0	0	0.029722222	1.5	0.06	0.0	0.196262
2324	488	4	0	3	2	1	5	0.0	1	2012	5	2	3	7.25	9	1	0	1	3793	0.8694444440000001	0.255555556	0.143333333	0.0	0.336666667	0.0	0	0.306111111	0.0	0.81	0.0	0.572595
2352	497	0	2	4	5	1	1	1.0	1	2012	5	2	3	13.75	55	0	1	2	1999	0.4538888889999999	0.147777778	0.185	0.0	0.090833333	0.0	0	0.098888889	1.5	0.31	0.0	0.379213
2360	498	1	2	3	4	2	1	1.0	1	2012	5	2	3	21.8	50	0	1	1	14094	3.203888889	1.035833333	0.201111111	0.533333333	0.095833333	0.1	1	0.5425	4.3	1.75	0.0	0.464926
2366	500	0	3	4	3	1	5	0.0	1	2012	5	2	3	18.75	76	0	1	1	1135	0.304444444	0.083611111	0.108333333	0.0	0.090277778	0.0	0	0.098888889	0.0	0.28	0.0	0.25
2377	502	0	1	3	3	6	5	0.0	1	2012	5	3	4	16.5	76	0	1	0	994	0.240277778	0.09	0.048611111	0.0	0.095	0.0	0	0.124722222	0.0	0.24	0.0	0.342984
2378	503	0	2	1	3	1	5	0.0	1	2012	5	3	4	20.5	76	0	1	1	550	0.151666667	0.07	0.0847222219999999	0.0	0.014722222	0.0	0	0.074722222	0.0	0.21	0.0	0.159851
2403	507	3	0	3	2	6	3	0.0	1	2012	5	4	5	12.0	15	1	0	0	1613	0.386666667	0.1191666669999999	0.1675	0.0	0.06	0.0	0	0.121388889	0.0	0.28	0.0	0.279176
2407	508	0	0	4	3	2	1	1.0	1	2012	5	4	5	21.0	57	0	1	1	3452	0.996388889	0.300277778	0.097222222	0.05	0.1625	0.1	1	0.2025	3.0	0.59	0.0	0.211248
2422	509	1	2	4	3	1	1	1.0	1	2012	5	4	5	18.41666667	45	1	1	1	1698	0.4108333329999999	0.1030555559999999	0.1472222219999999	0.0	0.091666667	0.0	0	0.1197222219999999	1.5	0.32	0.0	0.38051
2440	512	1	1	4	3	1	5	0.0	1	2012	5	4	5	11.83333333	72	0	1	2	1673	0.424444444	0.123611111	0.071388889	0.0	0.131666667	0.0	0	0.130277778	0.0	0.34	0.0	0.151386
2465	516	0	2	3	3	6	1	1.0	1	2012	5	4	5	17.5	36	1	1	0	2984	0.7172222220000001	0.268333333	0.1197222219999999	0.0	0.2869444439999999	0.0	0	0.2394444439999999	1.5	0.6	0.0	0.62761
2508	525	1	1	4	3	1	1	1.0	1	2012	5	5	6	11.08333333	41	1	1	2	2891	0.762222222	0.266944444	0.3383333329999999	0.0	0.15	0.0	0	0.18	1.5	0.52	0.0	0.109568
2535	530	0	2	1	3	6	4	0.5	1	2012	5	5	6	18.78333333	27	1	1	0	1122	0.295277778	0.09	0.180555556	0.016666667	0.0	0.0	0	0.152777778	1.0	0.38	0.0	0.170909
2546	532	2	1	4	3	1	2	0.0	1	2012	5	5	6	17.91666667	17	1	0	1	761	0.205	0.089444444	0.1475	0.0	0.083333333	0.0	0	0.077222222	0.0	0.28	0.0	0.1115109999999999
2549	533	0	4	4	5	1	1	1.0	1	2012	5	5	6	15.75	57	0	1	1	289	0.083055556	0.034166667	0.033888889	0.0	0.025	0.0	0	0.038055556	1.5	0.08	0.0	0.138686
2555	534	0	2	4	5	2	1	1.0	1	2012	5	6	7	15.8	37	0	1	1	7411	1.703888889	0.470277778	0.095277778	0.066666667	0.277777778	0.2666666669999999	2	0.3702777779999999	4.5	1.08	0.0	0.454614
2569	535	1	1	4	3	2	2	0.0	1	2012	5	6	7	23.0	17	1	0	2	3321	0.8977777779999999	0.248333333	0.1891666669999999	0.0	0.206666667	0.1	1	0.162222222	0.0	0.58	0.0	0.1404109999999999
2591	544	2	0	3	3	6	1	1.0	1	2012	5	7	1	19.5	18	0	0	0	3217	0.8041666670000001	0.2775	0.208333333	0.133333333	0.0	0.0	0	0.259444444	1.5	0.65	0.0	0.2922909999999999
2608	549	1	1	4	3	5	1	1.0	1	2012	5	7	1	14.83333333	28	1	0	1	4313	0.943611111	0.281388889	0.114722222	0.0	0.309444444	0.0	0	0.229722222	1.5	0.83	0.0	0.413543
2614	550	1	2	3	3	6	5	0.0	1	2012	5	7	1	16.75	61	0	0	0	8493	1.932222222	0.581388889	0.078055556	0.0	0.7	0.0	0	0.322777778	0.0	1.46	0.0	0.245267
2642	561	1	0	3	3	6	1	1.0	1	2012	5	7	1	13.5	52	1	0	0	4538	1.000833333	0.2575	0.0580555559999999	0.0	0.293055556	0.0	0	0.205	1.5	0.61	0.0	0.268293
2645	562	0	1	3	3	2	5	0.0	1	2012	5	7	1	14.25	76	0	0	1	4416	1.045	0.304166667	0.124166667	0.0	0.275	0.0	0	0.2125	0.0	0.61	0.0	0.219608
2646	562	1	0	4	1	2	1	1.0	1	2012	5	7	1	7.0	46	0	1	1	4689	1.121666667	0.315	0.083611111	0.1	0.216111111	0.1	1	0.305833333	3.4	0.74	0.0	0.318801
2651	562	3	1	1	2	2	5	0.0	1	2012	5	7	1	16.5	13	1	0	1	952	0.250555556	0.068055556	0.119444444	0.0	0.055277778	0.0	0	0.0605555559999999	0.0	0.16	0.0	0.087156
2652	562	4	0	1	2	2	5	0.0	1	2012	5	7	1	15.0	12	1	0	1	952	0.286388889	0.093611111	0.134722222	0.0	0.063888889	0.0	0	0.068888889	0.0	0.16	0.0	0.0645160999999999
2695	572	2	0	4	2	1	5	0.0	1	2012	5	8	2	8.5	6	1	0	2	817	0.235833333	0.06	0.1913888889999999	0.0	0.033333333	0.0	0	0.074722222	0.0	0.25	0.0	0.1301119999999999
2739	581	0	3	3	1	1	1	1.0	1	2012	5	8	2	7.75	48	0	1	1	3024	0.77	0.2319444439999999	0.059444444	0.0	0.295	0.0	0	0.194166667	1.5	0.53	10.5	0.682403
2750	581	2	1	4	2	1	5	0.0	1	2012	5	8	2	15.41666667	8	0	0	1	3024	0.7936111109999999	0.278888889	0.132777778	0.0	0.295277778	0.0	0	0.252222222	0.0	0.63	0.0	0.654185
2756	583	1	0	3	1	6	1	1.0	1	2012	5	8	2	7.5	49	0	0	0	2656	0.669722222	0.240833333	0.274166667	0.033333333	0.0	0.0	0	0.179166667	2.4	0.45	10.5	0.466667
2759	583	2	0	3	1	6	1	1.0	1	2012	5	8	2	4.5	21	0	0	0	1291	0.35	0.130277778	0.145555556	0.0	0.134444444	0.0	0	0.121111111	1.5	0.3	0.0	0.0665138
2769	585	0	2	4	1	2	1	1.0	1	2012	5	8	2	20.75	36	1	1	1	5157	1.362222222	0.401944444	0.488888889	0.1	0.0	0.0	0	0.290833333	1.5	0.86	0.0	0.25788
2799	590	1	3	1	3	6	1	1.0	1	2012	5	9	3	13.5	59	1	0	0	649	0.145833333	0.056388889	0.091111111	0.0	0.025	0.0	0	0.048611111	1.5	0.1	0.0	0.297143
2838	596	1	1	3	3	6	1	1.0	1	2012	5	9	3	14.0	50	0	0	0	1752	0.468611111	0.184722222	0.1719444439999999	0.0	0.1216666669999999	0.0	0	0.169166667	1.5	0.37	0.0	0.543514
2844	597	0	8	4	3	1	1	1.0	1	2012	5	9	3	15.83333333	49	1	1	2	1160	0.369722222	0.134444444	0.240833333	0.0	0.101944444	0.0	0	0.098611111	1.5	0.27	0.0	0.191549
2855	597	2	3	4	3	1	3	0.0	1	2012	5	9	3	21.08333333	13	1	0	2	1447	0.369444444	0.135555556	0.125833333	0.0	0.0625	0.0	0	0.075833333	0.0	0.24	0.0	0.161172
2862	599	0	3	4	1	2	5	0.0	1	2012	5	9	3	16.66666667	63	0	1	1	1797	0.468611111	0.146111111	0.045	0.0	0.1747222219999999	0.0	0	0.123888889	0.0	0.29	0.0	0.257848
2932	613	0	3	3	3	2	1	1.0	1	2012	5	10	4	11.0	46	1	1	1	8148	1.991666667	0.7827777779999999	0.254166667	0.35	0.0	0.0	0	0.64	2.4	1.32	10.5	0.764323
2940	613	3	0	4	2	2	3	0.0	1	2012	5	10	4	8.25	11	0	0	1	2336	0.589166667	0.1988888889999999	0.356666667	0.0	0.163333333	0.0	0	0.17	0.0	0.39	0.0	0.259804
2957	619	0	0	3	1	6	5	0.0	1	2012	5	10	4	16.5	26	0	1	0	7264	1.726111111	0.555	0.107777778	0.283333333	0.120555556	0.2	2	0.52	0.0	1.29	0.0	0.436432
2967	621	1	0	4	1	1	1	1.0	1	2012	5	10	4	5.0	53	0	1	2	7531	1.775555556	0.4675	0.388611111	0.0	0.3494444439999999	0.183333333	1	0.275	3.0	1.12	0.0	0.0393939
2972	623	1	0	4	1	1	1	1.0	1	2012	5	10	4	7.5	45	0	1	2	2629	0.660555556	0.203333333	0.0505555559999999	0.0	0.316666667	0.0	0	0.156111111	1.5	0.49	0.0	0.460854
2987	625	0	3	3	4	1	1	1.0	1	2012	5	10	4	12.25	35	0	1	1	7572	1.811388889	0.608611111	0.164722222	0.0	0.6647222220000001	0.0	0	0.531944444	1.5	1.44	10.5	0.602611
3006	629	0	1	1	4	6	1	1.0	1	2012	5	10	4	15.5	19	0	0	0	864	0.233055556	0.079444444	0.086944444	0.0	0.163888889	0.0	0	0.0991666669999999	1.5	0.23	10.5	0.302521
3013	630	5	0	3	2	2	3	0.0	1	2012	5	11	5	8.0	12	1	0	1	3182	0.8222222220000001	0.2375	0.3075	0.0	0.125	0.0	0	0.143888889	0.0	0.42	0.0	0.173745
3017	630	7	0	3	2	2	5	0.0	1	2012	5	11	5	8.0	9	0	0	1	3182	0.8222222220000001	0.2375	0.3075	0.0	0.125	0.0	0	0.143888889	0.0	0.42	0.0	0.173745
3031	631	0	12	4	3	1	5	0.0	1	2012	5	11	5	21.33333333	44	1	1	1	566	0.18	0.0633333329999999	0.107777778	0.0	0.033333333	0.0	0	0.0611111109999999	0.0	0.17	0.0	0.2590909999999999
3039	631	3	0	4	2	1	3	0.0	1	2012	5	11	5	8.5	15	0	0	1	834	0.3025	0.114166667	0.205833333	0.0	0.041666667	0.0	0	0.118333333	0.0	0.33	0.0	0.241784
3068	635	1	5	1	3	6	1	1.0	1	2012	5	11	5	19.5	18	1	0	0	1784	0.455	0.1580555559999999	0.4044444439999999	0.0	0.016666667	0.0	0	0.1197222219999999	1.5	0.31	0.0	0.157773
3072	636	0	3	4	3	2	4	0.0	1	2012	5	11	5	14.5	79	0	1	1	5221	1.338333333	0.417777778	0.151944444	0.0	0.25	0.0	0	0.245555556	0.0	1.18	0.0	0.156109
3124	648	0	5	3	4	1	1	1.0	1	2012	5	11	5	16.0	47	0	1	1	4427	1.106944444	0.407222222	0.150277778	0.2166666669999999	0.0	0.1	1	0.496111111	2.9	1.11	10.5	0.828667
3142	652	1	1	4	3	5	1	1.0	1	2012	5	12	6	16.91666667	48	1	1	2	1691	0.399166667	0.1011111109999999	0.0325	0.0	0.103333333	0.0	0	0.0841666669999999	1.5	0.33	0.0	0.376238
3149	654	1	1	3	5	6	3	0.0	1	2012	5	12	6	14.0	12	1	0	0	1070	0.247222222	0.129722222	0.073055556	0.0	0.11	0.0	0	0.1772222219999999	0.0	0.4	0.0	0.432602
3157	656	0	0	3	3	6	5	0.0	1	2012	5	12	6	7.75	65	1	0	0	18985	4.528055556	1.264722222	0.219444444	0.583333333	0.1925	0.234166667	1	0.748055556	0.0	2.67	0.0	0.333457
3166	659	1	3	4	3	6	5	0.0	1	2012	5	12	6	17.0	68	0	1	0	11239	2.713611111	0.757222222	0.1913888889999999	0.0	0.848333333	0.094444444	1	0.6361111110000001	0.0	1.77	0.0	0.333188
3175	661	2	0	3	3	1	1	1.0	1	2012	5	12	6	13.0	19	1	0	1	2592	0.649444444	0.190833333	0.1772222219999999	0.083333333	0.0	0.0	0	0.195833333	1.5	0.52	0.0	0.228369
3192	666	0	2	3	3	6	1	1.0	1	2012	5	13	7	16.75	37	1	0	0	1734	0.465	0.151666667	0.201666667	0.0	0.075	0.0	0	0.122777778	1.5	0.31	0.0	0.0746606
3209	669	0	1	4	3	1	5	0.0	1	2012	5	13	7	19.0	70	1	1	2	14622	3.576666667	1.067777778	0.333611111	0.35	0.0	0.133333333	1	0.7461111109999999	0.0	2.41	0.0	0.507818
3213	670	1	1	2	3	1	5	0.0	1	2012	5	13	7	12.5	47	0	1	2	1359	0.348055556	0.109722222	0.1041666669999999	0.0	0.1041666669999999	0.0	0	0.107777778	0.0	0.27	0.0	0.337629
3238	674	0	3	1	2	6	4	0.5	1	2012	5	14	1	15.25	36	1	0	0	591	0.148333333	0.0358333329999999	0.0608333329999999	0.0	0.04	0.0	0	0.1041666669999999	0.75	0.29	0.0	0.162667
3243	674	2	0	1	2	6	5	0.0	1	2012	5	14	1	8.5	10	1	0	0	591	0.161111111	0.065555556	0.099722222	0.0	0.04	0.0	0	0.0777777779999999	0.0	0.18	0.0	0.225
3249	675	0	2	4	3	1	5	0.0	1	2012	5	14	1	13.0	85	0	1	1	1589	0.448611111	0.1197222219999999	0.1025	0.0	0.157222222	0.0	0	0.080555556	0.0	0.29	0.0	0.0965516999999999
3251	675	0	4	4	3	1	5	0.0	1	2012	5	14	1	15.5	85	0	1	1	7737	1.8725	0.539166667	0.441111111	0.433333333	0.0	0.0	0	0.428055556	0.0	1.36	0.0	0.384166
3280	682	0	1	3	4	6	5	0.0	1	2012	5	14	1	17.0	64	1	0	0	6070	1.549444444	0.5225	0.398611111	0.133333333	0.0875	0.181666667	1	0.403611111	0.0	1.03	0.0	0.271851
3287	683	3	0	3	1	2	1	1.0	1	2012	5	14	1	6.916666667	21	1	0	1	15838	3.674722222	1.109444444	0.318333333	0.466666667	0.0	0.15	1	1.099444444	6.4	2.42	10.5	0.798636
3293	683	4	5	1	4	2	1	1.0	1	2012	5	14	1	16.0	19	0	0	1	393	0.162777778	0.066944444	0.105	0.0	0.033333333	0.0	0	0.076666667	1.5	0.14	10.5	0.478261
3302	685	0	3	3	3	6	1	1.0	1	2012	5	14	1	15.8	41	0	1	0	1589	0.415	0.124166667	0.05	0.0	0.110833333	0.0	0	0.1	1.5	0.27	0.0	0.252778
3303	685	1	0	3	3	6	1	1.0	1	2012	5	14	1	6.5	42	0	0	0	4532	0.996944444	0.316388889	0.103888889	0.0	0.333333333	0.0	0	0.2575	1.5	0.71	0.0	0.605178
3373	698	2	0	3	1	2	1	1.0	1	2012	5	15	2	5.75	55	1	0	1	9720	2.418611111	0.838888889	0.194444444	0.0	0.555277778	0.1555555559999999	1	0.325277778	3.0	1.31	0.0	0.128096
3374	698	2	3	3	1	2	1	1.0	1	2012	5	15	2	16.0	55	1	0	1	9720	2.434444444	0.734722222	0.386944444	0.283333333	0.0	0.0	0	0.4708333329999999	3.6	1.43	0.0	0.297935
3401	704	1	4	3	3	6	1	1.0	1	2012	5	15	2	23.0	32	0	1	0	1620	0.422777778	0.139166667	0.111944444	0.0	0.1775	0.0	0	0.113611111	1.5	0.32	0.0	0.5012220000000001
3405	707	0	0	3	3	6	1	1.0	1	2012	5	15	2	15.0	57	1	1	0	3491	0.954444444	0.310555556	0.2188888889999999	0.0	0.483333333	0.0	0	0.271666667	1.5	0.9	0.0	0.3844579999999999
3417	709	0	0	4	2	1	1	1.0	1	2012	5	16	3	8.75	42	1	1	2	1170	0.323055556	0.082777778	0.149444444	0.0	0.083333333	0.0	0	0.111111111	1.5	0.3	0.0	0.14
3423	709	1	1	3	5	1	1	1.0	1	2012	5	16	3	8.85	42	0	1	2	16148	3.698055556	1.287777778	0.1005555559999999	0.5	0.053055556	0.283333333	2	1.030277778	8.2	2.75	0.0	0.657859
3433	710	0	2	4	4	1	5	0.0	1	2012	5	16	3	13.33333333	68	1	1	1	1616	0.450555556	0.1375	0.187777778	0.0	0.094166667	0.0	0	0.108333333	0.0	0.32	0.0	0.0641026
3436	712	0	1	3	3	6	5	0.0	1	2012	5	16	3	13.5	80	1	0	0	5366	2.550555556	0.773055556	0.214166667	0.416666667	0.2666666669999999	0.283333333	3	0.6788888890000001	0.0	2.46	0.0	0.353519
3441	715	0	0	3	5	6	1	1.0	1	2012	5	16	3	15.5	46	0	0	0	5471	1.273888889	0.410277778	0.049166667	0.0	0.681666667	0.0	0	0.399166667	1.5	0.93	0.0	0.469729
3449	717	0	3	3	1	1	1	1.0	1	2012	5	16	3	16.75	34	1	0	1	8044	1.928055556	0.676666667	0.2641666669999999	0.366666667	0.177777778	0.105555556	1	0.588888889	3.9	1.52	10.5	0.68066
3451	717	1	1	3	1	1	1	1.0	1	2012	5	16	3	18.5	34	0	0	1	7071	1.740277778	0.576666667	0.106111111	0.283333333	0.1580555559999999	0.125277778	1	0.653055556	3.9	1.56	0.0	0.84262
3463	720	0	1	1	3	1	1	0.0	1	2012	5	16	3	12.0	31	0	1	1	455	0.113888889	0.023888889	0.0586111109999999	0.0	0.029166667	0.0	0	0.036111111	0.0	0.09	0.0	0.3153849999999999
3479	727	0	4	4	5	1	5	0.0	1	2012	5	17	4	16.25	55	1	1	2	6661	1.582222222	0.553333333	0.130277778	0.0	0.5825	0.0	0	0.485555556	0.0	1.31	0.0	0.345538
3486	729	0	0	4	3	1	5	0.0	1	2012	5	17	4	15.0	71	1	1	2	1432	0.365	0.115277778	0.074444444	0.0	0.100277778	0.0	0	0.078055556	0.0	0.24	0.0	0.149466
3504	733	2	0	3	4	1	1	1.0	1	2012	5	17	4	8.25	27	0	1	1	3966	0.994444444	0.318333333	0.039166667	0.0	0.412777778	0.091388889	1	0.2847222219999999	3.0	0.8	0.0	0.657561
3505	733	2	1	3	4	1	1	1.0	1	2012	5	17	4	16.16666667	27	0	1	1	3966	0.991666667	0.315	0.056944444	0.0	0.414722222	0.140277778	1	0.324444444	3.0	0.82	0.0	0.555651
3512	736	0	0	3	3	6	5	0.0	1	2012	5	17	4	10.0	68	1	0	0	1367	0.4325	0.141388889	0.151944444	0.0	0.085	0.0	0	0.1325	0.0	0.31	0.0	0.178197
3516	737	2	0	3	1	6	1	1.0	1	2012	5	17	4	6.5	50	0	1	0	12339	2.9930555560000003	0.933611111	0.183333333	0.3833333329999999	0.194166667	0.108611111	1	0.749722222	4.8	2.16	0.0	0.607262
3526	740	0	1	4	1	1	1	1.0	1	2012	5	17	4	9.5	38	0	1	1	890	0.2397222219999999	0.068333333	0.203611111	0.0	0.033333333	0.0	0	0.0847222219999999	1.5	0.23	0.0	0.340984
3537	742	2	1	2	1	6	1	1.0	1	2012	5	17	4	20.0	28	0	1	0	8644	2.123333333	0.744166667	0.124166667	0.316666667	0.183333333	0.1166666669999999	1	0.576944444	3.9	1.47	0.0	0.700048
3538	743	0	0	3	4	1	1	1.0	1	2012	5	17	4	10.0	48	0	1	2	4163	0.970555556	0.380833333	0.1325	0.2	0.0	0.0	0	0.421388889	2.4	0.95	10.5	0.550428
3545	746	0	1	3	2	1	4	1.0	1	2012	5	18	5	12.0	21	1	0	1	11297	2.761666667	0.906666667	0.127777778	0.433333333	0.1186111109999999	0.166666667	2	0.748611111	3.35	2.08	10.5	0.484972
3546	746	0	2	4	4	1	4	1.0	1	2012	5	18	5	14.0	21	1	0	1	11400	2.9425	0.890277778	0.295	0.0	0.918888889	0.3	2	0.531388889	4.5	1.99	0.0	0.318348
3547	747	0	0	4	2	1	1	1.0	1	2012	5	18	5	8.5	31	1	0	1	676	0.268333333	0.082222222	0.193055556	0.0	0.033333333	0.0	0	0.079444444	1.5	0.22	0.0	0.0454545
3568	748	0	5	4	3	1	1	1.0	1	2012	5	18	5	18.25	52	0	1	2	1503	0.381944444	0.1047222219999999	0.255	0.0	0.025555556	0.0	0	0.069166667	1.5	0.25	0.0	0.253012
3578	748	2	0	4	2	1	1	0.0	1	2012	5	18	5	13.0	18	1	0	2	4772	1.298333333	0.376666667	0.341666667	0.0	0.363333333	0.0	0	0.2325	0.0	0.81	0.0	0.168459
3584	749	0	2	4	4	1	5	0.0	1	2012	5	18	5	16.0	65	0	1	2	17886	4.110555556	1.1319444440000002	0.361111111	0.0	0.968055556	0.298888889	2	0.6180555560000001	0.0	2.48	0.0	0.315506
3598	752	1	2	1	3	6	5	0.0	1	2012	5	18	5	15.0	62	0	0	0	459	0.138888889	0.039166667	0.0872222219999999	0.0	0.016666667	0.0	0	0.041666667	0.0	0.1	0.0	0.04
3600	752	1	5	1	3	6	5	0.0	1	2012	5	18	5	21.5	62	0	0	0	459	0.1411111109999999	0.048333333	0.094722222	0.0	0.006111111	0.0	0	0.0427777779999999	0.0	0.1	0.0	0.0
3615	755	0	0	1	3	6	4	0.5	1	2012	5	18	5	13.0	22	1	0	0	506	0.1425	0.052222222	0.041111111	0.0	0.055555556	0.0	0	0.093055556	0.75	0.18	0.0	0.6477609999999999
3684	768	0	3	4	3	1	1	1.0	1	2012	5	19	6	19.75	28	0	1	1	665	0.224166667	0.081666667	0.134444444	0.0	0.023611111	0.0	0	0.058333333	1.5	0.16	0.0	0.109524
3713	774	0	0	3	4	1	4	1.0	1	2012	5	19	6	7.083333333	30	1	1	1	6565	1.753888889	0.627222222	0.2047222219999999	0.016666667	0.2166666669999999	0.15	1	0.288888889	2.5	1.22	0.0	0.291346
3751	779	0	1	4	5	1	1	1.0	1	2012	5	19	6	10.25	45	0	1	2	3001	0.7180555559999999	0.250277778	0.4513888889999999	0.0	0.110833333	0.0	0	0.1625	1.5	0.64	0.0	0.0717949
3754	780	1	0	4	3	1	1	1.0	1	2012	5	19	6	11.0	41	0	1	1	666	0.1938888889999999	0.066111111	0.080277778	0.0	0.0375	0.0	0	0.061944444	1.5	0.15	0.0	0.0403587
3756	780	2	0	3	3	1	1	0.0	1	2012	5	19	6	13.0	19	1	0	1	10694	2.523055556	0.856666667	0.291388889	0.5166666670000001	0.0	0.1	1	0.665277778	4.09	2.16	0.0	0.7411270000000001
3804	788	0	2	4	3	1	1	1.0	1	2012	5	20	7	14.0	33	1	1	1	1870	0.512222222	0.183055556	0.2638888889999999	0.05	0.0	0.0	0	0.186111111	1.5	0.46	0.0	0.441791
3807	788	1	1	3	4	1	1	1.0	1	2012	5	20	7	13.5	40	0	1	1	8428	1.903888889	0.714722222	0.264722222	0.283333333	0.0	0.0	0	0.558333333	2.4	1.75	0.0	0.697512
3812	789	1	2	4	5	1	1	1.0	1	2012	5	20	7	13.0	50	0	1	1	1722	0.516388889	0.1575	0.056944444	0.0	0.255555556	0.0	0	0.195277778	1.5	0.49	0.0	0.267425
3819	789	3	3	4	3	1	1	1.0	1	2012	5	20	7	15.0	63	1	0	1	7793	2.068055556	0.7194444440000001	0.203611111	0.0	0.852777778	0.173333333	1	0.385555556	3.0	1.45	0.0	0.455331
3830	792	0	4	4	3	1	1	1.0	1	2012	5	20	7	19.03333333	38	1	1	1	1728	0.45	0.1580555559999999	0.133055556	0.0	0.120277778	0.0	0	0.135833333	1.5	0.38	0.0	0.0306748
3837	792	3	0	3	3	1	5	0.0	1	2012	5	20	7	13.0	6	1	0	1	15567	3.6175	1.03	0.225833333	0.2666666669999999	0.1541666669999999	0.182222222	2	0.7769444440000001	0.0	2.45	0.0	0.389703
3867	799	1	0	4	3	1	5	0.0	1	2012	5	21	1	13.5	73	1	1	2	2785	0.7755555559999999	0.1975	0.148055556	0.0	0.171111111	0.0	0	0.146111111	0.0	0.5	0.0	0.0931559
3868	799	1	1	4	5	1	5	0.0	1	2012	5	21	1	13.83333333	73	1	1	2	7366	1.961944444	0.660555556	0.170833333	0.0	0.366666667	0.0	0	0.255	0.0	1.28	0.0	0.159041
3879	800	1	3	4	3	1	1	1.0	1	2012	5	21	1	20.75	48	1	1	2	2353	0.607777778	0.187222222	0.221111111	0.0	0.083333333	0.0	0	0.143055556	1.5	0.44	0.0	0.219417
3908	804	3	3	4	3	1	5	0.0	1	2012	5	21	1	17.5	6	0	0	1	1803	0.499444444	0.178888889	0.241388889	0.0	0.1	0.0	0	0.125833333	0.0	0.35	0.0	0.0706401999999999
3924	807	1	1	4	5	2	1	1.0	1	2012	5	21	1	12.0	59	1	0	1	4035	1.071111111	0.2875	0.138611111	0.0	0.43	0.0	0	0.160833333	1.5	0.57	0.0	0.170984
3944	810	0	5	4	1	5	1	1.0	1	2012	5	21	1	15.16666667	37	0	1	1	6133	1.5897222219999998	0.446111111	0.369722222	0.333333333	0.0	0.066666667	1	0.363333333	1.5	1.65	0.0	0.398318
3968	815	2	0	3	2	2	4	0.0	1	2012	5	22	2	6.666666667	18	1	0	1	7872	1.861944444	0.596388889	0.4119444439999999	0.25	0.0	0.0	0	0.4119444439999999	1.65	1.22	0.0	0.25354
3972	816	1	0	3	1	1	1	1.0	1	2012	5	22	2	8.0	51	0	1	1	6897	1.706944444	0.4927777779999999	0.189722222	0.183333333	0.041666667	0.133333333	1	0.439166667	3.2	1.28	0.0	0.599621
3987	819	0	0	1	3	6	1	1.0	1	2012	5	22	2	9.5	27	1	1	0	1512	0.3877777779999999	0.131388889	0.24	0.0	0.039166667	0.0	0	0.140277778	1.5	0.31	0.0	0.221782
4003	822	1	2	3	3	6	5	0.0	1	2012	5	22	2	11.16666667	74	1	0	0	1333	0.369166667	0.161388889	0.101944444	0.0	0.158333333	0.0	0	0.1425	0.0	0.31	0.0	0.516569
4016	827	0	1	1	3	6	5	0.0	1	2012	5	22	2	13.25	76	0	0	0	980	0.275277778	0.103888889	0.194722222	0.033333333	0.0	0.0	0	0.125833333	0.0	0.28	0.0	0.483444
4071	838	1	0	4	1	2	1	1.0	1	2012	5	23	3	7.0	30	0	1	2	5101	1.318333333	0.486388889	0.176388889	0.0	0.449722222	0.068333333	1	0.325833333	3.0	0.8	0.0	0.293265
4076	840	1	0	1	3	6	1	1.0	1	2012	5	23	3	10.0	33	0	0	0	596	0.224444444	0.063888889	0.130833333	0.0	0.029166667	0.0	0	0.055833333	1.5	0.15	0.0	0.124378
4079	841	1	1	3	1	2	1	1.0	1	2012	5	23	3	18.0	51	1	1	1	2970	0.742777778	0.268055556	0.122777778	0.2166666669999999	0.0	0.0	0	0.225	1.5	0.47	0.0	0.393827
4111	844	0	3	3	1	1	1	1.0	1	2012	5	23	3	18.0	48	1	1	1	4855	1.115555556	0.371666667	0.129444444	0.0	0.375	0.0	0	0.354166667	1.5	0.89	10.5	0.803922
4124	846	0	0	4	1	1	1	1.0	1	2012	5	23	3	7.833333333	36	0	1	2	3924	0.958888889	0.306944444	0.099444444	0.066666667	0.125	0.133333333	1	0.306111111	3.2	0.78	0.0	0.396552
4164	854	0	0	4	3	2	1	1.0	1	2012	5	23	3	9.5	36	1	1	1	747	0.225277778	0.061666667	0.090555556	0.0	0.05	0.0	0	0.063055556	1.5	0.14	0.0	0.0396476
4182	857	2	0	3	2	2	3	0.0	1	2012	5	24	4	7.5	14	0	0	1	1096	0.531944444	0.147777778	0.3363888889999999	0.0	0.065	0.0	0	0.1041666669999999	0.0	0.3	0.0	0.0453333
4196	861	0	1	3	3	1	1	1.0	1	2012	5	24	4	10.66666667	57	1	0	1	782	0.205833333	0.052222222	0.055277778	0.0	0.044444444	0.0	0	0.056388889	1.5	0.15	0.0	0.369458
4198	861	0	3	3	5	1	1	1.0	1	2012	5	24	4	12.83333333	57	1	0	1	7234	1.563055556	0.418333333	0.073333333	0.0	0.508611111	0.0	0	0.478055556	1.5	1.21	0.0	0.353283
4200	861	1	0	4	1	1	1	1.0	1	2012	5	24	4	7.5	22	1	1	1	7729	1.7883333330000002	0.458611111	0.132777778	0.25	0.0	0.166666667	1	0.536111111	2.4	1.65	0.0	0.58601
4213	864	1	0	3	1	1	1	1.0	1	2012	5	24	4	8.0	39	0	1	1	5610	1.317777778	0.508611111	0.153611111	0.1166666669999999	0.354166667	0.108333333	1	0.500833333	7.0	1.18	0.0	0.600666
4215	864	1	2	1	5	1	1	1.0	1	2012	5	24	4	13.33333333	39	0	1	1	633	0.15	0.049444444	0.032222222	0.0	0.052777778	0.0	0	0.061388889	1.5	0.13	0.0	0.8416290000000001
4262	877	0	2	3	4	6	1	1.0	1	2012	5	25	5	12.25	49	1	0	0	3632	0.894444444	0.245833333	0.1475	0.0	0.253611111	0.0	0	0.2319444439999999	1.5	0.68	0.0	0.31018
4263	877	0	3	3	4	6	1	1.0	1	2012	5	25	5	18.0	49	1	0	0	3632	0.898055556	0.274444444	0.1775	0.283333333	0.0	0.0	0	0.296111111	1.5	0.73	0.0	0.382739
4264	877	1	0	3	2	6	2	0.0	1	2012	5	25	5	7.25	17	1	0	0	8104	1.965277778	0.5658333329999999	0.256111111	0.5166666670000001	0.0	0.1166666669999999	1	0.416388889	1.25	1.22	0.0	0.3522349999999999
4282	878	2	0	3	3	1	2	0.0	1	2012	5	25	5	12.0	17	1	0	1	4231	1.011944444	0.293888889	0.1422222219999999	0.0	0.4427777779999999	0.0	0	0.268333333	0.0	0.78	0.0	0.308489
4294	880	0	3	1	3	6	1	0.5	1	2012	5	25	5	20.5	58	1	0	0	556	0.254166667	0.079166667	0.1863888889999999	0.0	0.013055556	0.0	0	0.090833333	0.75	0.21	0.0	0.146789
4325	885	3	3	1	3	1	3	0.0	1	2012	5	25	5	20.0	15	0	0	1	369	0.1422222219999999	0.0325	0.0825	0.0	0.033333333	0.0	0	0.055277778	0.0	0.12	0.0	0.0653266
4336	887	1	3	1	3	1	1	1.0	1	2012	5	25	5	21.0	48	0	1	1	530	0.134444444	0.055555556	0.118333333	0.0	0.015	0.0	0	0.045277778	1.5	0.11	0.0	0.0245399
4371	894	1	0	1	3	1	1	1.0	1	2012	5	26	6	11.5	37	0	1	1	1153	0.308888889	0.13	0.146666667	0.0	0.073055556	0.0	0	0.094444444	1.5	0.24	0.0	0.335294
4413	901	1	0	4	3	1	1	1.0	1	2012	5	26	6	14.0	31	1	0	1	3517	1.051388889	0.322777778	0.119444444	0.0	0.366111111	0.0	0	0.2444444439999999	1.5	0.85	0.0	0.184091
4415	902	0	4	3	3	6	1	1.0	1	2012	5	26	6	15.33333333	34	0	1	0	3091	0.879166667	0.2775	0.081111111	0.0	0.342777778	0.086944444	1	0.175833333	3.0	0.57	0.0	0.1358609999999999
4437	905	1	0	3	3	2	1	1.0	1	2012	5	26	6	12.0	38	1	1	1	3735	0.908055556	0.292777778	0.156111111	0.066666667	0.099722222	0.1	1	0.2847222219999999	3.4	0.58	0.0	0.3921949999999999
4453	909	0	1	4	3	1	1	1.0	1	2012	5	27	7	17.66666667	49	0	1	1	1799	0.4683333329999999	0.1541666669999999	0.128055556	0.0	0.1694444439999999	0.0	0	0.140833333	1.5	0.41	0.0	0.0887574
4479	915	0	1	1	3	3	1	1.0	1	2012	5	27	7	8.266666667	45	1	1	2	543	0.165555556	0.049722222	0.098333333	0.0	0.0258333329999999	0.0	0	0.064444444	1.5	0.18	0.0	0.25431
4494	917	1	4	2	1	1	1	1.0	1	2012	5	27	7	20.75	53	0	1	1	7532	1.814444444	0.6002777779999999	0.200277778	0.0	0.566666667	0.0	0	0.476111111	1.5	1.37	0.0	0.458576
4497	917	2	2	4	5	1	5	0.0	1	2012	5	27	7	13.33333333	7	1	0	1	6206	1.504444444	0.4458333329999999	0.256111111	0.083333333	0.228055556	0.0775	1	0.3827777779999999	0.0	1.12	0.0	0.43106
4529	926	0	0	4	1	1	1	1.0	1	2012	5	28	1	7.916666667	32	1	1	2	2331	0.6375	0.195	0.250277778	0.0	0.133333333	0.0	0	0.1325	1.5	0.41	0.0	0.138365
4545	930	0	1	1	5	6	5	0.0	1	2012	5	28	1	14.0	71	1	1	0	302	0.069722222	0.0252777779999999	0.046944444	0.0	0.025	0.0	0	0.019166667	0.0	0.05	0.0	0.144928
4549	931	0	1	4	3	2	1	1.0	1	2012	5	28	1	10.0	77	0	1	1	730	0.250277778	0.078333333	0.135555556	0.0	0.020833333	0.0	0	0.075555556	1.5	0.16	0.0	0.0294118
4600	939	1	1	3	2	6	3	0.0	1	2012	5	28	1	15.5	14	1	0	0	1515	0.396666667	0.137222222	0.275277778	0.05	0.0	0.0	0	0.138888889	0.75	0.33	0.0	0.27
4614	941	1	0	3	2	6	5	0.0	1	2012	5	28	1	8.0	9	1	0	0	3153	0.7511111109999999	0.298611111	0.098611111	0.0	0.182222222	0.095833333	1	0.185555556	0.0	0.5	0.0	0.314371
4639	947	0	1	4	4	5	1	1.0	1	2012	5	29	2	7.25	42	0	1	2	1384	0.382222222	0.1172222219999999	0.1925	0.0	0.260833333	0.0	0	0.1275	1.5	0.41	0.0	0.176471
4647	947	3	1	3	2	2	3	0.0	1	2012	5	29	2	15.5	12	0	0	2	2634	0.728888889	0.2163888889999999	0.1472222219999999	0.0	0.286111111	0.0	0	0.1722222219999999	0.0	0.47	0.0	0.1290319999999999
4663	950	1	1	3	3	1	1	1.0	1	2012	5	29	2	16.66666667	26	1	0	1	1204	0.315277778	0.132222222	0.044166667	0.0	0.1422222219999999	0.0	0	0.1175	1.5	0.34	0.0	0.0992908
4704	961	1	0	4	1	1	1	1.0	1	2012	5	29	2	6.25	59	0	1	2	11386	2.663333333	0.7586111109999999	0.222777778	0.466666667	0.1625	0.070833333	1	0.540555556	5.1	1.91	0.0	0.309866
4709	963	0	4	4	3	2	1	1.0	1	2012	5	29	2	22.83333333	43	1	1	1	2525	0.651666667	0.226111111	0.109722222	0.0	0.1838888889999999	0.091666667	1	0.161666667	3.0	0.42	0.0	0.243986
4753	972	0	5	3	3	6	1	1.0	1	2012	5	30	3	12.25	58	1	0	0	3279	0.7536111109999999	0.231666667	0.268611111	0.083333333	0.0	0.0	0	0.252222222	1.5	0.58	0.0	0.405286
4789	977	2	2	4	4	1	1	1.0	1	2012	5	30	3	15.0	23	0	1	1	10600	2.5502777780000003	0.818888889	0.368611111	0.3833333329999999	0.0	0.0	0	0.7113888890000001	2.29	2.0	10.5	0.436158
4905	1002	0	6	4	5	1	5	0.0	1	2012	5	31	4	18.0	81	0	1	2	2000	0.617777778	0.208611111	0.207777778	0.0	0.2	0.0	0	0.204166667	0.0	0.58	0.0	0.482993
4915	1003	1	0	4	3	6	3	0.0	1	2012	5	31	4	14.0	12	1	0	0	2415	0.6033333329999999	0.203333333	0.187222222	0.0	0.096388889	0.0	0	0.111111111	0.0	0.35	0.0	0.1325
4924	1005	2	1	3	4	1	1	1.0	1	2012	5	31	4	23.25	33	0	1	1	12985	3.027777778	1.013888889	0.240833333	0.3	0.166666667	0.133333333	1	0.711944444	3.9	2.17	0.0	0.5485760000000001
4938	1009	0	1	3	3	6	1	1.0	1	2012	5	31	4	12.0	67	0	1	0	3898	0.984166667	0.362222222	0.156111111	0.4	0.0	0.083333333	1	0.330833333	2.4	0.76	0.0	0.368598
4941	1010	1	0	3	1	6	1	1.0	1	2012	5	31	4	7.5	57	1	0	0	1554	0.3877777779999999	0.137222222	0.162777778	0.083333333	0.0	0.0	0	0.1747222219999999	2.4	0.39	0.0	0.438792
4947	1012	0	5	3	3	6	1	1.0	1	2012	6	1	5	22.5	34	0	0	0	9404	2.320555556	0.7769444440000001	0.173055556	0.333333333	0.042222222	0.133333333	1	0.614722222	4.3	1.53	0.0	0.5002260000000001
4957	1016	1	1	4	3	1	1	1.0	1	2012	6	1	5	0.5	50	0	1	2	1893	0.643055556	0.1891666669999999	0.121944444	0.0	0.268611111	0.2166666669999999	1	0.1180555559999999	3.0	0.48	0.0	0.0682353
4973	1019	1	0	1	2	6	4	0.0	1	2012	6	1	5	10.0	18	1	0	0	961	0.251666667	0.111388889	0.106944444	0.0	0.05	0.0	0	0.0711111109999999	0.0	0.21	0.0	0.210938
4988	1022	0	2	3	3	1	1	1.0	1	2012	6	1	5	22.5	39	0	1	2	11956	2.995833333	0.863888889	0.126388889	0.416666667	0.108888889	0.2	2	0.6658333329999999	4.3	2.1	0.0	0.564038
4991	1023	2	0	4	3	2	1	1.0	1	2012	6	1	5	11.0	27	0	1	1	4369	1.0455555559999998	0.340277778	0.105555556	0.05	0.2216666669999999	0.083333333	1	0.255833333	3.0	0.65	0.0	0.256243
5047	1036	0	1	4	5	1	1	1.0	1	2012	6	4	1	13.0	34	0	1	1	6477	1.595555556	0.514444444	0.108888889	0.1166666669999999	0.216111111	0.083333333	1	0.423611111	3.0	1.26	0.0	0.433443
5052	1036	1	2	4	5	1	1	1.0	1	2012	6	4	1	17.0	24	1	0	1	14315	3.535277778	0.989444444	0.174166667	0.5	0.0	0.25	2	0.6777777779999999	3.0	2.6	0.0	0.543033
5059	1038	0	2	4	3	1	1	1.0	1	2012	6	4	1	11.25	32	0	1	1	1369	0.3444444439999999	0.083888889	0.067777778	0.05	0.0	0.0	0	0.120555556	1.9	0.32	0.0	0.322581
5073	1042	0	6	4	4	5	1	1.0	1	2012	6	4	1	2.0	56	0	1	1	5007	1.160277778	0.320555556	0.063611111	0.0	0.4425	0.1191666669999999	1	0.238611111	3.0	1.01	0.0	0.222352
5118	1049	2	0	4	3	1	4	0.5	1	2012	6	5	2	20.5	19	1	0	2	2841	0.6525	0.1975	0.0502777779999999	0.0	0.192777778	0.0	0	0.1425	0.75	0.51	0.0	0.189084
5127	1051	0	1	1	3	1	1	1.0	1	2012	6	5	2	17.5	50	0	1	2	1028	0.295	0.11	0.108055556	0.0	0.124722222	0.0	0	0.142777778	1.5	0.38	0.0	0.247082
5135	1054	0	0	3	3	6	1	1.0	1	2012	6	5	2	12.5	58	0	1	0	6263	1.5566666669999998	0.512777778	0.129722222	0.0	0.728888889	0.0	0	0.513333333	1.5	1.24	0.0	0.685606
5144	1056	0	4	4	5	5	1	1.0	1	2012	6	6	3	11.25	35	1	1	2	5376	1.32	0.4769444439999999	0.066944444	0.0	0.368055556	0.167777778	1	0.245277778	3.0	1.12	0.0	0.0792751999999999
5148	1056	4	4	4	5	1	5	0.0	1	2012	6	6	3	11.25	7	0	0	2	5376	1.32	0.4769444439999999	0.066944444	0.0	0.368055556	0.167777778	1	0.245277778	0.0	0.87	0.0	0.0792751999999999
5166	1060	0	2	4	5	1	1	1.0	1	2012	6	6	3	12.16666667	49	0	1	1	813	0.217222222	0.070833333	0.137777778	0.0	0.030555556	0.0	0	0.059166667	1.5	0.16	0.0	0.201878
5175	1060	1	3	4	5	1	1	1.0	1	2012	6	6	3	12.75	44	1	1	1	3388	0.818333333	0.269444444	0.169722222	0.2666666669999999	0.0	0.0	0	0.240555556	1.5	0.7	0.0	0.382217
5179	1060	1	9	4	3	1	1	1.0	1	2012	6	6	3	20.33333333	44	1	1	1	2789	0.6527777779999999	0.225	0.067777778	0.166666667	0.0	0.0	0	0.143055556	1.5	0.42	0.0	0.0932038999999999
5194	1060	4	6	4	3	1	5	0.0	1	2012	6	6	3	22.0	7	0	0	1	16845	4.173333333	1.289444444	0.1794444439999999	0.55	0.341666667	0.2625	2	0.689444444	0.0	2.95	0.0	0.241338
5201	1062	1	0	4	4	2	1	1.0	1	2012	6	6	3	7.5	36	1	1	2	4557	1.236388889	0.427222222	0.1225	0.0	0.5	0.133333333	1	0.278055556	3.0	0.82	0.0	0.350649
5205	1062	2	0	4	3	2	2	0.0	1	2012	6	6	3	13.5	16	1	0	2	3924	0.995555556	0.322222222	0.045	0.0	0.383611111	0.096944444	1	0.23	0.0	0.68	0.0	0.283816
5230	1068	1	1	4	5	1	1	1.0	1	2012	6	6	3	13.08333333	49	0	1	2	2150	0.490555556	0.138055556	0.088055556	0.0	0.129722222	0.0	0	0.106944444	1.5	0.33	0.0	0.21039
5246	1071	0	2	4	5	1	1	1.0	1	2012	6	7	4	11.91666667	49	1	1	2	1332	0.301111111	0.088888889	0.127222222	0.0	0.0705555559999999	0.0	0	0.095555556	1.5	0.27	0.0	0.148256
5251	1072	0	0	4	4	1	1	1.0	1	2012	6	7	4	7.25	43	0	1	2	9143	2.148055556	0.733888889	0.1772222219999999	0.0	0.6941666670000001	0.1166666669999999	1	0.483611111	3.0	1.51	0.0	0.226881
5253	1072	0	3	4	1	1	1	1.0	1	2012	6	7	4	19.58333333	43	0	1	2	380	0.09	0.027222222	0.068333333	0.0	0.0144444439999999	0.0	0	0.0233333329999999	1.5	0.07	0.0	0.107143
5273	1079	0	1	3	3	6	1	1.0	1	2012	6	7	4	12.5	36	1	1	0	1572	0.4825	0.179166667	0.1525	0.0	0.111111111	0.0	0	0.1447222219999999	1.5	0.32	0.0	0.199616
5278	1080	0	4	4	5	2	1	1.0	1	2012	6	7	4	16.5	45	1	1	2	6240	1.541944444	0.486944444	0.554722222	0.15	0.0	0.0	0	0.406388889	2.1	0.94	0.0	0.579631
5300	1082	2	3	3	3	1	3	0.0	1	2012	6	7	4	21.91666667	12	0	0	1	9095	2.2008333330000003	0.730833333	0.365555556	0.4	0.0	0.0	0	0.636388889	0.75	1.69	0.0	0.584024
5306	1083	2	0	2	4	2	2	0.0	1	2012	6	7	4	20.88333333	17	0	0	2	1710	0.435833333	0.147777778	0.131111111	0.0	0.090555556	0.0	0	0.084444444	0.0	0.25	0.0	0.00657895
5319	1087	0	0	3	3	1	1	1.0	1	2012	6	7	4	11.0	39	1	1	1	15075	3.442777778	1.333888889	0.319722222	0.45	0.0	0.1	1	1.111666667	2.8	3.02	0.0	0.63968
5335	1091	1	0	3	1	1	1	1.0	1	2012	6	7	4	6.5	49	0	1	1	22843	5.461944443999999	1.768055556	0.0577777779999999	0.7	0.48	0.233333333	2	1.140833333	6.9	3.86	0.0	0.668371
5360	1096	1	3	4	4	1	1	1.0	1	2012	6	7	4	12.18333333	50	0	1	1	11124	2.581944444	0.869166667	0.354722222	0.4	0.0	0.1	1	0.8058333329999999	2.4	2.12	0.0	0.736643
5413	1102	1	2	3	3	6	1	1.0	1	2012	6	8	5	19.25	54	0	0	0	2376	0.5902777779999999	0.180833333	0.075555556	0.0	0.246666667	0.0	0	0.16	1.5	0.4	0.0	0.326389
5416	1102	3	0	3	3	6	3	0.0	1	2012	6	8	5	13.5	15	1	0	0	1868	0.468888889	0.137222222	0.148333333	0.0	0.093888889	0.0	0	0.132777778	0.0	0.34	0.0	0.313808
5428	1106	0	1	3	3	6	1	1.0	1	2012	6	8	5	17.5	33	1	1	0	6121	1.4102777780000002	0.4925	0.075555556	0.166666667	0.209166667	0.090833333	1	0.495833333	3.2	1.19	0.0	0.645378
5433	1107	0	0	3	3	6	1	1.0	1	2012	6	8	5	14.0	28	0	0	0	5612	1.416388889	0.4402777779999999	0.142777778	0.083333333	0.200555556	0.2	1	0.481111111	3.0	1.33	0.0	0.426674
5511	1127	0	8	4	5	2	1	1.0	1	2012	6	9	6	17.25	36	0	1	1	2017	0.515	0.117777778	0.207777778	0.0	0.2044444439999999	0.0	0	0.131944444	1.5	0.32	0.0	0.185263
5544	1132	0	9	4	3	1	1	1.0	1	2012	6	10	7	16.33333333	41	1	1	1	1957	0.495555556	0.148055556	0.164444444	0.0	0.0975	0.0	0	0.118888889	1.5	0.36	0.0	0.156542
5559	1133	0	1	4	3	1	1	1.0	1	2012	6	10	7	12.75	47	1	1	1	1216	0.303333333	0.075277778	0.091666667	0.0	0.033333333	0.0	0	0.0633333329999999	1.5	0.2	0.0	0.333333
5604	1145	0	0	4	3	2	1	1.0	1	2012	6	11	1	6.416666667	52	0	1	1	7458	1.7725	0.538611111	0.111944444	0.35	0.195277778	0.166666667	2	0.4513888889999999	4.0	1.15	0.0	0.4129229999999999
5610	1146	1	0	4	4	6	1	1.0	1	2012	6	11	1	17.0	28	0	0	0	19348	4.335833333	1.378888889	0.2944444439999999	0.333333333	0.6	0.1	1	1.062777778	4.3	3.0	10.5	0.618923
5630	1152	0	1	4	5	1	5	0.0	1	2012	6	11	1	18.0	63	0	1	2	9227	2.200277778	0.651944444	0.406111111	0.283333333	0.0	0.083333333	1	0.533888889	0.0	1.62	0.0	0.455255
5638	1154	0	1	4	3	1	1	1.0	1	2012	6	11	1	13.5	59	0	1	1	4715	1.140833333	0.365555556	0.136111111	0.1166666669999999	0.058333333	0.1	1	0.242777778	3.0	0.79	0.0	0.248284
5639	1154	0	2	3	3	1	1	1.0	1	2012	6	11	1	16.33333333	59	0	1	1	11390	2.6783333330000003	0.8652777779999999	0.3263888889999999	0.35	0.0	0.0	0	0.646944444	2.8	2.32	10.5	0.5225420000000001
5649	1155	0	2	4	2	2	1	1.0	1	2012	6	11	1	15.08333333	41	0	1	2	1753	0.418055556	0.108888889	0.160555556	0.0	0.114166667	0.0	0	0.1041666669999999	1.5	0.25	0.0	0.0
5652	1155	0	5	4	3	2	1	1.0	1	2012	6	11	1	21.0	41	0	1	2	1012	0.431388889	0.110833333	0.145	0.0	0.1	0.0	0	0.1166666669999999	1.5	0.29	0.0	0.0047619
5659	1156	0	2	4	5	1	1	1.0	1	2012	6	11	1	13.25	57	1	1	2	2644	0.651111111	0.2575	0.140555556	0.0	0.149722222	0.0	0	0.160833333	1.5	0.6	0.0	0.373057
5663	1158	0	0	3	1	2	1	1.0	1	2012	6	11	1	7.5	54	0	1	2	9574	2.222777778	0.7152777779999999	0.163888889	0.25	0.310555556	0.1166666669999999	1	0.703611111	4.4	1.45	10.5	0.754836
5668	1158	1	3	4	3	2	1	1.0	1	2012	6	11	1	11.91666667	51	1	1	2	696	0.171666667	0.061944444	0.0725	0.0	0.064444444	0.0	0	0.038333333	1.5	0.1	0.0	0.449275
5690	1161	2	0	3	4	1	1	1.0	1	2012	6	12	2	6.5	29	0	0	1	19647	4.523333333	1.400833333	0.1075	0.6	0.1	0.2666666669999999	3	1.040833333	6.2	3.2	10.5	0.658927
5693	1162	0	1	1	5	1	1	1.0	1	2012	6	12	2	16.0	59	1	1	1	1903	0.407222222	0.1411111109999999	0.066388889	0.0	0.134166667	0.0	0	0.16	1.5	0.46	0.0	0.302083
5695	1162	1	0	4	4	1	5	0.0	1	2012	6	12	2	6.5	64	0	1	1	13936	3.346944444	0.973055556	0.266111111	0.6	0.0	0.1	1	0.65	0.0	2.48	0.0	0.414103
5699	1163	1	3	1	3	6	1	1.0	1	2012	6	12	2	12.5	39	0	0	0	2156	0.5741666670000001	0.182222222	0.1963888889999999	0.0	0.1266666669999999	0.0	0	0.124722222	1.5	0.38	0.0	0.131403
5718	1167	1	0	4	3	1	1	1.0	1	2012	6	12	2	16.83333333	24	1	1	1	972	0.231111111	0.071944444	0.079444444	0.0	0.059166667	0.0	0	0.090555556	1.5	0.21	0.0	0.0490798
5725	1168	0	1	3	3	6	5	0.0	1	2012	6	12	2	17.0	75	1	0	0	3069	0.8169444440000001	0.291666667	0.1844444439999999	0.0	0.298333333	0.0	0	0.249722222	0.0	0.58	0.0	0.210234
5741	1171	2	1	4	4	1	1	1.0	1	2012	6	12	2	16.5	19	0	0	2	8363	2.003333333	0.71	0.159722222	0.0	0.968333333	0.0	0	0.530555556	1.5	1.65	0.0	0.548691
5743	1172	0	0	1	3	6	1	1.0	1	2012	6	12	2	12.25	41	1	0	0	536	0.126111111	0.029722222	0.068333333	0.0	0.016111111	0.0	0	0.030555556	1.5	0.08	0.0	0.363636
5766	1177	1	1	4	1	1	1	1.0	1	2012	6	12	2	18.5	40	0	1	2	9227	2.063611111	0.7294444440000001	0.152777778	0.3	0.093333333	0.083333333	1	0.513055556	4.4	1.6	0.0	0.700596
5779	1182	0	0	3	3	6	5	0.0	1	2012	6	12	2	8.75	73	0	0	0	3156	0.904166667	0.271666667	0.150555556	0.0	0.333333333	0.0	0	0.289166667	0.0	0.65	0.0	0.466859
5817	1191	1	3	3	3	1	5	0.0	1	2012	6	13	3	14.0	32	1	1	2	3476	0.78	0.2094444439999999	0.1155555559999999	0.0	0.23	0.0	0	0.193333333	0.0	0.55	0.0	0.238506
5828	1192	2	0	4	2	1	5	0.0	1	2012	6	13	3	8.0	10	1	0	1	1376	0.389444444	0.1255555559999999	0.31	0.0	0.019166667	0.0	0	0.082222222	0.0	0.25	0.0	0.0878378
5850	1196	2	0	1	2	2	5	0.0	1	2012	6	13	3	8.5	8	1	0	1	1355	0.310277778	0.0975	0.1863888889999999	0.0	0.0475	0.0	0	0.074722222	0.0	0.18	0.0	0.32342
5913	1211	1	1	4	4	5	1	1.0	1	2012	6	14	4	10.83333333	32	0	1	2	4178	1.13	0.4083333329999999	0.080555556	0.0	0.358055556	0.0	0	0.270277778	1.5	0.98	0.0	0.327852
5934	1213	1	3	3	5	2	1	1.0	1	2012	6	14	4	17.25	47	1	1	1	9383	2.313611111	0.7936111109999999	0.1222222219999999	0.35	0.0	0.15	1	0.8738888890000001	2.9	1.66	10.5	0.7851239999999999
5939	1214	0	3	3	5	6	5	0.0	1	2012	6	14	4	12.91666667	92	0	1	0	2552	0.601944444	0.168333333	0.046666667	0.0	0.1888888889999999	0.0	0	0.165277778	0.0	0.41	0.0	0.521008
5958	1217	1	1	4	3	1	1	1.0	1	2012	6	14	4	18.0	60	1	1	1	12876	3.046111111	0.8313888890000001	0.330555556	0.2666666669999999	0.204166667	0.147777778	1	0.737777778	5.7	2.56	0.0	0.539533
5970	1218	1	0	3	3	2	1	1.0	1	2012	6	14	4	10.5	40	1	1	2	6175	1.365277778	0.438055556	0.228055556	0.2	0.0	0.0	0	0.444444444	2.4	0.87	10.5	0.62375
5987	1219	1	5	3	5	1	1	1.0	1	2012	6	14	4	14.75	33	1	0	1	3254	0.863888889	0.316111111	0.091666667	0.1166666669999999	0.099444444	0.133333333	1	0.3725	3.9	0.8	10.5	0.7718119999999999
6004	1223	1	1	4	5	2	1	1.0	1	2012	6	14	4	8.083333332999999	44	0	1	1	2499	0.7194444440000001	0.224444444	0.198055556	0.0	0.133333333	0.0	0	0.136944444	1.5	0.4	0.0	0.15213
6008	1223	1	5	4	3	2	1	1.0	1	2012	6	14	4	16.83333333	44	0	1	1	3319	0.893055556	0.258611111	0.068333333	0.0	0.183333333	0.0	0	0.166111111	1.5	0.49	0.0	0.0986621999999999
6011	1223	1	8	4	3	2	1	1.0	1	2012	6	14	4	19.75	44	0	1	1	3717	0.956944444	0.280277778	0.0	0.0	0.2166666669999999	0.0	0	0.165277778	1.5	0.52	0.0	0.1142859999999999
6038	1229	1	2	4	3	1	1	1.0	1	2012	6	15	5	20.83333333	48	0	1	1	1494	0.413055556	0.125277778	0.148055556	0.0	0.088888889	0.0	0	0.1066666669999999	1.5	0.29	0.0	0.208333
6059	1234	0	1	4	1	1	1	1.0	1	2012	6	15	5	16.0	55	1	1	2	2647	0.697777778	0.203333333	0.083333333	0.0	0.31	0.0	0	0.246666667	1.5	0.58	0.0	0.355856
6082	1241	0	1	4	4	1	1	1.0	1	2012	6	15	5	19.0	31	1	1	2	5270	1.326944444	0.512777778	0.236666667	0.0	0.535	0.0	0	0.453055556	1.5	1.13	0.0	0.6517470000000001
6115	1251	0	1	4	3	1	5	0.0	1	2012	6	16	6	13.0	39	0	1	1	6644	1.643055556	0.5227777779999999	0.096111111	0.0	0.7161111109999999	0.23	2	0.443333333	0.0	1.28	0.0	0.332707
6137	1255	0	4	4	3	1	5	0.0	1	2012	6	16	6	14.33333333	66	1	0	1	3778	0.8552777779999999	0.2675	0.0872222219999999	0.0	0.254444444	0.06	1	0.193611111	0.0	0.59	0.0	0.347202
6138	1255	0	5	4	5	1	5	0.0	1	2012	6	16	6	17.5	66	1	0	1	5650	1.490555556	0.385555556	0.1566666669999999	0.0	0.489444444	0.1166666669999999	1	0.318888889	0.0	1.02	0.0	0.287456
6141	1255	1	1	3	5	1	5	0.0	1	2012	6	16	6	11.16666667	65	0	1	1	5913	1.436388889	0.481666667	0.083611111	0.25	0.0	0.0	0	0.3263888889999999	0.0	0.99	0.0	0.403404
6172	1264	1	1	4	1	1	2	0.0	1	2012	6	16	6	18.58333333	17	1	0	2	9849	2.277777778	0.6863888890000001	0.139444444	0.15	0.6333333329999999	0.25	2	0.374444444	0.75	1.53	0.0	0.141691
6173	1265	1	0	3	3	1	5	0.0	1	2012	6	16	6	9.5	73	0	1	1	26569	6.172222222	1.925555556	0.228055556	0.816666667	0.0	0.0	0	1.0061111109999998	0.0	4.46	0.0	0.496963
6189	1269	0	0	4	3	1	1	1.0	1	2012	6	16	6	8.5	51	0	1	2	2575	0.640555556	0.250555556	0.1072222219999999	0.0	0.176111111	0.0	0	0.143888889	1.5	0.43	0.0	0.1139
6203	1270	1	4	4	3	1	1	1.0	1	2012	6	16	6	21.0	55	1	1	1	4203	1.006388889	0.352777778	0.1197222219999999	0.0	0.263333333	0.0	0	0.1844444439999999	1.5	0.63	0.0	0.1897589999999999
6211	1271	1	0	4	3	2	1	1.0	1	2012	6	16	6	11.0	47	0	1	2	4110	1.034722222	0.341388889	0.638055556	0.1166666669999999	0.0	0.0	0	0.148611111	1.5	0.54	0.0	0.100935
6245	1276	2	0	4	3	1	3	0.0	1	2012	6	17	7	11.0	13	1	0	1	6614	1.5686111109999998	0.533055556	0.5427777779999999	0.0	0.296666667	0.0	0	0.454722222	0.0	1.62	0.0	0.372633
6260	1281	3	1	3	3	6	4	1.0	1	2012	6	17	7	15.0	23	0	1	0	5894	1.3725	0.3983333329999999	0.191111111	0.283333333	0.0	0.0	0	0.436944444	1.6	1.02	0.0	0.670693
6272	1285	0	2	3	3	6	1	1.0	1	2012	6	18	1	12.41666667	28	1	0	0	1725	0.466111111	0.1675	0.2225	0.0	0.157777778	0.0	0	0.166388889	1.5	0.39	0.0	0.245409
6273	1285	1	0	1	3	6	5	0.0	1	2012	6	18	1	10.0	73	0	1	0	869	0.2213888889999999	0.074444444	0.116944444	0.0	0.085	0.0	0	0.065277778	0.0	0.15	0.0	0.12766
6279	1287	0	0	4	3	1	1	1.0	1	2012	6	18	1	10.0	42	1	1	2	3004	0.737222222	0.256111111	0.038333333	0.0	0.283888889	0.083333333	1	0.267222222	3.0	0.67	0.0	0.579002
6282	1287	1	1	4	5	1	1	1.0	1	2012	6	18	1	8.0	42	0	1	2	8463	1.880833333	0.6180555560000001	0.124166667	0.333333333	0.0	0.083333333	1	0.439166667	3.3	1.35	0.0	0.71031
6286	1288	0	2	3	3	2	1	1.0	1	2012	6	18	1	21.5	37	0	1	1	5003	1.248055556	0.423611111	0.249444444	0.183333333	0.0	0.0	0	0.270277778	2.4	0.95	0.0	0.331963
6331	1297	1	2	4	1	1	1	1.0	1	2012	6	19	2	16.75	59	0	1	1	3097	0.772222222	0.233333333	0.171388889	0.0	0.253333333	0.0	0	0.256666667	1.5	0.72	0.0	0.27381
6348	1301	1	1	3	3	1	5	0.0	1	2012	6	19	2	16.5	82	1	1	1	9399	2.195277778	0.786666667	0.289722222	0.366666667	0.0	0.0	0	0.578888889	0.0	1.57	10.5	0.575816
6356	1304	1	0	3	3	6	5	0.0	1	2012	6	19	2	12.5	76	0	0	0	1066	0.322777778	0.091388889	0.039166667	0.0	0.083333333	0.0	0	0.0897222219999999	0.0	0.22	0.0	0.114551
6359	1304	1	4	3	3	6	5	0.0	1	2012	6	19	2	17.58333333	76	0	0	0	3816	0.903888889	0.269444444	0.045277778	0.0	0.366666667	0.0	0	0.186944444	0.0	0.55	0.0	0.164933
6363	1305	0	3	4	2	1	1	1.0	1	2012	6	19	2	15.25	37	1	1	2	700	0.1844444439999999	0.064444444	0.059722222	0.0	0.073888889	0.0	0	0.0436111109999999	1.5	0.13	0.0	0.0254777
6367	1305	1	1	4	1	1	1	1.0	1	2012	6	19	2	17.5	38	0	1	2	15007	3.6825	1.293888889	0.094444444	0.6	0.1825	0.233333333	2	0.911111111	6.59	2.71	0.0	0.3780489999999999
6369	1305	2	2	4	3	1	5	0.0	1	2012	6	19	2	17.91666667	8	0	0	2	1280	0.320277778	0.083611111	0.197777778	0.0	0.033333333	0.0	0	0.068333333	0.0	0.22	0.0	0.357724
6381	1307	3	0	1	3	2	1	1.0	1	2012	6	19	2	9.083333333	20	1	0	1	1683	0.4083333329999999	0.111111111	0.1155555559999999	0.0	0.195	0.0	0	0.143333333	1.5	0.48	0.0	0.0717054
6388	1308	2	2	1	5	1	2	0.0	1	2012	6	19	2	14.33333333	17	0	0	2	513	0.143888889	0.0705555559999999	0.059166667	0.0	0.0358333329999999	0.0	0	0.049444444	0.0	0.13	0.0	0.106742
6426	1316	0	3	4	3	1	1	1.0	1	2012	6	19	2	17.58333333	41	0	1	1	1309	0.347222222	0.120277778	0.108333333	0.0	0.093333333	0.0	0	0.113055556	1.5	0.28	0.0	0.538084
6443	1321	0	1	4	5	1	5	0.0	1	2012	6	20	3	14.0	41	1	1	2	5189	1.4202777780000002	0.459166667	0.283055556	0.0	0.329722222	0.1	1	0.2819444439999999	0.0	0.97	0.0	0.0758621
6463	1324	0	0	4	1	1	1	1.0	1	2012	6	20	3	9.0	60	1	1	1	1127	0.298055556	0.093888889	0.114166667	0.0	0.093333333	0.0	0	0.075277778	1.5	0.2	0.0	0.752768
6472	1327	0	1	3	3	6	5	0.0	1	2012	6	20	3	14.0	71	1	0	0	1038	0.253888889	0.0627777779999999	0.202777778	0.0	0.066666667	0.0	0	0.056666667	0.0	0.16	0.0	0.0
6478	1329	0	2	4	3	1	1	1.0	1	2012	6	20	3	14.5	31	1	1	1	1738	0.503611111	0.254722222	0.322777778	0.0	0.0586111109999999	0.0	0	0.162777778	1.5	0.43	0.0	0.0597269999999999
6494	1332	2	0	3	1	1	1	1.0	1	2012	6	20	3	8.5	25	1	1	1	5238	1.277777778	0.5166666670000001	0.075833333	0.183333333	0.183611111	0.133333333	1	0.584444444	3.9	1.27	10.5	0.706749
6501	1335	0	0	3	1	1	1	1.0	1	2012	6	21	4	7.5	35	1	0	1	11439	2.679444444	0.800277778	0.2491666669999999	0.3833333329999999	0.0	0.0	0	0.7302777779999999	3.9	2.16	10.5	0.687334
6511	1338	0	3	4	3	1	1	1.0	1	2012	6	21	4	20.5	47	0	1	1	10050	2.293888889	0.7072222220000001	0.100833333	0.183333333	0.236666667	0.15	1	0.436388889	3.4	1.52	0.0	0.232336
6514	1338	2	0	4	3	1	2	0.0	1	2012	6	21	4	18.5	16	0	0	1	10050	2.277222222	0.646388889	0.045277778	0.0	0.672222222	0.161111111	1	0.498611111	0.0	1.55	0.0	0.320334
6525	1340	2	1	3	1	1	1	1.0	1	2012	6	21	4	17.0	25	1	1	1	9653	2.349166667	0.715833333	0.277222222	0.35	0.204166667	0.183333333	1	0.672222222	4.0	1.76	0.0	0.396281
6540	1343	0	0	4	2	2	1	1.0	1	2012	6	21	4	8.666666667000001	35	1	1	1	5007	1.205277778	0.386666667	0.257222222	0.0	0.421944444	0.15	1	0.2663888889999999	3.0	0.71	0.0	0.3347239999999999
6546	1343	1	0	4	2	2	5	0.0	1	2012	6	21	4	8.666666667000001	77	1	0	1	5007	1.205277778	0.386666667	0.257222222	0.0	0.421944444	0.15	1	0.2663888889999999	0.0	0.71	0.0	0.3347239999999999
6548	1343	1	2	4	3	2	5	0.0	1	2012	6	21	4	10.5	77	1	0	1	5906	1.383055556	0.513055556	0.350555556	0.133333333	0.1166666669999999	0.1166666669999999	1	0.398611111	0.0	0.91	0.0	0.45993
6554	1344	0	0	4	4	2	1	1.0	1	2012	6	21	4	9.75	39	1	1	1	861	0.2419444439999999	0.0725	0.076111111	0.0	0.0608333329999999	0.0	0	0.069722222	1.5	0.15	0.0	0.159363
6557	1345	0	0	1	3	6	1	1.0	1	2012	6	21	4	8.5	52	1	0	0	361	0.105	0.047777778	0.0	0.0	0.0375	0.0	0	0.034444444	1.5	0.08	0.0	0.0645160999999999
6571	1348	1	3	2	3	2	1	1.0	1	2012	6	21	4	20.5	32	0	1	1	3709	0.8783333329999999	0.292777778	0.3952777779999999	0.0	0.166666667	0.0	0	0.226666667	1.5	0.65	0.0	0.193627
6574	1349	0	2	1	2	6	1	1.0	1	2012	6	21	4	15.25	43	0	0	0	880	0.299722222	0.088888889	0.186944444	0.0	0.0777777779999999	0.0	0	0.1030555559999999	1.5	0.24	0.0	0.0889488
6592	1353	1	0	3	4	6	1	0.0	1	2012	6	21	4	9.25	35	1	1	2	16157	3.778055556	1.165833333	0.201111111	0.466666667	0.229166667	0.183333333	1	0.993611111	4.0	2.71	10.5	0.6787810000000001
6599	1354	1	0	4	1	1	1	1.0	1	2012	6	21	4	7.5	53	1	1	1	3228	0.780833333	0.236388889	0.215277778	0.0	0.23	0.1011111109999999	1	0.168333333	3.0	0.53	0.0	0.128713
6609	1357	0	3	4	5	1	1	1.0	1	2012	6	21	4	12.08333333	44	1	1	2	965	0.289166667	0.108055556	0.128333333	0.0	0.045833333	0.0	0	0.075	1.5	0.2	0.0	0.125926
6622	1357	2	0	4	2	1	3	0.0	1	2012	6	21	4	7.916666667	13	0	0	2	2658	0.771388889	0.200277778	0.2044444439999999	0.0	0.2097222219999999	0.088888889	1	0.192777778	0.0	0.69	0.0	0.318444
6629	1357	3	1	4	2	1	5	0.0	1	2012	6	21	4	15.5	10	0	0	2	1890	0.528055556	0.186944444	0.170833333	0.0	0.080555556	0.0	0	0.133333333	0.0	0.39	0.0	0.122917
6631	1357	3	3	4	3	1	5	0.0	1	2012	6	21	4	19.25	10	0	0	2	2059	0.5791666670000001	0.194166667	0.226944444	0.0	0.116388889	0.0	0	0.130555556	0.0	0.4	0.0	0.0808511
6650	1359	0	0	3	2	6	1	1.0	1	2012	6	21	4	8.0	48	1	1	0	7416	1.860277778	0.693611111	0.317777778	0.316666667	0.0	0.083333333	1	0.769166667	2.9	1.51	10.5	0.814735
6654	1361	1	1	4	3	1	1	1.0	1	2012	6	22	5	11.0	35	1	1	1	6256	1.513055556	0.4558333329999999	0.151944444	0.1	0.288888889	0.133333333	1	0.276111111	3.0	1.07	0.0	0.487928
6675	1366	0	9	4	3	2	1	1.0	1	2012	6	22	5	15.41666667	58	0	1	1	3563	0.925555556	0.263333333	0.1555555559999999	0.0	0.309444444	0.0	0	0.205555556	1.5	0.55	0.0	0.202703
6676	1366	0	10	4	3	2	1	1.0	1	2012	6	22	5	15.66666667	58	0	1	1	3563	0.939444444	0.280555556	0.165277778	0.0	0.352222222	0.0	0	0.208888889	1.5	0.55	0.0	0.347074
6686	1366	2	2	4	1	2	1	1.0	1	2012	6	22	5	19.0	27	0	1	1	3464	0.864166667	0.265	0.068888889	0.0	0.3	0.0	0	0.206111111	1.5	0.54	0.0	0.216981
6688	1366	2	4	4	3	2	1	1.0	1	2012	6	22	5	22.5	27	0	1	1	1913	0.658611111	0.185277778	0.0505555559999999	0.0	0.167777778	0.0	0	0.105	1.5	0.36	0.0	0.1164019999999999
6693	1366	3	3	4	3	2	4	0.5	1	2012	6	22	5	22.5	22	1	1	1	1913	0.658611111	0.185277778	0.0505555559999999	0.0	0.167777778	0.0	0	0.105	0.75	0.36	0.0	0.1164019999999999
6714	1372	0	2	4	5	2	5	0.0	1	2012	6	22	5	11.91666667	80	1	1	2	766	0.1769444439999999	0.076111111	0.046666667	0.0	0.04	0.0	0	0.052222222	0.0	0.12	0.0	0.0691488999999999
6718	1374	0	1	3	1	1	1	1.0	1	2012	6	22	5	16.0	58	1	1	1	2585	0.804722222	0.323611111	0.195555556	0.0	0.3833333329999999	0.0	0	0.325	1.5	0.88	0.0	0.290598
6733	1376	1	0	1	2	6	5	0.0	1	2012	6	22	5	8.5	9	0	0	2	740	0.213055556	0.08	0.1172222219999999	0.0	0.033333333	0.0	0	0.058888889	0.0	0.15	0.0	0.2405659999999999
6764	1385	0	4	4	2	1	1	1.0	1	2012	6	23	6	13.0	36	1	1	2	5191	1.230833333	0.3433333329999999	0.0575	0.0	0.595833333	0.095277778	1	0.329722222	3.0	0.95	0.0	0.411963
6779	1387	1	7	4	4	2	1	0.0	1	2012	6	23	6	16.5	66	0	1	2	910	0.200277778	0.05	0.132777778	0.0	0.016666667	0.0	0	0.0536111109999999	0.0	0.14	0.0	0.0829016
6826	1398	0	2	1	3	6	1	1.0	1	2012	6	23	6	13.0	48	0	1	0	733	0.220833333	0.095277778	0.136111111	0.0	0.08	0.0	0	0.148611111	1.5	0.36	0.0	0.33271
6886	1416	0	0	4	1	6	1	1.0	1	2012	6	24	7	7.75	52	1	1	1	2467	0.654166667	0.241666667	0.216111111	0.0	0.068055556	0.0	0	0.129722222	1.5	0.41	0.0	0.1027839999999999
6896	1417	4	0	4	3	1	5	0.0	1	2012	6	24	7	12.0	7	1	0	1	3067	0.909444444	0.2625	0.091944444	0.0	0.5475	0.1	1	0.198333333	0.0	0.75	0.0	0.32493
6920	1425	0	1	4	3	1	1	1.0	1	2012	6	24	7	13.0	29	1	1	1	1344	0.533888889	0.185277778	0.175555556	0.0	0.126111111	0.0	0	0.151111111	1.5	0.41	0.0	0.0790441
6928	1425	1	4	4	3	1	1	1.0	1	2012	6	24	7	23.5	36	0	1	1	2483	0.598055556	0.160555556	0.330277778	0.0	0.2044444439999999	0.0	0	0.160555556	1.5	0.53	0.0	0.138408
6955	1429	1	0	4	3	1	1	1.0	1	2012	6	25	1	17.5	52	1	0	1	1019	0.2575	0.0875	0.045833333	0.0	0.1072222219999999	0.0	0	0.092777778	1.5	0.22	0.0	0.239521
6980	1436	0	0	3	4	6	1	1.0	1	2012	6	25	1	9.5	49	0	0	0	6563	1.457777778	0.409166667	0.1191666669999999	0.0	0.439444444	0.0	0	0.319722222	1.5	1.04	0.0	0.542137
6984	1437	0	1	3	2	6	1	1.0	1	2012	6	25	1	16.66666667	24	1	1	0	1726	0.486666667	0.140555556	0.082777778	0.0	0.197777778	0.0855555559999999	1	0.148888889	3.0	0.34	0.0	0.143657
6992	1439	0	4	4	4	1	1	1.0	1	2012	6	25	1	12.25	42	0	1	2	4024	0.861666667	0.258055556	0.0886111109999999	0.0	0.318333333	0.0	0	0.215833333	1.5	0.61	0.0	0.429858
7014	1444	1	3	3	1	2	1	1.0	1	2012	6	25	1	17.66666667	43	0	1	1	18480	4.309166667	1.295277778	0.186111111	0.483333333	0.35	0.2666666669999999	2	0.823333333	9.3	2.47	10.5	0.510459
7025	1447	0	0	4	3	2	1	1.0	1	2012	6	25	1	11.25	45	1	1	2	365	0.3316666669999999	0.1005555559999999	0.263055556	0.0	0.033333333	0.0	0	0.075833333	1.5	0.2	0.0	0.00732601
7042	1449	3	1	3	4	1	5	0.0	1	2012	6	26	2	9.0	19	0	1	1	9995	2.2833333330000003	0.8130555559999999	0.121944444	0.333333333	0.0	0.1166666669999999	1	0.6919444440000001	0.0	1.79	10.5	0.810919
7053	1451	0	3	3	1	2	4	1.0	1	2012	6	26	2	18.0	25	0	1	1	8098	2.004166667	0.6825	0.378333333	0.2	0.0	0.0	0	0.668888889	1.95	1.41	10.5	0.747508
7055	1451	1	1	3	1	2	1	1.0	1	2012	6	26	2	18.5	25	1	1	1	9566	2.348333333	0.8402777779999999	0.2763888889999999	0.483333333	0.0	0.1	1	0.369166667	2.9	1.36	0.0	0.4920989999999999
7079	1453	1	0	4	3	1	1	1.0	1	2012	6	26	2	14.0	21	1	1	2	1888	0.507222222	0.1725	0.129444444	0.0	0.166388889	0.0	0	0.1025	1.5	0.32	0.0	0.1436309999999999
7088	1455	1	0	4	1	1	1	1.0	1	2012	6	26	2	7.333333333	50	1	1	2	7788	1.901111111	0.625	0.1166666669999999	0.0	0.8833333329999999	0.0	0	0.525277778	1.5	1.48	0.0	0.523533
7101	1458	1	3	1	3	6	1	1.0	1	2012	6	26	2	18.0	32	0	0	0	571	0.184166667	0.076388889	0.08	0.0	0.093333333	0.0	0	0.0627777779999999	1.5	0.14	0.0	0.123894
7107	1461	0	1	2	3	1	1	1.0	1	2012	6	26	2	16.5	39	0	1	1	3436	0.8919444440000001	0.266944444	0.034722222	0.0	0.478055556	0.091666667	1	0.233888889	3.0	0.65	0.0	0.4916859999999999
7118	1465	1	0	3	1	1	1	1.0	1	2012	6	27	3	7.0	30	1	0	1	5959	1.588888889	0.476666667	0.2375	0.166666667	0.316666667	0.116944444	1	0.4175	4.4	1.2	0.0	0.310712
7126	1466	0	3	4	4	2	1	1.0	1	2012	6	27	3	18.5	35	0	1	1	7858	1.927777778	0.607777778	0.373888889	0.133333333	0.1838888889999999	0.1216666669999999	1	0.626388889	3.2	1.34	0.0	0.48071
7142	1471	1	0	3	1	1	1	0.0	1	2012	6	27	3	8.166666667000001	35	1	1	1	8861	2.223055556	0.705833333	0.152777778	0.2666666669999999	0.361111111	0.15	1	0.7716666670000001	1.7	2.13	0.0	0.608711
7183	1478	0	3	1	5	1	5	0.0	1	2012	6	27	3	14.61666667	78	0	1	1	261	0.055	0.013611111	0.020277778	0.0	0.016666667	0.0	0	0.0194444439999999	0.0	0.04	0.0	0.485714
7213	1482	2	1	4	3	6	4	1.0	1	2012	6	27	3	21.0	21	1	0	0	2775	0.693888889	0.2475	0.043888889	0.0	0.384444444	0.066666667	1	0.221111111	3.0	0.57	0.0	0.334171
7223	1483	0	4	3	5	6	5	0.0	1	2012	6	27	3	14.5	63	0	0	0	2636	0.644166667	0.2625	0.1180555559999999	0.0	0.244166667	0.0	0	0.225	0.0	0.49	0.0	0.67037
7228	1485	0	3	3	3	1	1	1.0	1	2012	6	27	3	16.75	56	0	1	1	7960	1.966388889	0.7927777779999999	0.210277778	0.333333333	0.0	0.083333333	1	0.732222222	2.9	1.74	10.5	0.800076
7233	1487	0	0	3	1	1	1	1.0	1	2012	6	28	4	7.166666667	48	1	1	2	11670	2.704444444	0.77	0.113888889	0.416666667	0.0	0.0	0	0.629722222	2.8	1.91	0.0	0.640494
7288	1501	1	0	4	1	1	1	1.0	1	2012	6	28	4	8.416666667000001	47	0	1	2	14268	3.444166667	1.047777778	0.211111111	0.666666667	0.0	0.083333333	1	0.852777778	4.2	2.51	0.0	0.5100979999999999
7292	1504	0	0	4	1	1	1	1.0	1	2012	6	29	5	5.333333333	59	0	1	2	9411	2.242222222	0.749722222	0.123055556	0.2	0.235833333	0.083333333	1	0.406111111	3.0	1.74	0.0	0.192202
7384	1517	2	0	1	3	1	4	0.0	1	2012	6	29	5	12.33333333	18	0	0	1	1288	0.3363888889999999	0.101388889	0.252777778	0.0	0.035555556	0.0	0	0.118888889	0.0	0.28	0.0	0.252336
7390	1518	0	0	3	3	6	1	1.0	1	2012	6	29	5	7.333333333	31	1	1	0	7376	1.792777778	0.6725	0.2713888889999999	0.166666667	0.233333333	0.083333333	1	0.590555556	4.4	1.47	10.5	0.436971
7397	1520	0	0	1	3	6	1	1.0	1	2012	6	29	5	9.0	40	1	1	0	423	0.134166667	0.063611111	0.098055556	0.0	0.028333333	0.0	0	0.046944444	1.5	0.1	0.0	0.343195
7398	1520	1	0	3	1	6	1	1.0	1	2012	6	29	5	9.5	42	0	1	0	3423	0.8794444440000001	0.315833333	0.040277778	0.05	0.1172222219999999	0.1	1	0.293888889	3.9	0.62	10.5	0.7448020000000001
7403	1521	0	0	3	1	6	1	1.0	1	2012	6	29	5	7.0	29	0	1	0	7538	1.7625	0.713888889	0.1775	0.316666667	0.0	0.083333333	1	0.598333333	2.9	1.42	10.5	0.565924
7406	1521	1	1	3	4	6	1	1.0	1	2012	6	29	5	18.0	28	1	1	0	7824	1.874166667	0.716944444	0.2072222219999999	0.3833333329999999	0.0	0.1	1	0.793333333	2.9	1.74	10.5	0.770308
7425	1525	0	0	3	3	1	5	0.0	1	2012	6	30	6	15.0	42	0	1	2	3423	0.835555556	0.3125	0.236111111	0.1	0.0	0.0	0	0.2075	0.0	0.66	0.0	0.2182059999999999
7427	1526	0	1	1	5	6	5	0.0	1	2012	6	30	6	17.3	73	1	0	0	208	0.0525	0.012777778	0.014722222	0.0	0.022222222	0.0	0	0.021944444	0.0	0.05	0.0	0.43038
7433	1527	2	2	4	3	1	1	1.0	1	2012	6	30	6	14.0	31	0	1	1	2179	0.5902777779999999	0.173611111	0.148611111	0.0	0.166666667	0.0	0	0.220277778	1.5	0.57	0.0	0.3165199999999999
7456	1533	0	3	1	3	2	1	1.0	1	2012	6	30	6	16.5	36	0	1	1	1301	0.328333333	0.097222222	0.0861111109999999	0.0	0.123333333	0.0	0	0.1155555559999999	1.5	0.23	0.0	0.0841346
7458	1533	0	5	4	5	2	1	1.0	1	2012	6	30	6	21.5	36	0	1	1	2827	0.705277778	0.24	0.100277778	0.0	0.223333333	0.0	0	0.190277778	1.5	0.44	0.0	0.50365
7466	1533	1	8	3	3	2	1	1.0	1	2012	6	30	6	19.75	40	1	1	1	1288	0.359444444	0.125277778	0.063055556	0.0	0.108333333	0.0	0	0.109444444	1.5	0.23	0.0	0.241117
7476	1537	0	2	3	3	1	1	1.0	1	2012	6	30	6	2.0	33	0	1	1	7881	1.868055556	0.5625	0.044444444	0.0	0.496111111	0.069166667	1	0.244166667	3.0	1.18	0.0	0.162685
7479	1537	1	2	3	3	1	1	1.0	1	2012	6	30	6	19.0	30	1	1	1	7345	1.789722222	0.5508333329999999	0.158888889	0.0	0.464166667	0.0	0	0.251944444	1.5	1.09	0.0	0.379272
7485	1538	0	3	4	3	2	4	1.0	1	2012	6	30	6	16.16666667	44	1	1	2	1973	0.608611111	0.163611111	0.2347222219999999	0.0	0.183333333	0.0	0	0.1180555559999999	1.5	0.35	0.0	0.127059
7486	1538	0	4	4	3	2	4	1.0	1	2012	6	30	6	18.0	44	1	1	2	2121	0.5161111110000001	0.130555556	0.055833333	0.0	0.145	0.0	0	0.121111111	1.5	0.31	0.0	0.0
7493	1538	2	1	4	3	2	5	0.0	1	2012	6	30	6	12.33333333	8	1	0	2	668	0.371388889	0.0975	0.304444444	0.0	0.041666667	0.0	0	0.089444444	0.0	0.22	0.0	0.136646
7494	1538	2	2	4	3	2	5	0.0	1	2012	6	30	6	15.0	8	1	0	2	1973	0.603055556	0.1744444439999999	0.05	0.0	0.323333333	0.0	0	0.152777778	0.0	0.44	0.0	0.116364
7502	1538	3	4	4	3	2	5	0.0	1	2012	6	30	6	18.0	7	0	0	2	2121	0.5161111110000001	0.130555556	0.055833333	0.0	0.145	0.0	0	0.121111111	0.0	0.31	0.0	0.0
7514	1541	2	0	2	3	1	1	1.0	1	2012	6	30	6	11.0	18	0	0	1	7946	1.950277778	0.680277778	0.162777778	0.35	0.283333333	0.233333333	2	0.4575	3.9	1.36	0.0	0.345477
7525	1543	5	1	3	3	1	3	0.0	1	2012	7	1	7	18.0	14	0	0	1	10157	2.431666667	0.716944444	0.077222222	0.1166666669999999	0.496388889	0.416666667	2	0.531111111	0.75	1.92	0.0	0.421025
7526	1544	0	2	4	3	1	1	1.0	1	2012	7	1	7	14.0	45	1	1	1	6684	1.600555556	0.443888889	0.1555555559999999	0.1166666669999999	0.091111111	0.219722222	1	0.325555556	3.0	1.07	0.0	0.394198
7532	1545	0	0	3	3	6	1	1.0	1	2012	7	1	7	12.0	24	0	1	0	2268	0.591388889	0.205	0.231111111	0.1	0.0	0.0	0	0.195277778	1.5	0.47	0.0	0.564723
7544	1548	1	3	4	3	1	1	1.0	1	2012	7	1	7	21.0	31	1	0	1	3897	1.066111111	0.333055556	0.233611111	0.05	0.0625	0.333333333	1	0.158611111	3.0	0.73	0.0	0.0980736
7556	1551	0	0	1	3	6	1	1.0	1	2012	7	1	7	16.0	41	0	0	0	403	0.11	0.060277778	0.0633333329999999	0.0	0.033333333	0.0	0	0.0536111109999999	1.5	0.11	0.0	0.642487
7578	1558	0	2	3	3	6	1	1.0	1	2012	7	1	7	18.0	35	1	0	0	5162	1.353611111	0.4602777779999999	0.194166667	0.25	0.0	0.083333333	1	0.400555556	2.4	0.92	0.0	0.789875
7579	1558	0	3	3	3	6	1	1.0	1	2012	7	1	7	19.16666667	35	1	0	0	5162	1.375833333	0.484722222	0.135	0.0	0.604166667	0.0	0	0.378333333	1.5	0.93	0.0	0.6607930000000001
7593	1559	1	3	4	4	1	1	1.0	1	2012	7	2	1	10.5	32	1	1	2	1851	0.443611111	0.169166667	0.143333333	0.0	0.158888889	0.0	0	0.145833333	1.5	0.38	0.0	0.552381
7601	1560	0	1	4	3	1	1	1.0	1	2012	7	2	1	16.0	34	0	1	1	3566	0.952222222	0.2663888889999999	0.166666667	0.0	0.31	0.1166666669999999	1	0.245833333	3.0	0.72	0.0	0.457627
7605	1561	1	1	3	1	1	1	1.0	1	2012	7	2	1	18.5	28	0	0	1	10312	2.57	1.008055556	0.093333333	0.2666666669999999	0.4069444439999999	0.194722222	1	0.651388889	3.2	2.23	0.0	0.448188
7614	1563	0	3	3	1	6	1	1.0	1	2012	7	2	1	21.0	45	0	0	0	2172	0.55	0.215	0.102777778	0.0	0.110555556	0.0	0	0.142777778	1.5	0.38	0.0	0.503891
7625	1565	0	1	2	1	1	1	1.0	1	2012	7	2	1	18.0	48	0	1	1	3290	0.7886111109999999	0.2019444439999999	0.134166667	0.0	0.406666667	0.0	0	0.2425	1.5	0.61	0.0	0.211913
7626	1565	0	2	4	1	1	1	1.0	1	2012	7	2	1	19.75	48	0	1	1	3290	0.795277778	0.215833333	0.1525	0.0	0.2166666669999999	0.0	0	0.199444444	1.5	0.56	0.0	0.110028
7631	1565	2	1	3	1	1	1	1.0	1	2012	7	2	1	19.0	23	0	0	1	3290	0.7886111109999999	0.2019444439999999	0.134166667	0.0	0.313333333	0.0	0	0.215555556	1.5	0.58	0.0	0.171392
7662	1571	1	2	1	3	1	1	1.0	1	2012	7	2	1	13.0	36	1	0	1	189	0.1397222219999999	0.089444444	0.0775	0.0	0.026666667	0.0	0	0.045	1.5	0.12	0.0	0.135802
7684	1576	0	0	4	3	1	1	1.0	1	2012	7	2	1	12.0	59	1	1	2	1122	0.29	0.100277778	0.123333333	0.0	0.088055556	0.0	0	0.133055556	1.5	0.35	0.0	0.192067
7690	1578	1	0	4	4	1	1	1.0	1	2012	7	2	1	13.0	40	1	1	1	8575	2.082222222	0.7030555559999999	0.155833333	0.466666667	0.1566666669999999	0.086388889	1	0.650833333	3.0	1.89	0.0	0.555271
7692	1579	0	1	2	5	6	1	1.0	1	2012	7	2	1	12.16666667	27	0	0	0	2054	0.5541666670000001	0.241666667	0.145	0.083333333	0.0	0.0	0	0.260555556	2.4	0.54	10.5	0.624733
7705	1583	1	0	4	3	1	5	0.0	1	2012	7	3	2	10.0	73	0	1	2	752	0.2097222219999999	0.066666667	0.149444444	0.0	0.020833333	0.0	0	0.062222222	0.0	0.17	0.0	0.370536
7744	1587	0	1	3	4	6	1	1.0	1	2012	7	3	2	17.0	27	0	1	0	8152	1.857777778	0.6347222220000001	0.095555556	0.166666667	0.1072222219999999	0.083333333	1	0.423333333	3.2	1.2	0.0	0.393045
7768	1595	1	3	3	3	1	1	1.0	1	2012	7	3	2	23.5	47	0	1	1	19015	4.354444443999999	1.41	0.318055556	0.6	0.0	0.0	0	0.7977777779999999	3.1	3.21	10.5	0.453343
7772	1596	1	1	4	5	1	1	1.0	1	2012	7	3	2	16.78333333	58	1	1	1	4746	1.231944444	0.366944444	0.0991666669999999	0.0	0.500833333	0.079166667	1	0.29	3.0	0.88	0.0	0.347701
7782	1598	1	2	3	3	6	5	0.0	1	2012	7	3	2	10.83333333	78	0	0	0	856	0.205	0.066111111	0.0	0.0	0.061944444	0.0	0	0.044166667	0.0	0.13	0.0	0.0503145
7796	1601	0	0	3	3	6	5	0.0	1	2012	7	3	2	11.5	50	0	0	0	2047	0.507777778	0.1291666669999999	0.205833333	0.033333333	0.0	0.0	0	0.126111111	0.0	0.36	0.0	0.11674
7799	1602	0	1	3	3	1	5	0.0	1	2012	7	3	2	10.91666667	64	0	0	1	1035	0.275833333	0.0886111109999999	0.111944444	0.0	0.049722222	0.0	0	0.062222222	0.0	0.18	0.0	0.0669643
7801	1602	1	1	4	1	1	1	1.0	1	2012	7	3	2	16.66666667	61	1	1	1	8300	2.0325	0.580833333	0.0891666669999999	0.0	0.8019444440000001	0.183333333	1	0.418055556	3.0	1.39	0.0	0.528904
7803	1603	0	2	4	2	2	1	1.0	1	2012	7	3	2	8.466666667	46	0	1	1	3106	0.843333333	0.272777778	0.154722222	0.1166666669999999	0.111111111	0.129722222	1	0.3266666669999999	3.2	0.66	0.0	0.569728
7834	1605	0	5	3	3	1	5	0.0	1	2012	7	3	2	12.41666667	65	0	1	2	1321	0.355	0.121388889	0.031944444	0.0	0.1436111109999999	0.0	0	0.100277778	0.0	0.3	0.0	0.254848
7836	1605	1	1	1	5	1	5	0.0	1	2012	7	3	2	10.5	64	1	1	2	321	0.101944444	0.064444444	0.0461111109999999	0.0	0.083333333	0.0	0	0.055555556	0.0	0.15	0.0	0.44
7850	1607	1	1	3	4	1	1	1.0	1	2012	7	3	2	8.666666667000001	41	0	1	1	6672	1.753888889	0.6477777779999999	0.203055556	0.3	0.0	0.083333333	1	0.359722222	2.9	1.11	0.0	0.633205
7858	1609	1	0	3	1	1	1	1.0	1	2012	7	3	2	11.0	49	1	1	1	3447	0.7688888890000001	0.215833333	0.190833333	0.0	0.275833333	0.0	0	0.261666667	1.5	0.68	0.0	0.33121
7879	1613	1	2	3	3	6	5	0.0	1	2012	7	3	2	11.83333333	72	1	0	0	4454	1.073611111	0.322222222	0.114722222	0.0	0.1694444439999999	0.0	0	0.222777778	0.0	0.72	0.0	0.322943
7881	1614	0	1	4	5	1	1	1.0	1	2012	7	3	2	8.166666667000001	28	1	1	2	4766	1.263333333	0.430833333	0.0736111109999999	0.0	0.396666667	0.109722222	1	0.298055556	3.0	0.95	0.0	0.575955
7888	1615	1	1	1	3	1	1	1.0	1	2012	7	3	2	13.16666667	66	1	1	2	1391	0.363055556	0.105	0.183333333	0.0	0.083333333	0.0	0	0.101388889	1.5	0.33	0.0	0.0657534
7897	1618	0	2	3	3	6	1	1.0	1	2012	7	4	3	15.0	20	1	0	0	4513	1.2430555559999998	0.358888889	0.159444444	0.0	0.398055556	0.0	0	0.282777778	1.5	0.82	0.0	0.366405
7924	1623	0	2	4	3	1	5	0.0	1	2012	7	4	3	12.41666667	70	1	1	2	1619	0.421111111	0.149722222	0.106388889	0.0	0.128055556	0.0	0	0.091111111	0.0	0.29	0.0	0.121951
7926	1623	0	4	4	5	1	5	0.0	1	2012	7	4	3	14.25	70	1	1	2	2418	0.6152777779999999	0.2119444439999999	0.149444444	0.066666667	0.0	0.0	0	0.166388889	0.0	0.48	0.0	0.213689
7971	1631	2	0	3	3	1	3	0.0	1	2012	7	4	3	7.416666667	14	1	0	1	2072	0.6316666670000001	0.188055556	0.2019444439999999	0.0	0.265555556	0.0	0	0.208333333	0.0	0.68	0.0	0.34
7986	1635	0	0	4	1	1	5	0.0	1	2012	7	4	3	5.5	29	0	1	1	3805	0.892777778	0.293333333	0.1744444439999999	0.0	0.193333333	0.0	0	0.164166667	0.0	0.58	0.0	0.113367
8001	1638	1	0	3	1	4	1	1.0	1	2012	7	4	3	8.25	49	0	1	2	16723	3.739444444	1.0675	0.273055556	0.433333333	0.0	0.133333333	1	0.983333333	4.7	4.81	10.5	0.5395479999999999
8026	1644	1	0	3	1	1	1	1.0	1	2012	7	5	4	7.833333333	28	1	1	2	16256	3.806666667	1.113611111	0.331111111	0.566666667	0.0	0.066666667	1	0.848333333	4.7	2.66	10.5	0.561231
8032	1645	0	3	4	3	6	1	1.0	1	2012	7	5	4	22.0	28	1	1	0	6929	1.666666667	0.550277778	0.208333333	0.316666667	0.0	0.133333333	1	0.318055556	2.1	1.03	0.0	0.172926
8046	1650	1	0	3	4	1	1	1.0	1	2012	7	5	4	6.0	43	0	1	2	19106	4.410277778	1.35	0.091944444	0.466666667	0.078333333	0.236666667	1	0.679722222	4.6	3.06	0.0	0.279526
8055	1653	0	2	4	3	1	1	1.0	1	2012	7	5	4	21.5	29	1	1	1	644	0.241666667	0.078055556	0.173888889	0.0	0.03	0.0	0	0.048611111	1.5	0.13	0.0	0.0571428999999999
8075	1658	0	0	1	3	1	1	1.0	1	2012	7	5	4	7.25	38	1	1	2	324	0.124722222	0.053333333	0.113055556	0.0	0.016666667	0.0	0	0.050833333	1.5	0.1	0.0	0.0437158
8088	1658	3	1	4	2	2	5	0.0	1	2012	7	5	4	15.16666667	9	0	0	2	1671	0.4483333329999999	0.1913888889999999	0.275833333	0.0	0.094722222	0.0	0	0.140833333	0.0	0.29	0.0	0.272189
8099	1661	0	2	4	5	1	1	1.0	1	2012	7	6	5	23.83333333	27	1	1	2	400	0.111388889	0.0427777779999999	0.075555556	0.0	0.019166667	0.0	0	0.072777778	1.5	0.16	0.0	0.5610689999999999
8142	1670	0	1	3	4	2	1	1.0	1	2012	7	6	5	12.5	27	1	1	1	1271	0.35	0.1180555559999999	0.076944444	0.0	0.149722222	0.0	0	0.148055556	1.5	0.29	0.0	0.2345219999999999
8162	1676	0	1	3	5	6	1	1.0	1	2012	7	7	6	15.5	49	0	1	0	4788	1.086666667	0.413611111	0.1216666669999999	0.133333333	0.066666667	0.1	1	0.3902777779999999	3.9	0.88	10.5	0.61637
8180	1680	0	0	4	3	1	5	0.0	1	2012	7	7	6	12.0	80	1	0	1	10460	2.558611111	0.748055556	0.158611111	0.55	0.238888889	0.277777778	2	0.5175	0.0	1.68	0.0	0.556629
8211	1688	1	0	4	3	1	1	1.0	1	2012	7	7	6	10.0	20	1	1	1	1844	0.559722222	0.1775	0.160277778	0.0	0.220555556	0.106388889	1	0.191111111	3.0	0.48	0.0	0.184593
8221	1692	0	0	3	3	6	4	1.0	1	2012	7	8	7	16.0	23	1	0	0	6956	1.638611111	0.474166667	0.1397222219999999	0.3833333329999999	0.0	0.0	0	0.330277778	1.5	1.04	0.0	0.280908
8222	1692	0	2	3	3	6	4	1.0	1	2012	7	8	7	20.0	23	1	0	0	6925	1.625277778	0.472222222	0.212777778	0.35	0.0	0.0	0	0.324166667	1.5	1.03	0.0	0.220223
8227	1694	1	2	3	3	1	1	1.0	1	2012	7	8	7	13.58333333	44	1	0	1	3820	0.906388889	0.365277778	0.1580555559999999	0.166666667	0.0	0.083333333	1	0.325833333	2.4	0.8	0.0	0.590793
8228	1695	1	0	4	3	1	5	0.0	1	2012	7	8	7	14.0	68	0	1	1	1906	0.712777778	0.2175	0.377222222	0.0	0.113333333	0.0	0	0.1844444439999999	0.0	0.65	0.0	0.361446
8230	1696	0	0	3	3	6	5	0.0	1	2012	7	8	7	11.0	70	1	0	0	2994	0.7213888890000001	0.246111111	0.18	0.0	0.2	0.0	0	0.195555556	0.0	0.51	0.0	0.4303979999999999
8254	1700	1	1	4	3	1	1	1.0	1	2012	7	8	7	19.25	55	1	1	2	24609	5.948333333	1.958333333	0.1566666669999999	1.05	0.161666667	0.183333333	2	0.8311111109999999	6.1	3.9	0.0	0.420455
8281	1711	0	0	4	3	6	1	1.0	1	2012	7	8	7	9.25	34	1	1	0	3704	0.953333333	0.357222222	0.1838888889999999	0.133333333	0.098333333	0.1166666669999999	1	0.243611111	3.9	0.68	0.0	0.22805
8293	1713	0	6	4	3	1	1	1.0	1	2012	7	9	1	17.0	54	0	1	1	3773	0.88	0.288055556	0.101388889	0.0	0.425	0.0	0	0.268333333	1.5	0.68	10.5	0.549689
8297	1713	2	0	1	2	1	5	0.0	1	2012	7	9	1	8.416666667000001	9	0	0	1	1871	0.469166667	0.219722222	0.120277778	0.0	0.2125	0.0	0	0.170833333	0.0	0.43	0.0	0.603252
8302	1714	0	1	3	5	6	5	0.0	1	2012	7	9	1	12.5	77	1	0	0	1597	0.358611111	0.168055556	0.045	0.0	0.088888889	0.0	0	0.192777778	0.0	0.46	0.0	0.475504
8338	1721	3	1	4	3	1	1	1.0	1	2012	7	9	1	21.0	19	0	1	1	5498	1.340277778	0.507222222	0.130277778	0.0	0.321666667	0.108888889	1	0.302222222	3.0	0.96	0.0	0.199449
8344	1722	0	2	1	5	6	1	1.0	1	2012	7	9	1	18.91666667	29	0	1	0	720	0.171111111	0.055555556	0.0586111109999999	0.0	0.049444444	0.0	0	0.046944444	1.5	0.11	0.0	0.35503
8353	1725	0	0	3	1	2	1	1.0	1	2012	7	9	1	8.166666667000001	47	0	1	2	18915	4.540277778	1.354722222	0.258888889	0.7	0.0	0.083333333	1	1.014722222	4.2	3.22	0.0	0.427046
8370	1728	0	1	3	3	6	5	0.0	1	2012	7	9	1	11.16666667	74	1	0	0	1537	0.347222222	0.100277778	0.076666667	0.0	0.1575	0.0	0	0.115	0.0	0.25	0.0	0.635266
8392	1734	0	4	4	4	1	1	1.0	1	2012	7	10	2	15.5	45	0	1	2	3591	1.054166667	0.280833333	0.037222222	0.0	0.481111111	0.117777778	1	0.277777778	3.0	0.8	0.0	0.275
8398	1737	0	0	3	3	6	1	0.5	1	2012	7	10	2	15.5	44	0	1	0	3778	0.981111111	0.314722222	0.064722222	0.0	0.416666667	0.0	0	0.303888889	0.75	0.71	0.0	0.2751369999999999
8402	1738	0	1	3	1	6	1	1.0	1	2012	7	10	2	22.5	48	0	0	0	2903	1.456666667	0.296666667	0.103333333	0.0	0.19	0.0	0	0.248055556	1.5	0.75	0.0	0.295633
8409	1741	0	5	4	5	1	1	1.0	1	2012	7	10	2	16.75	51	1	1	2	3901	1.043611111	0.3275	0.049166667	0.0	0.687777778	0.0	0	0.370833333	1.5	0.94	0.0	0.298876
8420	1746	0	2	3	5	6	1	1.0	1	2012	7	10	2	17.25	32	1	1	0	9291	2.085833333	0.7936111109999999	0.210555556	0.2666666669999999	0.0	0.0	0	0.825	2.4	1.98	10.5	0.757239
8456	1751	0	10	4	3	1	1	1.0	1	2012	7	10	2	20.16666667	39	1	1	2	462	0.098055556	0.041944444	0.011111111	0.0	0.026666667	0.0	0	0.044722222	1.5	0.11	0.0	0.130435
8477	1754	3	1	4	2	2	5	0.0	1	2012	7	11	3	16.0	8	0	0	1	3202	0.8	0.2125	0.2166666669999999	0.0	0.1625	0.0	0	0.18	0.0	0.55	0.0	0.388889
8484	1755	1	0	4	3	1	5	0.0	1	2012	7	11	3	9.333333333	75	1	1	1	1648	0.419166667	0.141388889	0.0922222219999999	0.0	0.1375	0.0	0	0.125	0.0	0.33	0.0	0.333333
8492	1756	0	5	4	3	6	1	0.5	1	2012	7	11	3	18.25	44	1	0	0	4058	1.0794444440000002	0.491388889	0.224444444	0.133333333	0.205833333	0.111111111	1	0.263333333	2.45	0.78	0.0	0.206751
8500	1757	0	1	4	3	6	5	0.0	1	2012	7	11	3	11.16666667	64	1	1	0	2271	0.593611111	0.213611111	0.183333333	0.0	0.205	0.0	0	0.1625	0.0	0.45	0.0	0.278632
8515	1760	0	1	4	1	1	1	1.0	1	2012	7	11	3	18.66666667	23	0	1	2	6287	1.463611111	0.440555556	0.0	0.0	0.41	0.0	0	0.288055556	1.5	1.01	0.0	0.186114
8524	1762	0	0	3	3	6	5	0.0	1	2012	7	11	3	13.0	70	1	0	0	1994	0.48	0.1580555559999999	0.132222222	0.0	0.1166666669999999	0.0	0	0.145555556	0.0	0.34	0.0	0.263359
8525	1762	0	1	3	3	6	5	0.0	1	2012	7	11	3	14.83333333	70	1	0	0	1994	0.479166667	0.157222222	0.141388889	0.0	0.127222222	0.0	0	0.182777778	0.0	0.41	0.0	0.276596
8526	1762	1	0	3	3	6	5	0.0	1	2012	7	11	3	13.0	78	0	0	0	1994	0.48	0.1580555559999999	0.132222222	0.0	0.1166666669999999	0.0	0	0.145555556	0.0	0.34	0.0	0.263359
8527	1762	1	1	3	3	6	5	0.0	1	2012	7	11	3	14.83333333	78	0	0	0	1994	0.479166667	0.157222222	0.141388889	0.0	0.127222222	0.0	0	0.182777778	0.0	0.41	0.0	0.276596
8600	1774	0	1	4	5	1	5	0.0	1	2012	7	12	4	13.5	62	1	1	1	2168	0.512222222	0.2069444439999999	0.1772222219999999	0.083333333	0.0	0.0	0	0.231388889	0.0	0.5	10.5	0.8415370000000001
8609	1777	2	1	4	4	2	1	1.0	1	2012	7	12	4	15.5	33	0	1	1	14116	3.298888889	1.0775	0.368611111	0.466666667	0.0	0.1166666669999999	1	1.077222222	5.3	2.24	10.5	0.72228
8615	1779	1	1	3	3	6	5	0.0	1	2012	7	12	4	23.0	65	1	0	0	1371	0.310833333	0.094444444	0.106944444	0.0	0.031111111	0.0	0	0.104444444	0.0	0.26	0.0	0.101064
8627	1783	0	2	3	3	6	1	0.5	1	2012	7	12	4	10.5	24	1	0	0	1301	0.3238888889999999	0.103333333	0.096388889	0.0	0.1	0.0	0	0.1041666669999999	0.75	0.22	0.0	0.408
8630	1784	0	0	1	3	6	1	1.0	1	2012	7	12	4	9.5	38	1	1	0	726	0.261111111	0.078055556	0.24	0.0	0.026111111	0.0	0	0.101388889	1.5	0.22	0.0	0.194521
8637	1785	1	2	4	5	2	5	0.0	1	2012	7	12	4	10.75	65	1	1	1	1926	0.4452777779999999	0.175	0.125277778	0.0	0.134722222	0.0	0	0.098888889	0.0	0.27	0.0	0.264045
8646	1786	1	5	4	3	1	5	0.0	1	2012	7	12	4	22.75	61	0	0	1	1225	0.346388889	0.1555555559999999	0.0886111109999999	0.0	0.205	0.0736111109999999	1	0.131388889	0.0	0.47	0.0	0.143763
8651	1788	2	0	3	2	2	3	0.0	1	2012	7	12	4	7.5	13	0	0	1	3339	0.818888889	0.241111111	0.146111111	0.0	0.273055556	0.0	0	0.208888889	0.0	0.52	0.0	0.3643619999999999
8664	1790	3	1	3	1	6	1	1.0	1	2012	7	12	4	18.5	24	0	1	0	8889	2.136666667	0.755833333	0.177777778	0.333333333	0.1125	0.183333333	2	0.664444444	4.4	1.66	0.0	0.6981609999999999
8693	1797	3	1	4	1	1	1	1.0	1	2012	7	13	5	17.5	28	1	1	2	6741	1.6177777780000002	0.486111111	0.164722222	0.183333333	0.0777777779999999	0.1	1	0.285	3.9	1.03	0.0	0.5653020000000001
8696	1799	0	2	1	3	2	1	1.0	1	2012	7	13	5	9.5	41	0	1	1	566	0.148055556	0.086388889	0.0611111109999999	0.0	0.038055556	0.0	0	0.139444444	1.5	0.25	0.0	0.23506
8722	1804	2	0	3	4	6	1	1.0	1	2012	7	13	5	6.5	49	0	0	0	1347	0.309722222	0.0886111109999999	0.034722222	0.0	0.083611111	0.0	0	0.059722222	1.5	0.18	0.0	0.2
8723	1804	2	1	1	4	6	1	1.0	1	2012	7	13	5	15.0	49	0	0	0	1992	0.424722222	0.105	0.046666667	0.0	0.183333333	0.0	0	0.18	1.5	0.41	0.0	0.46142
8752	1812	0	4	4	4	2	1	1.0	1	2012	7	13	5	9.5	44	0	1	2	11266	2.623055556	0.879166667	0.226111111	0.566666667	0.0	0.0	0	0.736666667	2.4	1.89	0.0	0.633861
8753	1812	0	5	4	4	2	1	1.0	1	2012	7	13	5	14.5	44	0	1	2	1751	0.426388889	0.142777778	0.1275	0.0	0.130555556	0.0	0	0.1772222219999999	1.5	0.32	0.0	0.308777
8755	1812	0	7	4	4	2	1	1.0	1	2012	7	13	5	17.5	44	0	1	2	5624	1.279166667	0.4575	0.2469444439999999	0.0	0.548055556	0.0	0	0.395	1.5	0.92	0.0	0.513361
8768	1815	0	5	4	3	1	1	1.0	1	2012	7	13	5	14.78333333	61	1	1	2	3176	0.8361111109999999	0.290833333	0.184722222	0.0	0.238888889	0.083333333	1	0.1863888889999999	3.0	0.59	0.0	0.3517139999999999
8817	1822	0	1	3	3	6	5	0.0	1	2012	7	14	6	12.5	70	1	0	0	1893	0.500277778	0.161666667	0.096388889	0.0	0.185833333	0.0	0	0.184166667	0.0	0.44	0.0	0.357466
8841	1828	0	1	3	3	6	1	1.0	1	2012	7	14	6	17.5	20	1	0	0	1391	0.400277778	0.1222222219999999	0.081666667	0.0	0.245833333	0.0	0	0.148611111	1.5	0.36	0.0	0.082243
8849	1831	1	2	4	3	1	5	0.0	1	2012	7	14	6	16.0	64	0	1	2	4701	1.1175	0.295277778	0.351666667	0.0	0.246111111	0.0	0	0.309166667	0.0	0.92	0.0	0.232704
8853	1833	0	0	4	3	1	1	1.0	1	2012	7	14	6	16.0	50	1	1	2	1276	0.345555556	0.111388889	0.156944444	0.0	0.093888889	0.0	0	0.096666667	1.5	0.26	0.0	0.433908
8867	1838	0	0	1	3	1	1	1.0	1	2012	7	14	6	15.0	58	0	0	1	1817	0.435	0.163055556	0.052222222	0.0	0.15	0.0	0	0.13	1.5	0.38	0.0	0.290598
8888	1841	1	0	1	3	6	1	1.0	1	2012	7	14	6	10.0	35	0	1	0	1268	0.3375	0.105555556	0.126944444	0.0	0.073055556	0.0	0	0.111666667	1.5	0.25	0.0	0.154229
8892	1842	0	0	3	3	1	1	1.0	1	2012	7	14	6	13.0	28	0	1	1	11237	2.628888889	0.895833333	0.082222222	0.566666667	0.1166666669999999	0.2	2	0.84	3.9	2.19	10.5	0.6253310000000001
8894	1842	0	2	3	3	1	1	1.0	1	2012	7	14	6	22.5	28	0	1	1	10203	2.5613888890000003	0.873611111	0.1225	0.45	0.066666667	0.166666667	2	0.555277778	3.9	1.95	0.0	0.58029
8905	1844	1	1	3	5	1	1	1.0	1	2012	7	14	6	17.0	30	1	1	1	2850	0.630833333	0.293333333	0.045833333	0.1166666669999999	0.0	0.0	0	0.348611111	2.4	0.81	10.5	0.620717
8924	1849	1	1	4	3	1	1	1.0	1	2012	7	15	7	9.166666667	41	1	1	2	811	0.2022222219999999	0.054444444	0.151111111	0.0	0.0	0.0	0	0.048333333	1.5	0.17	0.0	0.0287356
8932	1850	1	0	4	3	1	5	0.0	1	2012	7	15	7	11.0	32	1	1	2	2242	0.526388889	0.133611111	0.2641666669999999	0.0	0.133333333	0.0	0	0.136388889	0.0	0.39	0.0	0.0590631
8959	1856	1	3	3	3	2	1	1.0	1	2012	7	16	1	22.75	27	1	1	1	8128	1.846388889	0.631388889	0.250555556	0.233333333	0.08	0.083333333	1	0.379444444	3.9	1.23	0.0	0.43631
8968	1860	0	0	1	3	2	1	1.0	1	2012	7	16	1	12.0	24	0	1	1	1164	0.303888889	0.105277778	0.086944444	0.0	0.083333333	0.0	0	0.106111111	1.5	0.19	0.0	0.28534
8970	1860	1	0	1	3	2	1	1.0	1	2012	7	16	1	12.0	24	1	1	1	1164	0.303888889	0.105277778	0.086944444	0.0	0.083333333	0.0	0	0.106111111	1.5	0.19	0.0	0.28534
8982	1861	3	1	3	1	1	1	1.0	1	2012	7	16	1	13.5	27	0	1	1	1328	0.311666667	0.13	0.090277778	0.0	0.083333333	0.0	0	0.156111111	1.5	0.47	0.0	0.2402139999999999
8992	1864	0	5	3	3	2	4	1.0	1	2012	7	16	1	15.58333333	42	1	0	1	4948	1.261944444	0.394166667	0.108611111	0.1	0.131944444	0.133333333	1	0.360277778	3.1	0.8	0.0	0.7178100000000001
9009	1866	0	0	3	1	6	1	1.0	1	2012	7	16	1	8.25	48	1	0	0	17154	4.068888889	1.2569444440000002	0.295833333	0.583333333	0.0	0.1	1	1.072222222	3.9	3.29	0.0	0.6448189999999999
9062	1881	0	2	3	3	6	1	1.0	1	2012	7	17	2	13.5	33	1	0	0	3699	0.948333333	0.38	0.265277778	0.1	0.0	0.0	0	0.259166667	1.5	0.69	0.0	0.22508
9075	1883	0	4	3	3	1	5	0.0	1	2012	7	17	2	18.5	67	1	1	2	1853	0.509166667	0.160833333	0.079166667	0.0	0.275	0.0	0	0.202777778	0.0	0.46	0.0	0.345205
9095	1890	0	1	3	5	6	5	0.0	1	2012	7	18	3	7.25	65	0	0	0	14529	3.3258333330000003	0.961666667	0.271666667	0.25	0.0	0.0	0	0.889166667	0.0	2.5	0.0	0.682912
9096	1890	0	2	3	5	6	5	0.0	1	2012	7	18	3	12.0	65	0	0	0	14529	3.349722222	0.9725	0.2369444439999999	0.316666667	0.1475	0.1	1	0.4819444439999999	0.0	2.11	0.0	0.395965
9102	1892	2	0	4	2	1	5	0.0	1	2012	7	18	3	8.833333332999999	6	1	0	2	1530	0.405277778	0.108333333	0.120277778	0.0	0.2275	0.0886111109999999	1	0.108888889	0.0	0.3	0.0	0.186224
9108	1893	1	1	4	5	1	5	0.0	1	2012	7	18	3	15.5	5	1	0	2	5417	1.242777778	0.413888889	0.106944444	0.2166666669999999	0.1	0.1166666669999999	1	0.373055556	0.0	0.98	10.5	0.650782
9128	1896	2	0	4	3	1	3	0.0	1	2012	7	18	3	8.5	11	1	0	2	3591	0.8413888890000001	0.2469444439999999	0.076111111	0.0	0.35	0.0	0	0.2394444439999999	0.0	0.66	0.0	0.540603
9150	1901	1	1	3	4	6	1	1.0	1	2012	7	18	3	19.5	50	0	0	0	10671	2.630555556	0.916388889	0.151388889	0.5166666670000001	0.0	0.066666667	1	0.7411111109999999	2.8	2.21	0.0	0.550225
9157	1903	0	0	3	3	6	5	0.0	1	2012	7	19	4	10.0	85	0	0	0	1666	0.4977777779999999	0.218055556	0.111111111	0.0	0.0886111109999999	0.0	0	0.1005555559999999	0.0	0.29	0.0	0.218232
9162	1903	1	2	1	3	6	5	0.0	1	2012	7	19	4	11.08333333	89	1	0	0	1167	0.301388889	0.101944444	0.112222222	0.0	0.0611111109999999	0.0	0	0.1011111109999999	0.0	0.25	0.0	0.0906593
9176	1909	0	0	4	3	2	1	1.0	1	2012	7	19	4	18.5	38	0	1	1	742	0.301111111	0.083888889	0.2019444439999999	0.0	0.040833333	0.0	0	0.068611111	1.5	0.18	0.0	0.546559
9186	1911	1	0	3	1	1	1	1.0	1	2012	7	19	4	11.5	28	0	1	2	24639	5.6172222220000005	1.766666667	0.168611111	0.583333333	0.183333333	0.183333333	2	1.2375	4.6	6.09	0.0	0.407856
9189	1912	0	1	3	1	1	1	1.0	1	2012	7	19	4	17.5	37	0	1	1	21511	4.593611111	1.340277778	0.1575	0.466666667	0.1	0.1166666669999999	1	1.150277778	6.59	3.54	10.5	0.5095390000000001
9223	1925	0	0	1	3	3	5	0.0	1	2012	7	19	4	13.16666667	70	1	1	1	477	0.12	0.056111111	0.0633333329999999	0.0	0.0269444439999999	0.0	0	0.041944444	0.0	0.1	0.0	0.198675
9224	1925	0	1	1	3	3	5	0.0	1	2012	7	19	4	14.0	70	1	1	1	477	0.1155555559999999	0.0502777779999999	0.0725	0.0	0.0475	0.0	0	0.072777778	0.0	0.15	0.0	0.385496
9225	1925	1	0	1	3	3	5	0.0	1	2012	7	19	4	13.16666667	72	0	1	1	477	0.12	0.056111111	0.0633333329999999	0.0	0.0269444439999999	0.0	0	0.041944444	0.0	0.1	0.0	0.198675
9247	1929	2	3	1	3	1	5	0.0	1	2012	7	20	5	19.5	9	1	0	2	441	0.108333333	0.036666667	0.0875	0.0	0.008611111	0.0	0	0.028333333	0.0	0.08	0.0	0.0882353
9294	1938	0	5	1	3	1	1	1.0	1	2012	7	20	5	14.58333333	44	1	1	2	683	0.253333333	0.089444444	0.148888889	0.0	0.08	0.0	0	0.0847222219999999	1.5	0.23	0.0	0.163934
9315	1943	0	1	3	3	6	5	0.0	1	2012	7	20	5	16.25	49	0	1	0	9325	2.199166667	0.743055556	0.150277778	0.283333333	0.143888889	0.1166666669999999	1	0.6425	0.0	1.5	0.0	0.728491
9316	1944	0	0	3	3	6	1	0.5	1	2012	7	20	5	13.0	47	0	0	0	2508	0.613611111	0.200833333	0.175	0.0	0.268055556	0.0	0	0.166944444	0.75	0.41	0.0	0.4509149999999999
9346	1948	0	2	4	5	1	1	1.0	1	2012	7	20	5	8.75	50	1	1	1	2678	0.727777778	0.2444444439999999	0.1225	0.0	0.304166667	0.0	0	0.238611111	1.5	0.7	0.0	0.317811
9365	1949	1	3	4	3	1	1	1.0	1	2012	7	20	5	11.18333333	36	1	1	1	4098	0.961388889	0.3238888889999999	0.05	0.0	0.362222222	0.0	0	0.225277778	1.5	0.72	0.0	0.284834
9368	1949	2	0	1	2	1	1	1.0	1	2012	7	20	5	9.0	18	0	0	1	669	0.175833333	0.045555556	0.098055556	0.0	0.046666667	0.0	0	0.040277778	1.5	0.14	0.0	0.0344828
9374	1951	0	0	3	3	6	1	1.0	1	2012	7	20	5	7.0	34	0	0	0	7473	1.815555556	0.566666667	0.190555556	0.2666666669999999	0.0	0.083333333	1	0.525	2.9	1.35	10.5	0.632804
9380	1952	1	0	3	4	2	1	1.0	1	2012	7	20	5	7.0	40	0	1	1	8376	2.106944444	0.718888889	0.325277778	0.466666667	0.0	0.0	0	0.557222222	3.3	1.37	10.5	0.530409
9396	1955	0	4	4	3	2	1	1.0	1	2012	7	21	6	16.0	54	0	1	2	3000	0.739722222	0.253611111	0.1180555559999999	0.0	0.21	0.088888889	1	0.1722222219999999	3.0	0.5	0.0	0.15
9401	1956	1	1	4	3	2	1	1.0	1	2012	7	21	6	15.75	36	1	1	2	2940	0.86	0.282777778	0.195277778	0.0	0.2713888889999999	0.0	0	0.17	1.5	0.5	0.0	0.0931373
9410	1959	0	1	4	3	1	1	1.0	1	2012	7	21	6	18.75	33	0	1	1	2492	0.6961111109999999	0.2191666669999999	0.195833333	0.1166666669999999	0.0	0.0	0	0.230277778	1.5	0.63	0.0	0.206273
9411	1959	1	0	4	3	1	1	1.0	1	2012	7	21	6	15.0	42	1	1	1	2492	0.7202777779999999	0.233333333	0.186944444	0.1	0.0	0.0	0	0.202777778	1.5	0.57	0.0	0.450685
9415	1960	0	3	3	5	1	1	1.0	1	2012	7	21	6	13.5	33	1	1	1	13268	3.085555556	0.976666667	0.135277778	0.433333333	0.116388889	0.230277778	2	0.632777778	3.79	2.07	0.0	0.605795
9446	1966	0	3	3	3	6	1	1.0	1	2012	7	21	6	18.25	28	0	0	0	9405	2.270555556	0.8552777779999999	0.219722222	0.2166666669999999	0.133333333	0.1166666669999999	1	0.6819444440000001	3.9	1.64	0.0	0.69165
9451	1967	0	5	4	5	1	1	1.0	1	2012	7	21	6	0.0	27	0	1	2	5695	1.418611111	0.418888889	0.163333333	0.233333333	0.0	0.0	0	0.464722222	2.4	1.15	0.0	0.6078899999999999
9456	1969	2	1	3	1	6	1	1.0	1	2012	7	21	6	15.0	26	0	0	0	11626	2.715	0.747777778	0.2044444439999999	0.4	0.15	0.1	1	0.662222222	4.3	1.86	0.0	0.597735
9461	1970	1	0	3	3	2	1	1.0	1	2012	7	21	6	12.0	39	1	0	1	3233	0.803333333	0.244722222	0.129444444	0.0	0.21	0.0	0	0.2238888889999999	1.5	0.53	0.0	0.276675
9475	1976	0	0	4	3	1	5	0.0	1	2012	7	21	6	10.0	73	1	0	1	5750	1.401666667	0.422777778	0.095833333	0.0	0.5327777779999999	0.064444444	1	0.2869444439999999	0.0	1.18	0.0	0.2933199999999999
9499	1984	1	0	4	3	1	1	1.0	1	2012	7	22	7	17.0	25	1	0	1	5826	1.431111111	0.4769444439999999	0.058888889	0.0	0.4538888889999999	0.1694444439999999	2	0.297222222	4.5	1.11	0.0	0.199065
9507	1986	0	3	1	3	1	1	1.0	1	2012	7	22	7	19.5	37	1	1	2	546	0.123333333	0.0352777779999999	0.036666667	0.0	0.044444444	0.0	0	0.044444444	1.5	0.11	0.0	0.00625
9513	1987	1	0	4	1	1	1	1.0	1	2012	7	22	7	9.0	36	0	1	2	1960	0.433611111	0.1222222219999999	0.083333333	0.0	0.097777778	0.0	0	0.0866666669999999	1.5	0.28	0.0	0.25
9520	1988	0	3	4	3	2	1	1.0	1	2012	7	22	7	17.0	31	1	1	2	7503	1.780833333	0.575833333	0.240555556	0.0	0.5741666670000001	0.0	0	0.443611111	1.5	1.09	0.0	0.486537
9523	1989	0	1	1	3	2	1	1.0	1	2012	7	22	7	12.25	43	0	1	2	478	0.364444444	0.116388889	0.256666667	0.0	0.036666667	0.0	0	0.2347222219999999	1.5	0.72	0.0	0.248521
9552	1995	0	6	4	3	2	5	0.0	1	2012	7	22	7	18.83333333	68	0	1	1	1681	0.475277778	0.140833333	0.123055556	0.0	0.138333333	0.0	0	0.123333333	0.0	0.32	0.0	0.171171
9558	1995	1	4	4	5	2	1	1.0	1	2012	7	22	7	13.75	54	1	1	1	3091	0.739166667	0.2191666669999999	0.072222222	0.0	0.251111111	0.167777778	1	0.195277778	3.0	0.58	0.0	0.429587
9609	2001	1	0	4	3	1	5	0.0	1	2012	7	22	7	8.5	76	0	1	1	825	0.225277778	0.0922222219999999	0.138333333	0.0	0.041388889	0.0	0	0.080277778	0.0	0.23	0.0	0.103806
9623	2005	0	3	1	5	2	1	1.0	1	2012	7	23	1	12.75	48	1	1	2	947	0.21	0.0611111109999999	0.045555556	0.0	0.041111111	0.0	0	0.0427777779999999	1.5	0.12	0.0	0.1428569999999999
9637	2007	0	1	3	1	1	1	0.0	1	2012	7	23	1	17.5	52	1	1	1	16386	4.0225	1.2661111109999998	0.113611111	0.3	0.6786111109999999	0.35	2	0.900277778	4.7	3.31	0.0	0.552607
9647	2010	0	1	3	1	6	1	1.0	1	2012	7	23	1	13.0	28	0	1	0	9633	2.372777778	0.8919444440000001	0.1591666669999999	0.35	0.12	0.25	2	0.6911111109999999	3.9	1.73	0.0	0.57717
9649	2012	0	0	3	1	6	1	1.0	1	2012	7	23	1	6.5	44	0	0	0	9306	2.2488888890000003	0.823888889	0.1747222219999999	0.35	0.0	0.1	1	0.604722222	3.3	1.63	10.5	0.3422139999999999
9661	2015	0	1	3	1	2	1	1.0	1	2012	7	24	2	18.0	30	1	1	2	11432	2.7386111110000004	0.8313888890000001	0.173888889	0.3833333329999999	0.133333333	0.2	2	0.793333333	5.4	1.73	0.0	0.526961
9681	2019	0	2	1	3	1	1	1.0	1	2012	7	24	2	16.0	24	0	0	1	689	0.161944444	0.068611111	0.083611111	0.0	0.033333333	0.0	0	0.054444444	1.5	0.13	0.0	0.22449
9684	2020	0	0	1	3	1	5	0.0	1	2012	7	24	2	17.0	61	1	1	1	1906	0.4633333329999999	0.140833333	0.156388889	0.0	0.133333333	0.0	0	0.149444444	0.0	0.38	0.0	0.334572
9690	2020	2	0	3	1	1	1	1.0	1	2012	7	24	2	7.5	31	0	0	1	17708	3.845555556	1.1625	0.254722222	0.6333333329999999	0.0	0.0	0	1.015277778	4.7	3.18	10.5	0.760055
9705	2025	0	2	4	3	1	1	1.0	1	2012	7	24	2	11.66666667	25	1	1	1	3462	0.924444444	0.267777778	0.076944444	0.0	0.2775	0.139166667	1	0.210277778	3.0	0.65	0.0	0.202114
9726	2028	2	0	3	1	1	5	0.0	1	2012	7	24	2	7.5	29	1	1	1	14931	3.406666667	1.0455555559999998	0.2688888889999999	0.466666667	0.0	0.066666667	1	1.164444444	0.0	3.21	10.5	0.627147
9765	2036	0	1	4	4	6	1	1.0	1	2012	7	24	2	20.83333333	38	1	1	1	19863	4.896944444	1.400833333	0.165277778	0.8666666670000001	0.0	0.133333333	1	0.6416666670000001	1.5	5.08	0.0	0.223377
9781	2040	0	3	3	1	1	1	1.0	1	2012	7	25	3	16.5	44	1	1	1	15774	3.752222222	1.358333333	0.151944444	0.366666667	0.0	0.1	1	1.1905555559999998	5.6	3.07	10.5	0.615726
9808	2046	3	0	1	3	1	5	0.0	1	2012	7	25	3	10.0	7	0	0	1	3579	0.823333333	0.258333333	0.25	0.0	0.205555556	0.0	0	0.262222222	0.0	0.65	0.0	0.271186
9814	2047	1	1	3	5	2	1	1.0	1	2012	7	25	3	8.083333332999999	38	0	1	1	14815	3.5561111110000003	1.146388889	0.096388889	0.55	0.230277778	0.136666667	1	1.147777778	5.4	2.76	10.5	0.6783640000000001
9836	2052	0	1	3	1	1	1	1.0	1	2012	7	25	3	15.0	38	0	1	1	6428	1.7430555559999998	0.4733333329999999	0.039722222	0.0	0.498333333	0.133333333	1	0.288611111	3.0	1.22	0.0	0.474495
9837	2053	0	0	1	3	1	1	1.0	1	2012	7	25	3	12.0	27	1	1	2	1166	0.319722222	0.081666667	0.127222222	0.0	0.083333333	0.0	0	0.140277778	1.5	0.36	0.0	0.154455
9839	2053	1	0	1	3	1	5	0.0	1	2012	7	25	3	12.0	6	1	0	2	1166	0.319722222	0.081666667	0.127222222	0.0	0.083333333	0.0	0	0.140277778	0.0	0.36	0.0	0.154455
9890	2062	5	0	3	3	2	5	0.0	1	2012	7	26	4	10.75	11	1	0	1	1286	0.330833333	0.125	0.075555556	0.0	0.1125	0.0	0	0.122777778	0.0	0.25	0.0	0.223982
9908	2066	0	0	3	3	1	1	0.0	1	2012	7	26	4	8.833333332999999	83	0	1	1	1310	0.3877777779999999	0.151666667	0.1036111109999999	0.0	0.15	0.0	0	0.113611111	0.0	0.37	0.0	0.132029
9917	2069	1	1	3	1	1	1	1.0	1	2012	7	26	4	17.5	26	1	1	1	3782	0.872777778	0.323333333	0.063888889	0.0	0.333333333	0.0	0	0.2044444439999999	1.5	0.6	0.0	0.309783
9965	2080	0	1	4	5	1	1	1.0	1	2012	7	26	4	9.75	25	1	1	2	13400	3.4311111110000003	1.044444444	0.5408333329999999	0.333333333	0.208333333	0.196666667	2	0.5247222220000001	3.9	3.44	0.0	0.2609849999999999
9973	2082	0	0	3	3	6	5	0.0	1	2012	7	27	5	11.0	82	0	0	0	8071	1.946388889	0.567222222	0.036111111	0.2666666669999999	0.068055556	0.128611111	1	0.349722222	0.0	1.15	0.0	0.1660049999999999
9978	2084	0	1	3	5	6	4	1.0	1	2012	7	27	5	16.5	55	0	0	0	13857	3.102222222	0.963888889	0.146666667	0.2666666669999999	0.033333333	0.133333333	1	0.943333333	4.15	2.31	0.0	0.755889
9988	2086	2	0	4	3	1	5	0.0	1	2012	7	27	5	10.25	10	1	0	2	1332	0.471666667	0.176388889	0.120833333	0.0	0.1	0.0	0	0.1411111109999999	0.0	0.43	0.0	0.0669291
10046	2094	1	2	3	3	6	1	1.0	1	2012	7	27	5	17.5	25	1	1	0	5044	1.201666667	0.498333333	0.1186111109999999	0.083333333	0.308333333	0.133333333	1	0.498611111	3.9	1.02	10.5	0.8289690000000001
10050	2096	0	0	3	1	6	1	1.0	1	2012	7	27	5	8.0	28	1	1	0	4249	1.011666667	0.298611111	0.296111111	0.133333333	0.0	0.1	1	0.4225	2.9	0.81	0.0	0.589086
10060	2097	1	1	3	5	1	1	1.0	1	2012	7	27	5	12.0	44	0	0	1	5475	1.348611111	0.376666667	0.068888889	0.133333333	0.0	0.0	0	0.3988888889999999	1.5	1.06	0.0	0.4289689999999999
10064	2099	2	0	3	4	1	1	1.0	1	2012	7	27	5	7.0	52	0	1	1	2754	0.703888889	0.270277778	0.308055556	0.0	0.164166667	0.0	0	0.229444444	1.5	0.6	10.5	0.541162
10067	2100	0	1	3	1	6	1	1.0	1	2012	7	27	5	19.5	29	0	1	0	10703	2.593611111	0.906388889	0.183055556	0.366666667	0.0	0.2166666669999999	2	0.737777778	2.8	1.98	0.0	0.547816
10072	2102	0	4	4	3	1	1	1.0	1	2012	7	27	5	23.25	48	0	1	1	5228	1.353055556	0.387222222	0.235277778	0.0	0.313611111	0.083333333	1	0.2394444439999999	3.0	0.85	0.0	0.187935
10089	2103	0	0	3	1	6	1	1.0	1	2012	7	27	5	8.0	48	1	1	0	4663	1.071666667	0.341388889	0.195833333	0.0	0.426111111	0.0	0	0.3625	1.5	0.78	10.5	0.8406129999999999
10110	2107	1	1	3	1	1	1	1.0	1	2012	7	27	5	16.5	36	0	1	1	11344	2.601666667	0.975	0.199166667	0.316666667	0.0	0.0	0	0.914444444	3.3	2.16	10.5	0.5637909999999999
10118	2109	0	3	3	5	6	1	1.0	1	2012	7	28	6	22.5	26	1	1	0	1267	0.343888889	0.108888889	0.150555556	0.033333333	0.0	0.0	0	0.204166667	2.4	0.33	0.0	0.638095
10126	2111	0	2	1	3	2	4	1.0	1	2012	7	28	6	13.5	24	0	1	1	640	0.188055556	0.070833333	0.1375	0.0	0.033333333	0.0	0	0.0711111109999999	1.5	0.14	0.0	0.242188
10131	2112	2	2	3	3	1	1	1.0	1	2012	7	28	6	20.33333333	21	0	1	1	1430	0.371944444	0.1216666669999999	0.193611111	0.0	0.083333333	0.0	0	0.108333333	1.5	0.32	0.0	0.102564
10144	2114	3	4	3	3	1	3	0.0	1	2012	7	28	6	17.0	15	1	0	1	13485	3.314166667	1.085277778	0.351111111	0.55	0.0	0.1166666669999999	1	0.933333333	0.75	2.63	10.5	0.55
10148	2115	0	1	3	4	1	4	1.0	1	2012	7	28	6	22.25	19	1	1	2	14058	3.443055556	1.258333333	0.233611111	0.5166666670000001	0.118333333	0.1	1	0.7483333329999999	3.35	2.58	0.0	0.354491
10159	2119	0	0	1	3	1	1	1.0	1	2012	7	28	6	9.0	34	1	1	1	826	0.242777778	0.100833333	0.177777778	0.0	0.0194444439999999	0.0	0	0.065277778	1.5	0.18	0.0	0.102128
10179	2123	1	0	4	3	1	5	0.0	1	2012	7	28	6	9.5	61	1	1	1	2856	0.695555556	0.1675	0.1863888889999999	0.0	0.183333333	0.0	0	0.178611111	0.0	0.51	0.0	0.25661
10184	2124	0	2	4	3	1	1	0.5	1	2012	7	28	6	10.5	41	0	1	2	4806	1.148888889	0.397222222	0.149166667	0.0	0.461666667	0.133333333	1	0.253888889	1.5	0.77	0.0	0.327133
10196	2126	1	5	4	5	2	4	1.0	1	2012	7	28	6	15.75	42	0	1	1	2165	0.479722222	0.159444444	0.031666667	0.0	0.1888888889999999	0.0	0	0.1180555559999999	1.5	0.29	0.0	0.261176
10222	2127	1	4	4	3	1	5	0.0	1	2012	7	28	6	12.75	69	0	1	2	3974	0.932222222	0.278333333	0.250833333	0.0	0.3	0.0	0	0.238333333	0.0	0.72	0.0	0.320513
10228	2129	1	0	3	3	6	1	1.0	1	2012	7	28	6	9.5	46	0	0	0	1349	0.322222222	0.095833333	0.0275	0.0	0.135555556	0.0	0	0.076388889	1.5	0.21	0.0	0.221818
10231	2130	0	5	4	3	1	1	1.0	1	2012	7	29	7	19.08333333	28	0	1	2	1885	0.5097222220000001	0.187222222	0.1694444439999999	0.0	0.094444444	0.0	0	0.110833333	1.5	0.35	0.0	0.0776942
10245	2135	3	0	4	3	1	1	0.0	1	2012	7	29	7	12.0	18	1	1	2	1632	0.411666667	0.143055556	0.2975	0.0	0.070833333	0.0	0	0.113333333	0.0	0.36	0.0	0.181373
10249	2136	0	2	4	3	1	1	1.0	1	2012	7	29	7	18.0	52	0	1	2	2349	0.6333333329999999	0.195277778	0.2475	0.0	0.1025	0.0	0	0.212222222	1.5	0.74	0.0	0.162304
10253	2136	2	2	4	3	1	3	0.0	1	2012	7	29	7	18.0	15	0	0	2	2349	0.6333333329999999	0.195277778	0.2475	0.0	0.1025	0.0	0	0.212222222	0.0	0.74	0.0	0.162304
10263	2139	0	0	3	3	6	5	0.0	1	2012	7	29	7	11.5	72	0	0	0	1143	0.315833333	0.183611111	0.077222222	0.0	0.107777778	0.0	0	0.117777778	0.0	0.39	0.0	0.396226
10302	2151	1	4	4	3	1	1	1.0	1	2012	7	29	7	22.0	33	0	1	2	2358	0.634166667	0.199166667	0.346388889	0.0	0.090555556	0.0	0	0.13	1.5	0.48	0.0	0.0534187999999999
10303	2152	0	0	4	3	1	1	1.0	1	2012	7	29	7	12.0	48	1	1	2	10864	2.5558333330000003	0.744166667	0.229444444	0.35	0.4144444439999999	0.217222222	1	0.565277778	4.1	2.09	0.0	0.334152
10329	2158	1	2	1	3	2	5	0.0	1	2012	7	30	1	14.0	65	1	0	1	998	0.2575	0.079444444	0.118333333	0.0	0.054166667	0.0	0	0.073888889	0.0	0.16	0.0	0.218045
10331	2158	2	1	1	3	2	1	1.0	1	2012	7	30	1	17.0	33	1	0	1	1356	0.370833333	0.1016666669999999	0.166388889	0.0	0.138333333	0.0	0	0.126388889	1.5	0.26	0.0	0.0593406999999999
10337	2159	2	1	4	5	1	1	1.0	1	2012	7	30	1	19.5	21	0	1	2	11665	2.917777778	1.003888889	0.4477777779999999	1.066666667	0.0	0.233333333	2	0.446944444	2.8	1.94	0.0	0.143567
10374	2168	0	3	3	3	2	5	0.0	1	2012	7	30	1	14.33333333	79	1	1	1	1820	0.502222222	0.149166667	0.051388889	0.0	0.162222222	0.0	0	0.110555556	0.0	0.29	0.0	0.130653
10389	2171	1	3	4	3	1	5	0.0	1	2012	7	30	1	18.0	6	1	0	2	700	0.1772222219999999	0.039444444	0.058888889	0.0	0.045277778	0.0	0	0.047777778	0.0	0.13	0.0	0.0
10437	2180	1	0	3	1	6	1	1.0	1	2012	7	31	2	16.5	60	0	0	0	3220	0.7483333329999999	0.24	0.138055556	0.0	0.385	0.096666667	1	0.290833333	3.0	0.58	0.0	0.6150909999999999
10471	2190	1	0	4	1	1	1	1.0	1	2012	7	31	2	8.25	57	1	1	1	7216	1.716666667	0.605555556	0.11	0.0	0.6316666670000001	0.0	0	0.393055556	1.5	1.16	0.0	0.421201
10509	2198	0	1	3	4	2	1	1.0	1	2012	7	31	2	11.0	43	0	1	1	3016	0.751388889	0.2369444439999999	0.257777778	0.1	0.0	0.0	0	0.344166667	2.4	0.54	10.5	0.82163
10519	2202	0	0	4	1	1	1	1.0	1	2012	8	1	3	8.5	26	1	1	2	1692	0.409166667	0.1180555559999999	0.135833333	0.0	0.114722222	0.0	0	0.128333333	1.5	0.35	0.0	0.155844
10597	2220	2	0	3	3	1	3	0.0	1	2012	8	1	3	14.0	12	1	0	1	1851	0.476666667	0.143333333	0.198333333	0.0	0.163333333	0.0	0	0.170833333	0.0	0.42	0.0	0.356098
10613	2223	0	3	4	3	1	1	1.0	1	2012	8	2	4	17.0	45	1	1	1	622	0.226944444	0.063611111	0.1580555559999999	0.0	0.05	0.0	0	0.071388889	1.5	0.19	0.0	0.0894942
10623	2225	1	3	2	5	6	1	1.0	1	2012	8	2	4	19.5	39	0	1	0	2059	0.494444444	0.220277778	0.1963888889999999	0.05	0.0	0.0	0	0.339722222	2.4	0.65	0.0	0.5772689999999999
10627	2227	1	0	4	3	1	5	0.0	1	2012	8	2	4	11.0	64	0	1	1	7379	1.759166667	0.565277778	0.2738888889999999	0.0	0.410555556	0.14	1	0.3275	0.0	1.17	0.0	0.115352
10635	2228	2	0	4	1	1	4	1.0	1	2012	8	2	4	6.75	23	0	1	1	4636	1.179722222	0.357222222	0.313611111	0.0	0.2	0.0	0	0.196111111	1.5	0.88	0.0	0.137394
10636	2228	2	1	4	5	1	4	1.0	1	2012	8	2	4	11.0	23	0	1	1	601	0.187222222	0.072222222	0.115277778	0.0	0.017777778	0.0	0	0.053888889	1.5	0.14	0.0	0.128866
10639	2228	2	4	4	3	1	4	1.0	1	2012	8	2	4	13.0	23	0	1	1	2106	0.58	0.198611111	0.115	0.0	0.209166667	0.096388889	1	0.1197222219999999	3.0	0.4	0.0	0.0649651999999999
10644	2230	0	1	1	5	6	1	1.0	1	2012	8	2	4	16.83333333	55	1	1	0	557	0.1719444439999999	0.0891666669999999	0.0925	0.0	0.0269444439999999	0.0	0	0.098055556	1.5	0.24	0.0	0.195467
10663	2236	1	1	3	3	2	1	1.0	1	2012	8	2	4	15.83333333	32	1	0	1	2966	0.8580555559999999	0.2925	0.1422222219999999	0.05	0.0	0.0	0	0.2097222219999999	1.5	0.53	0.0	0.390728
10665	2237	1	1	4	1	1	1	1.0	1	2012	8	3	5	16.25	52	0	1	2	17246	4.166111111	1.348611111	0.2797222219999999	0.7333333329999999	0.0	0.183333333	2	0.556944444	4.6	2.3	0.0	0.3705739999999999
10667	2238	2	0	3	4	2	2	0.0	1	2012	8	3	5	7.0	17	1	0	1	21545	4.889722222	1.414444444	0.2688888889999999	0.75	0.0	0.166666667	1	1.17	3.9	3.22	0.0	0.611111
10681	2243	2	0	4	3	1	1	1.0	1	2012	8	3	5	20.5	19	0	1	2	6158	1.4647222219999998	0.533611111	0.163333333	0.166666667	0.146666667	0.1166666669999999	1	0.318333333	3.4	1.0	0.0	0.32897
10692	2245	0	1	3	3	6	5	0.0	1	2012	8	3	5	16.0	53	0	0	0	4827	1.0875	0.375555556	0.140555556	0.0	0.443611111	0.0	0	0.3519444439999999	0.0	0.9	0.0	0.413575
10695	2245	2	0	3	3	6	1	1.0	1	2012	8	3	5	14.0	18	1	0	0	4827	1.102777778	0.358888889	0.133055556	0.0	0.505277778	0.0	0	0.349722222	1.5	0.84	0.0	0.355838
10703	2247	0	0	3	3	6	1	1.0	1	2012	8	3	5	12.25	48	0	1	0	2400	0.5675	0.170555556	0.1794444439999999	0.0	0.153333333	0.0	0	0.1772222219999999	1.5	0.42	0.0	0.253918
10726	2252	0	0	3	3	6	1	1.0	1	2012	8	3	5	9.0	25	0	0	0	8428	2.069166667	0.653055556	0.200277778	0.366666667	0.023611111	0.133333333	1	0.563888889	4.4	1.5	10.5	0.4118229999999999
10729	2252	0	3	1	5	6	1	1.0	1	2012	8	3	5	19.5	25	0	0	0	1445	0.352222222	0.201666667	0.101944444	0.066666667	0.0	0.0	0	0.226944444	2.4	0.46	0.0	0.730722
10738	2254	3	1	1	3	6	5	0.0	1	2012	8	3	5	16.63333333	8	1	0	0	209	0.071388889	0.0258333329999999	0.045555556	0.0	0.011111111	0.0	0	0.025	0.0	0.05	0.0	0.0555556
10748	2257	0	0	3	1	6	1	1.0	1	2012	8	3	5	8.0	29	0	1	0	11034	2.582222222	0.867777778	0.3238888889999999	0.683333333	0.0	0.0	0	0.801388889	2.9	1.82	10.5	0.842634
10783	2266	0	4	1	3	6	4	1.0	1	2012	8	4	6	21.0	27	1	1	0	377	0.098888889	0.0505555559999999	0.036666667	0.0	0.0233333329999999	0.0	0	0.0233333329999999	1.5	0.06	0.0	0.488095
10796	2269	0	1	1	3	1	1	1.0	1	2012	8	4	6	12.0	40	1	0	1	3463	0.7908333329999999	0.245	0.1075	0.0	0.25	0.0	0	0.1963888889999999	1.5	0.56	0.0	0.3606789999999999
10831	2278	3	1	3	3	1	1	1.0	1	2012	8	5	7	21.5	18	1	1	1	25066	5.933888889	1.937222222	0.1475	0.8	0.234166667	0.239166667	2	1.065	4.3	3.99	0.0	0.365415
10852	2282	1	1	4	3	4	5	0.0	1	2012	8	5	7	10.91666667	68	0	1	2	1550	0.403611111	0.143888889	0.101944444	0.0	0.083055556	0.0	0	0.072777778	0.0	0.4	0.0	0.0458015
10853	2282	1	3	4	3	4	5	0.0	1	2012	8	5	7	17.75	68	0	1	2	3996	1.203888889	0.406388889	0.179722222	0.0	0.363888889	0.164444444	1	0.263055556	0.0	1.31	0.0	0.152059
10863	2286	0	0	4	3	1	1	1.0	1	2012	8	5	7	18.0	35	0	1	1	8810	2.068055556	0.6708333329999999	0.133888889	0.0	0.614444444	0.15	1	0.289722222	3.0	1.59	0.0	0.274209
10892	2297	0	0	3	1	6	1	1.0	1	2012	8	6	1	4.516666667	59	0	0	0	4960	1.311944444	0.436666667	0.204166667	0.05	0.183333333	0.283333333	1	0.300277778	3.0	0.9	0.0	0.1100829999999999
10895	2297	3	1	3	1	6	1	1.0	1	2012	8	6	1	17.0	26	1	0	0	2715	0.669166667	0.2019444439999999	0.2725	0.0	0.198333333	0.0	0	0.268055556	1.5	0.62	0.0	0.357513
10900	2299	1	0	3	1	1	1	0.0	1	2012	8	6	1	11.5	52	1	0	1	1749	0.5247222220000001	0.173611111	0.128611111	0.0	0.180277778	0.0	0	0.177777778	0.0	0.45	0.0	0.229687
10925	2303	0	0	1	1	1	1	1.0	1	2012	8	6	1	10.0	29	1	1	2	1754	0.504722222	0.2344444439999999	0.195	0.066666667	0.0	0.0	0	0.300277778	2.4	0.64	10.5	0.788159
10928	2304	0	1	2	4	6	1	1.0	1	2012	8	6	1	19.0	46	0	0	0	2671	0.705555556	0.273055556	0.145833333	0.0	0.32	0.0	0	0.279166667	1.5	0.61	0.0	0.5910449999999999
10932	2305	2	1	4	1	1	1	1.0	1	2012	8	6	1	20.0	25	1	1	1	2502	0.6175	0.245555556	0.1197222219999999	0.0	0.219722222	0.0	0	0.267222222	1.5	0.73	0.0	0.3492719999999999
10948	2309	0	0	1	3	6	1	1.0	1	2012	8	7	2	9.0	47	0	0	0	726	0.206388889	0.090555556	0.103333333	0.0	0.05	0.0	0	0.088055556	1.5	0.2	0.0	0.299685
10951	2309	0	3	3	3	6	1	1.0	1	2012	8	7	2	15.16666667	47	0	0	0	1641	0.374444444	0.091111111	0.100277778	0.0	0.195	0.0	0	0.167222222	1.5	0.31	0.0	0.315615
10986	2317	1	4	4	3	1	1	1.0	1	2012	8	7	2	21.0	41	0	1	2	11919	2.6980555560000004	0.7411111109999999	0.2238888889999999	0.233333333	0.083333333	0.316666667	2	0.376666667	4.1	1.59	0.0	0.182891
11001	2318	3	3	1	3	3	1	1.0	1	2012	8	7	2	20.0	20	1	1	1	1290	0.332777778	0.116944444	0.1675	0.0	0.08	0.0	0	0.136388889	1.5	0.33	0.0	0.230143
11003	2319	0	0	3	3	6	1	1.0	1	2012	8	7	2	7.0	39	0	0	0	8513	2.283611111	0.7030555559999999	0.487222222	0.333333333	0.0	0.1	1	0.573888889	1.7	1.55	0.0	0.368345
11024	2325	0	0	3	1	1	1	1.0	1	2012	8	7	2	8.833333332999999	41	1	1	2	6815	1.743333333	0.570555556	0.353888889	0.283333333	0.0	0.0	0	0.605555556	3.3	1.45	10.5	0.666972
11052	2331	1	1	1	3	1	1	1.0	1	2012	8	8	3	22.75	45	0	1	1	3967	0.956666667	0.293055556	0.253611111	0.0	0.3338888889999999	0.0	0	0.213333333	1.5	0.85	0.0	0.139323
11064	2334	2	1	1	5	6	5	0.0	1	2012	8	8	3	13.83333333	8	1	0	0	79	0.176388889	0.102777778	0.151944444	0.0	0.027777778	0.0	0	0.0194444439999999	0.0	0.04	0.0	0.128571
11080	2336	1	6	4	1	1	1	1.0	1	2012	8	8	3	17.85	45	0	1	2	3703	0.923611111	0.302222222	0.138611111	0.0	0.371111111	0.0	0	0.218333333	1.5	0.62	0.0	0.276081
11084	2337	0	1	1	3	1	1	1.0	1	2012	8	8	3	14.58333333	41	1	1	2	1194	0.2713888889999999	0.090833333	0.0577777779999999	0.0	0.075277778	0.0	0	0.1186111109999999	1.5	0.34	0.0	0.1077279999999999
11095	2341	0	3	1	5	1	1	1.0	1	2012	8	9	4	17.5	47	0	1	2	946	0.212222222	0.059444444	0.0536111109999999	0.083333333	0.0	0.0	0	0.0897222219999999	2.4	0.19	10.5	0.547988
11100	2342	1	2	4	3	6	5	0.0	1	2012	8	9	4	13.5	54	0	1	2	3193	0.8452777779999999	0.299166667	0.3675	0.0	0.283333333	0.0	0	0.258611111	0.0	0.61	0.0	0.410311
11136	2352	0	3	3	1	1	1	1.0	1	2012	8	10	5	19.0	32	0	1	1	12643	2.923333333	0.921944444	0.243888889	0.35	0.066666667	0.166666667	1	0.7869444440000001	4.4	3.24	0.0	0.451112
11150	2353	1	5	4	3	1	4	1.0	1	2012	8	10	5	23.5	25	1	1	2	3756	0.958333333	0.298333333	0.275	0.166666667	0.0	0.0	0	0.227777778	1.6	0.71	0.0	0.49878
11170	2359	1	0	3	3	6	5	0.0	1	2012	8	10	5	12.0	6	0	0	0	744	0.163888889	0.075833333	0.044722222	0.0	0.045555556	0.0	0	0.082777778	0.0	0.2	0.0	0.0637584
11216	2370	2	0	3	3	6	4	0.5	1	2012	8	11	6	13.5	34	1	0	0	8018	1.952222222	0.598055556	0.2691666669999999	0.183333333	0.1566666669999999	0.15	1	0.6052777779999999	2.0	1.43	0.0	0.676916
11233	2372	4	4	3	3	6	5	0.0	1	2012	8	11	6	15.16666667	7	0	0	0	4386	1.097777778	0.439166667	0.168055556	0.133333333	0.0	0.1166666669999999	1	0.3702777779999999	0.0	0.93	10.5	0.7081770000000001
11234	2373	0	0	4	3	1	1	1.0	1	2012	8	11	6	11.0	31	1	1	1	4843	1.2725	0.355555556	0.2763888889999999	0.0	0.378611111	0.0	0	0.300833333	1.5	0.97	0.0	0.23638
11237	2373	0	6	4	3	1	1	1.0	1	2012	8	11	6	13.93333333	31	1	1	1	1904	0.53	0.159444444	0.190277778	0.0	0.1694444439999999	0.0	0	0.1030555559999999	1.5	0.35	0.0	0.256065
11242	2374	1	6	1	5	1	1	1.0	1	2012	8	11	6	21.25	26	0	1	2	1268	0.31	0.1155555559999999	0.126944444	0.0	0.074722222	0.0	0	0.073333333	1.5	0.21	0.0	0.435606
11260	2378	0	0	3	3	1	1	1.0	1	2012	8	12	7	8.0	45	1	0	1	1286	0.344166667	0.1075	0.185	0.0	0.036944444	0.0	0	0.143333333	1.5	0.38	0.0	0.137597
11283	2383	3	1	4	3	1	1	1.0	1	2012	8	12	7	15.75	20	0	0	1	3598	0.906666667	0.259444444	0.169166667	0.133333333	0.0	0.0	0	0.210555556	1.5	0.67	0.0	0.225594
11301	2388	0	0	3	3	6	5	0.0	1	2012	8	13	1	11.0	66	0	1	0	1307	0.306111111	0.091388889	0.166666667	0.0	0.048611111	0.0	0	0.137777778	0.0	0.27	0.0	0.282258
11313	2390	1	1	1	3	2	1	1.0	1	2012	8	13	1	23.83333333	19	0	0	1	1603	0.413888889	0.121944444	0.1963888889999999	0.0	0.1041666669999999	0.0	0	0.095	1.5	0.25	0.0	0.0730994
11315	2390	2	1	1	3	2	2	0.0	1	2012	8	13	1	23.83333333	17	0	0	1	1603	0.413888889	0.121944444	0.1963888889999999	0.0	0.1041666669999999	0.0	0	0.095	0.0	0.25	0.0	0.0730994
11339	2394	0	1	3	3	6	1	1.0	1	2012	8	13	1	13.0	59	1	0	0	1374	0.373888889	0.108888889	0.118333333	0.0	0.135833333	0.0	0	0.145555556	1.5	0.33	0.0	0.4484729999999999
11342	2395	2	0	1	3	6	1	0.0	1	2012	8	13	1	20.0	18	0	0	0	848	0.256666667	0.105833333	0.184722222	0.0	0.1	0.0	0	0.076111111	0.0	0.18	0.0	0.138686
11363	2402	1	0	4	3	1	1	1.0	1	2012	8	13	1	12.25	32	1	1	2	2127	0.495555556	0.123611111	0.083611111	0.0	0.1325	0.0	0	0.131666667	1.5	0.36	0.0	0.261603
11369	2402	2	0	4	3	1	5	0.0	1	2012	8	13	1	12.25	5	1	0	2	2127	0.495555556	0.123611111	0.083611111	0.0	0.1325	0.0	0	0.131666667	0.0	0.36	0.0	0.261603
11383	2404	0	3	1	2	6	1	1.0	1	2012	8	13	1	20.5	28	1	1	0	831	0.2075	0.100277778	0.098333333	0.0	0.041666667	0.0	0	0.0586111109999999	1.5	0.15	0.0	0.2938389999999999
11395	2407	1	3	3	3	6	3	0.0	1	2012	8	14	2	12.0	14	1	0	0	4092	0.981666667	0.398611111	0.243055556	0.15	0.0	0.0	0	0.316388889	0.75	0.75	0.0	0.356453
11397	2407	2	2	3	3	6	5	0.0	1	2012	8	14	2	10.0	5	0	0	0	4092	0.970555556	0.280555556	0.249444444	0.1166666669999999	0.0	0.0	0	0.266111111	0.0	0.7	0.0	0.3496869999999999
11419	2413	0	0	3	3	1	5	0.0	1	2012	8	14	2	10.66666667	76	0	1	2	1048	0.315833333	0.095833333	0.121388889	0.0	0.098055556	0.0	0	0.075	0.0	0.22	0.0	0.114815
11463	2424	3	0	3	1	1	1	1.0	1	2012	8	15	3	7.5	25	0	1	1	15685	3.628333333	1.171944444	0.176111111	0.6	0.0	0.0	0	0.990833333	1.7	2.78	0.0	0.692459
11475	2429	2	3	2	5	1	1	1.0	1	2012	8	15	3	17.0	27	1	1	1	5974	1.435277778	0.486111111	0.2613888889999999	0.1166666669999999	0.235555556	0.1166666669999999	1	0.561388889	4.3	1.34	0.0	0.5418109999999999
11531	2442	0	0	4	3	1	5	0.0	1	2012	8	16	4	14.0	86	1	1	2	1611	0.541944444	0.1725	0.101944444	0.0	0.1422222219999999	0.0922222219999999	1	0.093333333	0.0	0.34	0.0	0.0297619
11547	2444	1	2	4	3	1	1	0.0	1	2012	8	16	4	21.5	52	0	1	1	4207	0.960277778	0.309722222	0.056944444	0.0	0.261111111	0.088888889	1	0.2191666669999999	0.0	0.66	0.0	0.281369
11581	2449	0	0	4	3	5	1	1.0	1	2012	8	16	4	8.25	38	1	1	2	1828	0.438333333	0.125	0.123888889	0.0	0.105277778	0.0	0	0.095277778	1.5	0.41	0.0	0.116618
11593	2449	2	2	1	5	1	3	0.0	1	2012	8	16	4	11.41666667	12	1	0	2	306	0.109444444	0.066111111	0.065	0.0	0.034722222	0.0	0	0.0625	0.0	0.17	0.0	0.226667
11599	2449	3	1	4	3	1	5	0.0	1	2012	8	16	4	9.083333333	8	1	0	2	1828	0.434722222	0.1166666669999999	0.106111111	0.0	0.118888889	0.0	0	0.095555556	0.0	0.32	0.0	0.244186
11611	2452	0	0	3	1	1	1	1.0	1	2012	8	16	4	6.833333333	36	0	1	2	24734	5.503888889	1.864722222	0.293888889	0.65	0.0	0.2666666669999999	2	1.239166667	8.6	3.83	10.5	0.671822
11617	2453	0	0	3	1	6	1	1.0	1	2012	8	16	4	6.75	52	1	1	0	17931	4.165277778	1.200277778	0.108888889	0.7333333329999999	0.0	0.1	1	1.042777778	3.9	2.79	10.5	0.586841
11618	2453	0	1	3	1	6	1	1.0	1	2012	8	16	4	16.0	52	1	1	0	17931	4.1775	1.261666667	0.109166667	0.683333333	0.0	0.1166666669999999	1	1.168055556	3.9	2.86	10.5	0.640904
11659	2460	1	0	3	3	6	5	0.0	1	2012	8	17	5	12.5	10	0	0	0	2423	0.583055556	0.200833333	0.044166667	0.0	0.185	0.0	0	0.160555556	0.0	0.42	0.0	0.269896
11720	2470	2	0	4	1	2	1	1.0	1	2012	8	17	5	8.833333332999999	22	1	1	1	2487	0.538611111	0.137777778	0.244722222	0.0	0.133055556	0.0	0	0.144166667	1.5	0.37	0.0	0.285164
11739	2477	1	1	1	3	2	1	1.0	1	2012	8	18	6	16.0	51	0	1	1	844	0.25	0.095833333	0.1255555559999999	0.0	0.113333333	0.0	0	0.072777778	1.5	0.15	0.0	0.362595
11760	2484	0	7	4	5	1	5	0.0	1	2012	8	19	7	12.0	69	1	1	2	2076	0.616944444	0.196666667	0.1838888889999999	0.0	0.157777778	0.0	0	0.136388889	0.0	0.45	0.0	0.089613
11779	2491	0	0	4	3	2	1	1.0	1	2012	8	19	7	6.0	32	0	1	1	3776	0.88	0.300833333	0.263333333	0.0	0.16	0.0	0	0.1819444439999999	1.5	0.57	0.0	0.0274809
11796	2492	3	0	4	3	2	5	0.0	1	2012	8	19	7	11.75	10	0	0	1	1456	0.366388889	0.121388889	0.114444444	0.0	0.083333333	0.0	0	0.129444444	0.0	0.27	0.0	0.201717
11801	2494	0	2	4	3	1	1	1.0	1	2012	8	19	7	12.75	38	1	1	1	4177	1.018055556	0.295	0.106388889	0.0	0.374722222	0.0	0	0.2444444439999999	1.5	0.77	0.0	0.209091
11802	2494	1	0	4	3	1	1	1.0	1	2012	8	19	7	9.5	36	0	1	1	6504	1.611388889	0.515	0.063888889	0.0	0.601111111	0.182222222	1	0.287777778	3.0	1.04	0.0	0.210425
11809	2494	3	1	4	5	1	5	0.0	1	2012	8	19	7	11.83333333	6	0	0	1	2485	0.6780555559999999	0.18	0.176388889	0.0	0.2638888889999999	0.0	0	0.1422222219999999	0.0	0.43	0.0	0.363281
11831	2499	2	0	3	4	2	1	1.0	1	2012	8	19	7	21.0	45	0	0	1	8541	2.177222222	0.707777778	0.170555556	0.316666667	0.0	0.183333333	1	0.4638888889999999	5.0	1.31	0.0	0.364072
11835	2502	0	0	3	3	6	5	0.0	1	2012	8	20	1	10.5	78	1	0	0	1137	0.373611111	0.104444444	0.1	0.0	0.1066666669999999	0.0	0	0.12	0.0	0.31	0.0	0.0902778
11843	2505	0	0	4	3	2	4	1.0	1	2012	8	20	1	11.5	60	1	1	2	19713	4.696666667	1.319166667	0.1072222219999999	0.566666667	0.0	0.1166666669999999	1	0.961666667	3.2	3.23	0.0	0.573368
11845	2505	0	2	4	3	2	4	1.0	1	2012	8	20	1	17.25	60	1	1	2	5055	1.200833333	0.320555556	0.083611111	0.166666667	0.2666666669999999	0.1	1	0.262777778	3.15	0.84	0.0	0.274841
11847	2506	0	0	1	3	1	1	1.0	1	2012	8	20	1	7.5	51	0	1	2	767	0.2119444439999999	0.1197222219999999	0.124722222	0.0	0.035555556	0.0	0	0.0627777779999999	1.5	0.14	0.0	0.207965
11865	2508	1	2	4	3	2	5	0.0	1	2012	8	20	1	15.33333333	66	0	1	1	9763	2.311666667	0.681111111	0.163888889	0.6	0.0	0.1	1	0.7080555559999999	0.0	1.62	0.0	0.544135
11868	2509	0	1	1	3	1	1	1.0	1	2012	8	20	1	14.5	54	1	1	1	1241	0.3375	0.1197222219999999	0.178888889	0.0	0.049444444	0.0	0	0.081944444	1.5	0.25	0.0	0.305085
11871	2510	1	0	4	1	1	1	1.0	1	2012	8	20	1	8.5	49	1	1	1	9781	2.333333333	0.7566666670000001	0.251111111	0.15	0.374166667	0.133333333	1	0.496388889	3.9	1.7	0.0	0.559597
11875	2510	4	0	4	3	1	4	0.5	1	2012	8	20	1	17.5	20	1	0	1	5466	1.175	0.311111111	0.153055556	0.0	0.306111111	0.0	0	0.281666667	0.75	0.82	0.0	0.42998
11883	2513	0	0	3	3	1	1	1.0	1	2012	8	20	1	13.5	53	1	1	1	7561	1.726666667	0.629444444	0.146111111	0.233333333	0.0	0.0	0	0.36	1.5	1.45	0.0	0.4158949999999999
11884	2513	0	3	3	3	1	1	1.0	1	2012	8	20	1	20.33333333	53	1	1	1	7527	1.726944444	0.638888889	0.133888889	0.233333333	0.0	0.0	0	0.351111111	1.5	1.45	0.0	0.2286389999999999
11886	2514	0	1	4	3	1	5	0.0	1	2012	8	20	1	12.5	80	0	1	1	1887	0.533055556	0.147777778	0.214722222	0.033333333	0.0	0.0	0	0.151666667	0.0	0.48	0.0	0.35348
11890	2515	1	0	4	1	2	5	0.0	1	2012	8	20	1	7.75	60	1	1	1	2189	0.646944444	0.203333333	0.136388889	0.0	0.150277778	0.0	0	0.142777778	0.0	0.41	0.0	0.126459
11913	2522	0	0	1	3	6	4	0.5	1	2012	8	21	2	14.0	22	0	0	0	1114	0.2847222219999999	0.099722222	0.143055556	0.0	0.063055556	0.0	0	0.0897222219999999	0.75	0.22	0.0	0.263158
11920	2524	0	1	3	5	6	4	1.0	1	2012	8	21	2	13.0	42	0	0	0	2358	0.588055556	0.217777778	0.1988888889999999	0.1166666669999999	0.0	0.0	0	0.222222222	1.6	0.54	10.5	0.6225
11948	2531	0	1	1	4	1	1	1.0	1	2012	8	21	2	17.0	38	1	0	2	1186	0.289166667	0.1175	0.0580555559999999	0.0	0.149166667	0.0	0	0.1825	1.5	0.42	10.5	0.69863
11957	2532	2	4	4	3	1	4	1.0	1	2012	8	21	2	18.5	21	1	1	1	3874	0.910833333	0.272777778	0.066944444	0.0	0.263611111	0.0	0	0.228611111	1.5	0.62	0.0	0.496962
11958	2532	2	5	4	3	1	4	1.0	1	2012	8	21	2	20.5	21	1	1	1	3874	0.846944444	0.222777778	0.05	0.0	0.195833333	0.0	0	0.1769444439999999	1.5	0.57	0.0	0.180534
11976	2536	3	3	4	3	1	5	0.0	1	2012	8	21	2	20.0	6	1	0	1	2571	0.695	0.1825	0.376666667	0.05	0.0	0.0	0	0.132777778	0.0	0.61	0.0	0.104603
11984	2538	0	2	3	3	6	1	1.0	1	2012	8	21	2	21.0	32	1	1	0	10144	2.560277778	0.924722222	0.1863888889999999	0.45	0.0	0.066666667	1	0.591111111	2.4	1.94	0.0	0.5093989999999999
11996	2542	1	1	3	4	1	1	1.0	1	2012	8	22	3	14.25	37	0	1	1	6585	1.531666667	0.61	0.1575	0.1166666669999999	0.1	0.1166666669999999	1	0.4769444439999999	3.9	1.33	10.5	0.635411
12009	2545	0	2	4	5	2	1	1.0	1	2012	8	22	3	18.16666667	69	0	1	2	2527	0.5691666670000001	0.150277778	0.0861111109999999	0.0	0.241388889	0.0	0	0.2263888889999999	1.5	0.4	0.0	0.719018
12059	2559	0	0	4	3	1	4	1.0	1	2012	8	22	3	17.5	24	0	1	1	1915	0.4175	0.099722222	0.032222222	0.0	0.153055556	0.0	0	0.131388889	1.5	0.33	0.0	0.414376
12102	2569	0	1	3	1	1	1	1.0	1	2012	8	23	4	17.16666667	55	1	1	2	20702	4.913888889	1.436111111	0.213055556	0.75	0.118333333	0.1166666669999999	1	0.963611111	6.59	3.18	10.5	0.576535
12130	2577	0	4	4	3	1	5	0.0	1	2012	8	24	5	11.0	57	1	1	2	2414	0.631388889	0.2047222219999999	0.243611111	0.0	0.166666667	0.0	0	0.2072222219999999	0.0	0.56	0.0	0.126005
12144	2579	0	0	3	3	6	5	0.0	1	2012	8	24	5	12.0	80	1	0	0	1834	0.561111111	0.186111111	0.171666667	0.0	0.232777778	0.0	0	0.211388889	0.0	0.47	0.0	0.222076
12145	2579	0	1	3	3	6	5	0.0	1	2012	8	24	5	15.0	80	1	0	0	1834	0.5708333329999999	0.206388889	0.16	0.0	0.307222222	0.0	0	0.245277778	0.0	0.61	0.0	0.553794
12162	2585	0	1	4	3	6	5	0.0	1	2012	8	24	5	20.0	63	0	1	0	4590	1.1275	0.394444444	0.2175	0.233333333	0.0	0.0	0	0.353888889	0.0	1.16	0.0	0.515699
12164	2585	0	3	3	3	6	5	0.0	1	2012	8	24	5	23.5	63	0	1	0	1547	0.378055556	0.093888889	0.074166667	0.0	0.069722222	0.0	0	0.0866666669999999	0.0	0.24	0.0	0.259615
12165	2586	0	0	4	2	1	1	1.0	1	2012	8	24	5	8.75	47	1	1	1	3957	1.148055556	0.354166667	0.109444444	0.0	0.327777778	0.136666667	1	0.3075	3.0	0.83	0.0	0.357724
12182	2587	0	0	3	1	1	1	1.0	1	2012	8	24	5	6.75	40	0	1	2	21335	4.995555556	1.595833333	0.2819444439999999	0.666666667	0.0	0.0	0	1.111944444	4.7	3.68	10.5	0.59955
12195	2590	0	0	3	3	1	1	1.0	1	2012	8	24	5	8.75	47	0	0	1	1975	0.4875	0.14	0.153055556	0.0	0.177777778	0.0	0	0.133888889	1.5	0.35	0.0	0.282158
12204	2590	4	2	3	3	1	3	0.0	1	2012	8	24	5	14.0	14	1	0	1	2336	0.5397222220000001	0.144444444	0.085277778	0.0	0.151111111	0.0	0	0.13	0.0	0.37	0.0	0.1880339999999999
12250	2602	0	1	4	3	2	1	1.0	1	2012	8	25	6	2.5	34	0	1	2	8627	2.069722222	0.718888889	0.466666667	0.0	0.43	0.0	0	0.406111111	1.5	1.27	0.0	0.132695
12251	2603	0	0	3	3	1	5	0.0	1	2012	8	25	6	13.0	70	0	1	1	1250	0.2822222219999999	0.1011111109999999	0.127777778	0.0	0.091666667	0.0	0	0.096111111	0.0	0.24	0.0	0.375723
12298	2613	1	1	3	5	1	1	1.0	1	2012	8	25	6	12.0	31	1	1	1	4702	1.166666667	0.3938888889999999	0.0575	0.0	0.35	0.0	0	0.354166667	1.5	0.99	0.0	0.383529
12357	2626	1	1	4	3	1	5	0.0	1	2012	8	27	1	15.0	63	0	1	2	694	0.221944444	0.054166667	0.146388889	0.0	0.05	0.0	0	0.056666667	0.0	0.18	0.0	0.0196078
12390	2632	2	0	4	3	1	5	0.0	1	2012	8	27	1	13.0	5	1	0	1	6036	1.5766666669999998	0.454444444	0.194166667	0.316666667	0.0	0.1	1	0.413888889	0.0	1.21	0.0	0.308725
12428	2644	1	1	3	1	6	1	1.0	1	2012	8	28	2	18.0	24	0	0	0	4931	1.141666667	0.423055556	0.217777778	0.0	0.397222222	0.066666667	1	0.278055556	3.0	0.79	0.0	0.5804199999999999
12432	2646	1	0	3	1	6	1	1.0	1	2012	8	28	2	6.0	26	1	0	0	6992	1.739444444	0.4927777779999999	0.378055556	0.1166666669999999	0.0	0.0	0	0.2847222219999999	1.5	1.07	0.0	0.199024
12447	2650	0	0	2	4	6	1	1.0	1	2012	8	28	2	9.0	27	1	1	0	1246	0.325833333	0.144444444	0.158333333	0.0	0.065833333	0.0	0	0.104444444	1.5	0.23	0.0	0.2446809999999999
12471	2657	0	2	3	3	1	4	1.0	1	2012	8	29	3	15.0	52	1	1	1	4775	1.158055556	0.375833333	0.2175	0.1166666669999999	0.0	0.0	0	0.2666666669999999	1.25	0.8	0.0	0.184375
12493	2663	0	4	4	3	5	1	1.0	1	2012	8	29	3	14.0	43	1	1	2	2330	0.6475	0.205277778	0.213888889	0.0	0.109722222	0.0	0	0.128611111	1.5	0.55	0.0	0.0820733999999999
12500	2663	2	2	1	3	2	2	0.0	1	2012	8	29	3	20.0	17	0	0	2	1780	0.4694444439999999	0.111388889	0.289722222	0.0	0.044722222	0.0	0	0.094166667	0.0	0.28	0.0	0.153392
12504	2663	3	3	1	5	2	3	0.0	1	2012	8	29	3	13.5	12	0	0	2	649	0.183333333	0.051666667	0.146111111	0.0	0.013888889	0.0	0	0.055555556	0.0	0.13	0.0	0.205
12611	2687	0	0	4	3	6	1	1.0	1	2012	8	30	4	9.833333333	86	1	0	0	2411	0.5744444439999999	0.153611111	0.109722222	0.0	0.166666667	0.0	0	0.134444444	1.5	0.37	0.0	0.0495868
12630	2690	1	4	4	3	1	5	0.0	1	2012	8	31	5	17.08333333	63	0	1	2	6112	1.4327777780000002	0.486388889	0.150555556	0.083333333	0.436666667	0.133333333	1	0.383611111	0.0	1.07	0.0	0.319334
12650	2694	2	0	3	4	1	4	0.5	1	2012	8	31	5	6.0	22	1	0	1	15466	3.724166667	1.264166667	0.305	0.6166666670000001	0.0	0.0	0	0.7825	2.05	2.9	0.0	0.461484
12670	2698	0	1	3	5	1	1	1.0	1	2012	8	31	5	17.0	42	0	1	1	15795	3.5505555560000004	1.097222222	0.1772222219999999	0.316666667	0.283333333	0.1166666669999999	1	0.967222222	5.5	2.65	10.5	0.712522
12681	2700	0	6	2	3	6	1	1.0	1	2012	8	31	5	16.33333333	39	0	1	0	739	0.229166667	0.095277778	0.149166667	0.0	0.0586111109999999	0.0	0	0.073888889	1.5	0.17	0.0	0.4210529999999999
12683	2700	0	8	4	3	6	1	1.0	1	2012	8	31	5	0.0	39	0	1	0	4961	1.337222222	0.429722222	0.253888889	0.0	0.362222222	0.0711111109999999	1	0.275555556	3.0	0.87	0.0	0.309476
12688	2700	3	5	4	3	6	1	1.0	1	2012	8	31	5	21.0	40	1	0	0	4961	1.328333333	0.411388889	0.1030555559999999	0.0	0.536944444	0.13	1	0.366944444	3.0	0.98	0.0	0.567752
12690	2700	4	0	1	3	6	5	0.0	1	2012	8	31	5	14.0	7	1	0	0	1101	0.3075	0.161944444	0.111666667	0.0	0.1	0.0	0	0.090555556	0.0	0.22	0.0	0.404908
12695	2701	0	1	4	5	1	5	0.0	1	2012	8	31	5	12.58333333	74	1	1	2	1015	0.567777778	0.161111111	0.277222222	0.0	0.111388889	0.0	0	0.152777778	0.0	0.46	0.0	0.129091
12709	2703	0	4	4	3	1	4	1.0	1	2012	8	31	5	16.0	23	1	1	2	10371	2.345	0.7011111109999999	0.332777778	0.333333333	0.0	0.1166666669999999	1	0.459166667	1.6	1.76	0.0	0.4470659999999999
12715	2705	0	2	1	5	1	1	1.0	1	2012	8	31	5	13.6	49	0	1	2	597	0.171666667	0.078888889	0.123888889	0.0	0.047777778	0.0	0	0.128055556	1.5	0.26	10.5	0.6702819999999999
12738	2710	2	3	1	5	6	5	0.0	1	2012	9	1	6	13.16666667	8	1	0	0	407	0.095	0.050833333	0.075555556	0.0	0.0	0.0	0	0.044166667	0.0	0.08	0.0	0.150943
12744	2713	0	1	1	5	6	5	0.0	1	2012	9	1	6	12.75	24	0	0	0	354	0.075	0.018611111	0.024166667	0.0	0.0777777779999999	0.0	0	0.0505555559999999	0.0	0.09	0.0	0.445055
12752	2714	0	4	1	3	2	1	1.0	1	2012	9	1	6	16.0	38	0	1	1	614	0.213611111	0.065833333	0.098888889	0.0	0.0525	0.0	0	0.065833333	1.5	0.14	0.0	0.172996
12759	2714	2	4	1	3	2	5	0.0	1	2012	9	1	6	16.0	5	0	0	1	614	0.213611111	0.065833333	0.098888889	0.0	0.0525	0.0	0	0.065833333	0.0	0.14	0.0	0.172996
12764	2717	0	0	4	3	1	1	1.0	1	2012	9	1	6	8.75	55	1	1	2	988	0.2869444439999999	0.083055556	0.046666667	0.0	0.083333333	0.0	0	0.070277778	1.5	0.2	0.0	0.158103
12788	2722	1	2	4	4	1	1	1.0	1	2012	9	1	6	12.0	51	0	1	1	2810	0.720833333	0.2797222219999999	0.0505555559999999	0.0	0.3725	0.0	0	0.215833333	1.5	0.59	10.5	0.478764
12797	2722	2	6	4	1	1	1	1.0	1	2012	9	1	6	23.75	22	0	1	1	5659	1.468611111	0.440555556	0.2188888889999999	0.0	0.405277778	0.076666667	1	0.296388889	3.0	0.99	0.0	0.263355
12798	2722	3	0	1	3	1	1	1.0	1	2012	9	1	6	12.5	21	0	0	1	1214	0.315833333	0.115833333	0.105555556	0.0	0.114722222	0.0	0	0.1	1.5	0.28	0.0	0.180556
12815	2724	2	2	4	3	1	5	0.0	1	2012	9	2	7	17.25	7	1	0	1	5566	1.395555556	0.418333333	0.260833333	0.25	0.0	0.0	0	0.311666667	0.0	0.98	0.0	0.279857
12816	2725	0	0	4	3	6	5	0.0	1	2012	9	2	7	10.5	87	1	1	0	516	0.146944444	0.061666667	0.101388889	0.0	0.016666667	0.0	0	0.041388889	0.0	0.1	0.0	0.248322
12824	2728	1	0	4	3	2	1	1.0	1	2012	9	2	7	12.0	27	1	0	1	4071	1.007222222	0.299444444	0.168333333	0.0	0.261111111	0.0	0	0.260277778	1.5	0.62	0.0	0.358591
12826	2728	2	0	4	3	2	5	0.0	1	2012	9	2	7	12.0	8	0	0	1	4071	1.007222222	0.299444444	0.168333333	0.0	0.261111111	0.0	0	0.260277778	0.0	0.62	0.0	0.358591
12837	2730	1	3	4	3	1	5	0.0	1	2012	9	2	7	16.5	38	1	1	1	12858	3.1	0.991666667	0.260833333	0.55	0.0	0.1166666669999999	1	0.542222222	0.0	2.01	0.0	0.4405739999999999
12846	2735	0	1	4	3	1	1	1.0	1	2012	9	2	7	18.0	39	1	1	2	3495	0.974444444	0.34	0.124444444	0.0	0.25	0.083333333	1	0.151111111	3.0	0.57	0.0	0.2132349999999999
12864	2737	0	4	4	3	2	1	1.0	1	2012	9	3	1	16.0	54	1	1	2	3597	1.021388889	0.326944444	0.232777778	0.0	0.375	0.0	0	0.301944444	1.5	0.69	0.0	0.3532659999999999
12867	2737	1	2	4	3	2	1	1.0	1	2012	9	3	1	12.5	55	0	1	2	7183	1.738055556	0.6527777779999999	0.346666667	0.1	0.5	0.1	1	0.405555556	3.0	1.2	0.0	0.319863
12876	2740	1	0	4	4	1	1	1.0	1	2012	9	3	1	8.5	48	0	1	2	1587	0.378611111	0.098055556	0.068055556	0.05	0.0	0.0	0	0.128055556	1.5	0.37	0.0	0.171367
12894	2745	1	1	3	1	1	1	1.0	1	2012	9	3	1	18.33333333	35	0	1	1	5117	1.236666667	0.388611111	0.267222222	0.0	0.424444444	0.0	0	0.306666667	1.5	0.92	0.0	0.201087
12900	2746	0	2	3	3	6	5	0.0	1	2012	9	3	1	12.0	90	0	0	0	801	0.185	0.048055556	0.111388889	0.0	0.06	0.0	0	0.099444444	0.0	0.25	0.0	0.0726257
12926	2749	2	2	3	3	1	1	1.0	1	2012	9	3	1	15.33333333	21	1	1	1	5174	1.319722222	0.449444444	0.153055556	0.1166666669999999	0.0777777779999999	0.119444444	1	0.405	3.0	1.07	0.0	0.293553
12927	2749	2	3	4	3	1	1	1.0	1	2012	9	3	1	18.66666667	21	1	1	1	4915	1.171944444	0.3569444439999999	0.191111111	0.0	0.480555556	0.0	0	0.370833333	1.5	1.01	0.0	0.495131
12940	2750	2	2	3	3	1	5	0.0	1	2012	9	3	1	12.0	7	0	0	1	4777	1.218055556	0.342777778	0.185277778	0.0	0.405277778	0.0	0	0.2275	0.0	0.84	0.0	0.1880339999999999
12949	2754	0	0	1	3	6	5	0.0	1	2012	9	3	1	12.0	69	1	0	0	2145	0.562777778	0.181111111	0.200277778	0.1	0.0	0.0	0	0.1744444439999999	0.0	0.4	0.0	0.632166
12964	2761	0	1	4	4	1	1	0.0	1	2012	9	4	2	13.0	52	1	1	2	1272	0.3458333329999999	0.099722222	0.234166667	0.0	0.068888889	0.0	0	0.098055556	0.0	0.27	0.0	0.235127
12971	2763	0	1	3	1	1	1	1.0	1	2012	9	4	2	22.0	30	0	1	1	5888	1.4622222219999998	0.477222222	0.096944444	0.133333333	0.107777778	0.1422222219999999	1	0.24	3.0	0.9	0.0	0.173611
12977	2765	0	1	4	5	6	1	1.0	1	2012	9	4	2	12.0	37	1	0	0	7868	1.846388889	0.606666667	0.117777778	0.0	0.446388889	0.1	1	0.245555556	3.0	1.49	0.0	0.283937
13001	2768	1	1	4	1	1	1	1.0	1	2012	9	4	2	13.0	44	0	1	1	3213	0.7211111109999999	0.1938888889999999	0.0388888889999999	0.0	0.27	0.0	0	0.162222222	1.5	0.49	0.0	0.311644
13039	2775	0	1	3	5	6	5	0.0	1	2012	9	5	3	11.5	76	0	1	0	2508	0.6577777779999999	0.203888889	0.085	0.083333333	0.125	0.1	1	0.196111111	0.0	0.5	0.0	0.199717
13043	2776	1	1	3	3	6	1	1.0	1	2012	9	5	3	15.0	58	0	1	0	815	0.274722222	0.080555556	0.115	0.0	0.12	0.0	0	0.093611111	1.5	0.21	0.0	0.234421
13056	2778	1	1	3	3	6	1	1.0	1	2012	9	5	3	16.5	51	1	0	0	2182	0.573888889	0.1988888889999999	0.140277778	0.0	0.183333333	0.0	0	0.215555556	1.5	0.48	0.0	0.4755149999999999
13091	2783	2	1	4	1	2	5	0.0	1	2012	9	5	3	23.0	57	0	1	1	1751	0.415555556	0.090833333	0.1036111109999999	0.033333333	0.0	0.0	0	0.080555556	0.0	0.25	0.0	0.0827586
13093	2783	3	1	3	4	2	5	0.0	1	2012	9	5	3	20.0	25	1	1	1	20810	4.954444444	1.616944444	0.148333333	0.533333333	0.0	0.083333333	1	0.979444444	0.0	3.21	0.0	0.532331
13104	2784	3	0	4	2	3	5	0.0	1	2012	9	5	3	8.666666667000001	10	0	0	1	1637	0.4025	0.152777778	0.192222222	0.066666667	0.0	0.0	0	0.139166667	0.0	0.33	0.0	0.399202
13113	2786	0	0	3	1	1	1	1.0	1	2012	9	5	3	7.333333333	36	0	0	1	9030	2.353055556	0.7363888890000001	0.1747222219999999	0.3	0.0	0.183333333	1	0.953333333	5.09	2.27	10.5	0.729895
13142	2793	0	1	3	4	6	4	0.5	1	2012	9	6	4	21.0	24	1	1	0	12418	2.9675	0.982222222	0.304166667	0.55	0.0	0.083333333	1	0.735833333	1.85	2.14	0.0	0.382031
13174	2802	0	6	4	3	5	1	1.0	1	2012	9	6	4	22.33333333	28	0	1	2	2889	0.843333333	0.238611111	0.525555556	0.0	0.1166666669999999	0.0	0	0.168055556	1.5	0.75	0.0	0.0677686
13237	2815	0	3	4	3	1	1	1.0	1	2012	9	7	5	22.0	46	0	1	1	2076	0.563055556	0.178888889	0.471666667	0.05	0.0	0.0	0	0.088333333	2.1	0.34	0.0	0.0691823999999999
13278	2823	4	2	3	3	1	1	1.0	1	2012	9	7	5	19.0	22	1	1	1	13880	3.346388889	1.063888889	0.155833333	0.566666667	0.058333333	0.231111111	2	0.817777778	4.3	2.94	0.0	0.546535
13287	2825	0	4	4	3	2	1	1.0	1	2012	9	7	5	23.0	40	0	1	2	1324	0.371944444	0.126944444	0.165555556	0.0	0.05	0.0	0	0.1291666669999999	1.5	0.28	0.0	0.202151
13314	2831	0	0	4	3	1	1	1.0	1	2012	9	8	6	10.0	39	0	1	2	6117	1.487222222	0.449444444	0.318888889	0.0	0.472777778	0.0	0	0.277777778	1.5	0.94	0.0	0.422
13319	2832	2	0	3	4	1	2	0.0	1	2012	9	8	6	7.25	17	1	0	1	3964	1.006666667	0.379444444	0.0427777779999999	0.0	0.286111111	0.0	0	0.1575	0.0	0.62	0.0	0.1428569999999999
13326	2835	0	0	1	3	6	1	1.0	1	2012	9	8	6	12.0	29	1	0	0	448	0.103888889	0.040833333	0.041388889	0.0	0.025	0.0	0	0.089444444	1.5	0.17	0.0	0.3447199999999999
13343	2837	1	0	1	3	1	1	1.0	1	2012	9	8	6	12.0	48	0	1	1	1264	0.364166667	0.1066666669999999	0.170277778	0.0	0.140555556	0.0	0	0.131388889	1.5	0.31	0.0	0.331924
13357	2840	0	1	3	1	6	1	1.0	1	2012	9	8	6	18.5	52	0	1	0	14211	3.452777778	1.164166667	0.299722222	0.55	0.0	0.133333333	1	0.998611111	4.69	2.34	0.0	0.69847
13364	2840	5	0	3	3	6	3	0.0	1	2012	9	8	6	10.25	13	0	0	0	1325	0.305	0.090555556	0.051666667	0.0	0.167777778	0.0	0	0.083888889	0.0	0.21	0.0	0.427152
13394	2846	0	2	3	3	1	1	1.0	1	2012	9	8	6	19.0	38	0	1	2	14233	3.415277778	1.055833333	0.023888889	0.5166666670000001	0.115	0.2	2	0.840833333	4.3	2.67	0.0	0.5573170000000001
13432	2851	0	0	3	3	6	5	0.0	1	2012	9	9	7	11.0	26	0	0	0	3305	0.7013888890000001	0.210833333	0.090555556	0.0	0.313055556	0.0841666669999999	1	0.157222222	0.0	0.49	0.0	0.340989
13481	2859	0	1	4	3	1	1	1.0	1	2012	9	9	7	0.5	40	0	1	1	22071	4.852777778	1.763888889	0.245	0.0	1.175	0.0	0	0.711666667	1.5	3.43	0.0	0.425059
13493	2862	1	0	3	3	6	1	1.0	1	2012	9	9	7	11.5	35	0	0	0	3284	0.728888889	0.2894444439999999	0.085277778	0.1	0.0	0.0	0	0.2166666669999999	2.4	0.53	0.0	0.569231
13508	2866	0	1	4	3	2	1	1.0	1	2012	9	9	7	12.25	49	1	1	2	720	0.2225	0.0711111109999999	0.1025	0.0	0.046666667	0.0	0	0.059166667	1.5	0.13	0.0	0.361502
13513	2869	0	1	4	5	2	1	1.0	1	2012	9	9	7	10.75	53	0	1	2	442	0.163055556	0.073888889	0.091666667	0.0	0.0288888889999999	0.0	0	0.048611111	1.5	0.11	0.0	0.268571
13533	2875	1	0	4	3	1	5	0.0	1	2012	9	10	1	11.0	67	1	0	1	2572	0.7647222220000001	0.303055556	0.199444444	0.0	0.25	0.0	0	0.223611111	0.0	0.79	0.0	0.0981366
13552	2879	0	3	3	3	6	5	0.0	1	2012	9	10	1	13.58333333	52	1	0	0	915	0.230277778	0.050833333	0.068611111	0.0	0.080277778	0.0	0	0.066388889	0.0	0.16	0.0	0.4435149999999999
13593	2891	1	2	1	3	1	4	0.5	1	2012	9	10	1	16.75	26	1	1	1	616	0.162222222	0.049722222	0.1005555559999999	0.0	0.0352777779999999	0.0	0	0.059166667	0.75	0.14	0.0	0.375587
13601	2892	2	2	1	3	6	5	0.0	1	2012	9	10	1	13.66666667	26	1	1	0	436	0.127777778	0.032222222	0.113611111	0.0	0.016666667	0.0	0	0.0425	0.0	0.09	0.0	0.130719
13613	2894	4	1	3	2	1	3	0.0	1	2012	9	11	2	16.0	12	0	0	1	2761	0.723888889	0.194166667	0.378611111	0.0	0.277777778	0.0	0	0.227777778	0.0	0.6	0.0	0.345122
13614	2895	1	0	4	3	1	1	1.0	1	2012	9	11	2	13.0	41	0	1	1	1563	0.425277778	0.210277778	0.137222222	0.0	0.108333333	0.0	0	0.174166667	1.5	0.46	0.0	0.259968
13626	2896	0	0	4	2	2	1	1.0	1	2012	9	11	2	8.0	42	1	1	2	1482	0.379166667	0.109722222	0.217222222	0.0	0.085	0.0	0	0.085833333	1.5	0.22	0.0	0.0550161999999999
13707	2908	0	6	1	1	6	1	1.0	1	2012	9	11	2	19.5	55	1	1	0	1121	0.299166667	0.086388889	0.063611111	0.0	0.167777778	0.0	0	0.079444444	1.5	0.2	0.0	0.583916
13720	2909	0	4	2	2	2	1	0.0	1	2012	9	11	2	18.83333333	52	1	1	2	971	0.211111111	0.073888889	0.092777778	0.0	0.06	0.0	0	0.074722222	0.0	0.15	0.0	0.60223
13721	2909	0	5	2	2	2	1	0.0	1	2012	9	11	2	20.08333333	52	1	1	2	971	0.211111111	0.068888889	0.0711111109999999	0.0	0.033333333	0.0	0	0.064722222	0.0	0.15	0.0	0.4549359999999999
13726	2910	0	0	3	4	6	1	1.0	1	2012	9	11	2	8.0	28	1	1	0	10261	2.470555556	0.8452777779999999	0.1422222219999999	0.25	0.233333333	0.133333333	1	0.771388889	5.0	1.79	10.5	0.808426
13755	2917	2	1	3	1	6	1	1.0	1	2012	9	12	3	14.0	27	0	0	0	3767	0.8425	0.286388889	0.135	0.0	0.380555556	0.0	0	0.253333333	1.5	0.59	0.0	0.332237
13757	2918	0	1	3	1	1	1	1.0	1	2012	9	12	3	18.0	54	1	1	2	2939	0.8211111109999999	0.2394444439999999	0.320833333	0.0	0.178333333	0.0	0	0.266944444	1.5	0.68	0.0	0.513007
13792	2927	1	3	2	4	1	1	1.0	1	2012	9	12	3	16.33333333	42	0	1	1	923	0.231666667	0.091944444	0.120833333	0.05	0.0	0.0	0	0.094444444	2.4	0.21	10.5	0.723529
13797	2927	2	3	4	2	1	3	0.0	1	2012	9	12	3	16.0	11	0	0	1	1249	0.3	0.0975	0.1475	0.0	0.113611111	0.0	0	0.116944444	0.0	0.28	0.0	0.429929
13800	2928	0	0	3	1	1	1	1.0	1	2012	9	12	3	8.25	40	1	1	1	13888	3.325277778	0.992777778	0.0975	0.466666667	0.247777778	0.255	2	0.956666667	4.0	2.65	0.0	0.4465739999999999
13867	2943	2	0	4	1	1	1	1.0	1	2012	9	13	4	7.0	22	0	1	1	31331	7.228611111	2.277222222	0.304166667	0.95	0.373888889	0.2125	2	1.727777778	9.3	5.45	0.0	0.533601
13869	2943	4	0	3	2	1	2	0.0	1	2012	9	13	4	9.0	17	1	0	1	7185	1.753611111	0.5375	0.105555556	0.0	0.583333333	0.0	0	0.320555556	0.0	1.65	0.0	0.342288
13881	2945	1	3	3	3	6	5	0.0	1	2012	9	14	5	15.83333333	69	1	0	0	1158	0.312222222	0.091944444	0.1005555559999999	0.0	0.093611111	0.0	0	0.083333333	0.0	0.21	0.0	0.253333
13882	2946	2	0	3	4	1	1	1.0	1	2012	9	14	5	7.083333333	18	0	1	1	4307	1.086666667	0.4133333329999999	0.055	0.0	0.616944444	0.0	0	0.213888889	1.5	0.75	0.0	0.372727
13884	2947	0	0	4	4	1	1	1.0	1	2012	9	14	5	10.0	53	0	1	2	8528	1.8725	0.603888889	0.155833333	0.283333333	0.0	0.133333333	1	0.4719444439999999	2.1	1.34	0.0	0.613302
13932	2955	3	1	3	3	6	2	0.0	1	2012	9	14	5	18.0	17	1	0	0	18299	4.4802777780000005	1.336111111	0.190555556	0.666666667	0.3833333329999999	0.25	2	0.915	1.65	2.79	0.0	0.519126
13934	2956	0	1	3	1	1	1	1.0	1	2012	9	14	5	18.0	30	1	1	1	15607	3.55	1.072777778	0.188055556	0.3833333329999999	0.45	0.2	2	0.965555556	4.8	2.71	10.5	0.60069
13940	2957	0	4	4	3	1	1	1.0	1	2012	9	14	5	17.5	42	0	1	1	1768	0.430555556	0.120277778	0.109166667	0.0	0.128055556	0.0	0	0.138888889	1.5	0.39	0.0	0.598
13975	2964	0	3	1	3	6	5	0.0	1	2012	9	15	6	15.5	85	1	0	0	720	0.250833333	0.066388889	0.120555556	0.0	0.075	0.0	0	0.082222222	0.0	0.18	0.0	0.125
13978	2965	0	3	3	3	1	1	1.0	1	2012	9	15	6	23.5	27	0	1	1	22656	5.4225	1.742222222	0.262777778	0.7666666670000001	0.0	0.166666667	1	0.939166667	6.19	3.49	0.0	0.330967
13995	2967	2	0	3	4	1	4	1.0	1	2012	9	15	6	9.25	20	1	0	1	17427	3.895277778	1.2469444440000002	0.293888889	0.35	0.421388889	0.1166666669999999	1	0.957222222	3.1	2.76	10.5	0.643935
14008	2970	0	1	1	3	1	5	0.0	1	2012	9	15	6	11.33333333	76	0	1	1	402	0.1325	0.036944444	0.0886111109999999	0.0	0.027777778	0.0	0	0.061388889	0.0	0.13	0.0	0.361991
14018	2973	1	2	3	5	2	5	0.0	1	2012	9	15	6	13.25	70	1	1	2	3121	0.6788888890000001	0.210833333	0.045277778	0.066666667	0.0	0.0	0	0.205555556	0.0	0.41	0.0	0.3864869999999999
14033	2977	0	3	4	3	2	1	1.0	1	2012	9	15	6	12.01666667	36	0	1	1	3632	0.857222222	0.286388889	0.153055556	0.0	0.358055556	0.185555556	1	0.176666667	3.0	0.62	0.0	0.443396
14046	2980	0	2	1	3	1	1	1.0	1	2012	9	15	6	15.5	51	1	1	2	1978	0.5075	0.129722222	0.261944444	0.0	0.124722222	0.0	0	0.1975	1.5	0.55	0.0	0.130802
14056	2983	1	0	1	3	3	5	0.0	1	2012	9	16	7	8.0	69	0	1	2	2017	0.526388889	0.134722222	0.255833333	0.0	0.065555556	0.0	0	0.120555556	0.0	0.38	0.0	0.0760368999999999
14089	2993	1	1	3	2	1	2	0.0	1	2012	9	17	1	17.5	17	0	0	2	2246	0.681666667	0.2022222219999999	0.230277778	0.0	0.169722222	0.0	0	0.183611111	0.0	0.54	0.0	0.3116489999999999
14118	3000	1	0	2	2	1	1	1.0	1	2012	9	17	1	8.5	46	0	1	1	1686	0.4069444439999999	0.109444444	0.249722222	0.0	0.169166667	0.0	0	0.143888889	1.5	0.35	0.0	0.411197
14132	3002	2	0	1	3	1	2	0.0	1	2012	9	17	1	12.0	16	0	0	2	664	0.194722222	0.0575	0.1266666669999999	0.0	0.046944444	0.0	0	0.113888889	0.0	0.3	0.0	0.356098
14163	3007	0	6	1	2	1	1	1.0	1	2012	9	17	1	15.41666667	36	1	1	1	641	0.1863888889999999	0.078888889	0.100277778	0.0	0.026666667	0.0	0	0.078055556	1.5	0.24	0.0	0.0284697999999999
14196	3014	0	0	3	2	6	2	0.0	1	2012	9	18	2	7.5	17	1	0	0	19966	4.81	1.459444444	0.121388889	0.7333333329999999	0.14	0.243333333	2	1.51	1.95	3.5	10.5	0.755151
14208	3016	1	0	3	2	1	2	0.0	1	2012	9	18	2	8.25	17	1	0	2	3544	0.887777778	0.242222222	0.310277778	0.0	0.330833333	0.0	0	0.332777778	0.0	0.88	0.0	0.48581
14210	3017	0	0	4	3	6	5	0.0	1	2012	9	18	2	9.0	87	0	0	0	1083	0.318888889	0.138888889	0.091944444	0.0	0.114166667	0.0	0	0.096944444	0.0	0.22	0.0	0.39255
14212	3017	1	0	4	3	6	1	1.0	1	2012	9	18	2	9.0	70	1	0	0	1083	0.318888889	0.138888889	0.091944444	0.0	0.114166667	0.0	0	0.096944444	1.5	0.22	0.0	0.39255
14216	3018	2	0	3	1	1	1	1.0	1	2012	9	18	2	8.5	40	0	1	1	6013	1.445	0.529444444	0.094444444	0.183333333	0.213888889	0.141666667	1	0.533611111	4.4	1.29	0.0	0.8323790000000001
14238	3024	0	3	1	1	6	1	1.0	1	2012	9	18	2	16.0	30	0	1	0	1295	0.332222222	0.116388889	0.1719444439999999	0.033333333	0.0	0.0	0	0.1	2.4	0.23	0.0	0.7722220000000001
14249	3028	0	2	1	2	3	1	1.0	1	2012	9	19	3	11.58333333	33	1	0	1	601	0.147777778	0.041388889	0.090277778	0.0	0.036388889	0.0	0	0.033055556	1.5	0.1	0.0	0.184874
14264	3033	0	1	3	3	1	5	0.0	1	2012	9	19	3	17.5	64	0	1	1	9119	2.112222222	0.7625	0.1475	0.3	0.0	0.15	1	0.658888889	0.0	1.69	10.5	0.485666
14278	3036	0	3	1	3	6	1	1.0	1	2012	9	19	3	16.5	51	1	1	0	2475	0.649444444	0.210833333	0.064166667	0.0	0.406111111	0.0	0	0.276666667	1.5	0.54	0.0	0.6987949999999999
14283	3036	1	3	2	3	6	1	1.0	1	2012	9	19	3	16.0	22	0	0	0	1408	0.326944444	0.093333333	0.1375	0.016666667	0.0	0.0	0	0.096666667	1.7	0.22	0.0	0.534483
14300	3041	0	1	4	5	1	5	0.0	1	2012	9	19	3	14.0	46	0	1	1	6343	1.4875	0.456944444	0.1866666669999999	0.0	0.606111111	0.2125	1	0.33	0.0	1.04	0.0	0.18771
14306	3043	0	1	3	2	6	1	1.0	1	2012	9	19	3	8.516666667	30	1	1	0	2156	0.5725	0.205833333	0.193611111	0.0	0.183333333	0.0	0	0.173333333	1.5	0.42	0.0	0.5528850000000001
14339	3051	0	0	4	3	4	5	0.0	1	2012	9	19	3	9.0	70	1	1	2	6295	1.651388889	0.541388889	0.215555556	0.0	0.817222222	0.196944444	1	0.321944444	0.0	1.67	0.0	0.166523
14344	3052	0	1	3	4	1	1	1.0	1	2012	9	19	3	17.5	31	0	1	1	27277	6.163611111	1.822222222	0.478888889	0.816666667	0.0	0.2166666669999999	2	1.373611111	3.9	5.07	0.0	0.677452
14355	3054	0	4	3	3	6	1	1.0	1	2012	9	20	4	15.91666667	31	1	1	0	2931	0.783333333	0.267777778	0.160277778	0.0	0.4	0.0	0	0.294722222	1.5	0.78	0.0	0.295005
14374	3059	0	2	3	3	6	1	1.0	1	2012	9	20	4	16.66666667	48	0	0	0	3164	0.86	0.289722222	0.2019444439999999	0.083333333	0.0	0.0	0	0.272222222	2.1	0.61	0.0	0.322449
14415	3066	3	0	4	3	1	1	1.0	1	2012	9	21	5	15.0	20	0	0	2	1497	0.585833333	0.178055556	0.2125	0.0	0.139444444	0.0	0	0.2044444439999999	1.5	0.56	0.0	0.274457
14442	3071	3	0	3	1	1	1	1.0	1	2012	9	21	5	7.75	21	1	0	1	24330	5.428888889	1.545833333	0.081944444	0.6166666670000001	0.2166666669999999	0.2	2	1.066388889	7.2	5.5	10.5	0.428497
14476	3078	0	3	4	3	1	1	1.0	1	2012	9	21	5	13.41666667	57	1	1	2	1535	0.42	0.167222222	0.11	0.0	0.133333333	0.0	0	0.1255555559999999	1.5	0.31	0.0	0.190265
14496	3080	1	4	4	5	2	1	1.0	1	2012	9	21	5	18.0	36	0	1	2	6438	1.572777778	0.478611111	0.2347222219999999	0.233333333	0.0	0.0	0	0.484722222	1.5	1.05	0.0	0.4893979999999999
14506	3081	1	1	4	5	2	1	1.0	1	2012	9	21	5	8.2	56	1	1	2	2839	0.760833333	0.213888889	0.417222222	0.0	0.189722222	0.0	0	0.172777778	1.5	0.46	0.0	0.228296
14532	3088	0	1	3	3	6	4	0.5	1	2012	9	22	6	13.08333333	29	0	1	0	4365	1.071666667	0.3913888889999999	0.228611111	0.15	0.0	0.0	0	0.308611111	1.6	0.79	10.5	0.735374
14544	3091	0	3	4	3	1	1	1.0	1	2012	9	22	6	15.0	47	1	1	2	2682	0.6575	0.221111111	0.312222222	0.0	0.133333333	0.0	0	0.1436111109999999	1.5	0.5	0.0	0.0618956
14586	3099	1	0	1	3	6	3	0.0	1	2012	9	23	7	11.0	12	0	0	0	1058	0.311944444	0.135833333	0.1719444439999999	0.0	0.068611111	0.0	0	0.101944444	0.0	0.28	0.0	0.321526
14590	3101	0	0	3	4	1	1	0.0	1	2012	9	24	1	8.166666667000001	52	1	1	1	14481	3.3480555560000003	0.994166667	0.042222222	0.4	0.1	0.183333333	1	0.8711111109999999	4.0	2.53	10.5	0.810906
14592	3101	0	2	1	5	1	1	0.0	1	2012	9	24	1	12.75	52	1	1	1	698	0.170833333	0.086388889	0.049444444	0.0	0.112777778	0.0	0	0.1675	0.0	0.35	10.5	0.422886
14593	3101	0	3	3	4	1	1	0.0	1	2012	9	24	1	18.0	52	1	1	1	14481	3.433333333	1.110833333	0.320277778	0.3833333329999999	0.0	0.0	0	0.779444444	4.0	2.39	10.5	0.5766220000000001
14610	3105	2	0	4	4	1	1	0.0	1	2012	9	24	1	9.5	18	1	1	1	5617	1.4858333330000002	0.447222222	0.194722222	0.0	0.513611111	0.169722222	1	0.393611111	0.0	1.2	0.0	0.5490470000000001
14616	3106	2	1	1	2	1	5	0.0	1	2012	9	24	1	14.83333333	15	0	0	1	724	0.246111111	0.0775	0.232222222	0.0	0.0194444439999999	0.0	0	0.055833333	0.0	0.17	0.0	0.0248755999999999
14630	3110	0	0	3	4	6	2	0.0	1	2012	9	24	1	7.5	16	1	0	0	3194	0.783333333	0.271944444	0.121388889	0.0	0.2475	0.0	0	0.195555556	0.0	0.52	0.0	0.511364
14632	3110	2	0	1	3	6	1	1.0	1	2012	9	24	1	14.0	33	1	1	0	782	0.211111111	0.081388889	0.0886111109999999	0.0	0.091666667	0.0	0	0.116388889	1.5	0.25	0.0	0.100239
14649	3114	0	0	3	2	1	1	1.0	1	2012	9	24	1	7.5	40	1	1	1	12975	3.079444444	0.959166667	0.171111111	0.416666667	0.0	0.133333333	1	0.7536111109999999	3.9	2.23	10.5	0.650571
14664	3117	0	3	1	3	1	1	1.0	1	2012	9	24	1	13.26666667	45	0	1	2	1641	0.3927777779999999	0.120277778	0.0705555559999999	0.0	0.083333333	0.0	0	0.101944444	1.5	0.28	0.0	0.0381471
14666	3117	1	2	4	2	6	1	1.0	1	2012	9	24	1	8.433333333	45	1	1	2	2480	0.617222222	0.1888888889999999	0.150833333	0.0	0.133333333	0.0	0	0.149722222	1.5	0.39	0.0	0.202226
14667	3117	1	3	4	2	6	1	1.0	1	2012	9	24	1	8.583333332999999	45	1	1	2	2480	0.618611111	0.1938888889999999	0.09	0.0	0.133333333	0.0	0	0.2094444439999999	1.5	0.48	0.0	0.133952
14673	3118	0	0	4	3	1	5	0.0	1	2012	9	24	1	15.0	78	1	1	1	1073	0.318333333	0.088888889	0.186944444	0.0	0.083333333	0.0	0	0.080277778	0.0	0.25	0.0	0.276817
14697	3123	2	1	3	5	1	2	0.0	1	2012	9	25	2	12.75	17	0	0	2	2752	0.610833333	0.2469444439999999	0.072777778	0.0	0.2166666669999999	0.0	0	0.168333333	0.0	0.45	0.0	0.19637
14707	3125	0	6	4	5	1	1	1.0	1	2012	9	25	2	15.33333333	30	1	1	2	12715	2.924166667	0.855833333	0.48	0.3	0.0	0.0	0	0.396666667	1.5	2.04	0.0	0.207283
14725	3129	0	1	4	4	1	1	1.0	1	2012	9	25	2	17.25	37	0	1	2	7975	1.967777778	0.543333333	0.125	0.0	1.129166667	0.1125	1	0.3433333329999999	3.0	1.42	0.0	0.432039
14727	3130	0	1	2	1	6	1	1.0	1	2012	9	25	2	15.0	30	0	0	0	855	0.246666667	0.073055556	0.118333333	0.0	0.066666667	0.0	0	0.085833333	1.5	0.2	0.0	0.0485436999999999
14732	3131	0	5	4	3	2	1	1.0	1	2012	9	25	2	20.75	50	1	1	2	3358	0.833333333	0.2738888889999999	0.215	0.0	0.256666667	0.0	0	0.180833333	1.5	0.53	0.0	0.437788
14735	3131	1	1	4	1	1	1	1.0	1	2012	9	25	2	20.25	55	0	1	2	3636	0.901944444	0.289166667	0.265	0.0	0.376111111	0.0	0	0.264444444	1.5	0.81	0.0	0.47479
14753	3134	0	1	2	5	1	1	1.0	1	2012	9	26	3	8.75	45	1	1	1	1128	0.2688888889999999	0.085833333	0.144166667	0.0	0.081666667	0.0	0	0.0841666669999999	1.5	0.22	0.0	0.353135
14766	3137	0	0	4	3	1	5	0.0	1	2012	9	26	3	10.5	72	1	1	1	4781	1.16	0.294166667	0.133611111	0.0	0.374722222	0.0	0	0.257222222	0.0	0.82	0.0	0.261339
14809	3143	1	0	4	3	3	1	1.0	1	2012	9	26	3	10.0	52	1	0	1	18462	4.513333333	1.375277778	0.276666667	0.716666667	0.136944444	0.298333333	3	1.164444444	6.5	3.33	0.0	0.641937
14822	3146	1	2	4	4	5	5	0.0	1	2012	9	26	3	14.0	73	0	1	2	4730	1.111944444	0.317777778	0.243333333	0.0	0.397222222	0.0	0	0.253888889	0.0	1.03	0.0	0.221007
14828	3147	0	3	4	1	2	1	1.0	1	2012	9	26	3	21.0	59	0	1	2	4892	1.1080555559999998	0.302777778	0.213055556	0.0	0.2166666669999999	0.0	0	0.195833333	1.5	0.6	0.0	0.134752
14868	3157	1	0	4	1	1	1	1.0	1	2012	9	27	4	6.5	35	0	1	1	19134	4.367777778	1.363333333	0.213888889	0.75	0.073888889	0.166666667	1	0.66	4.3	2.89	0.0	0.391835
14880	3159	1	2	2	3	6	1	1.0	1	2012	9	27	4	22.25	52	0	1	0	1200	0.288055556	0.106388889	0.1047222219999999	0.0	0.129722222	0.0	0	0.100833333	1.5	0.23	0.0	0.2038569999999999
14894	3163	1	0	3	2	2	1	1.0	1	2012	9	27	4	8.5	40	1	0	1	862	0.242777778	0.065833333	0.051666667	0.0	0.0891666669999999	0.0	0	0.063888889	1.5	0.14	0.0	0.0391304
14908	3164	1	4	3	2	1	1	1.0	1	2012	9	27	4	14.91666667	38	1	0	1	697	0.199722222	0.056388889	0.049444444	0.0	0.0891666669999999	0.0	0	0.052222222	1.5	0.14	0.0	0.00531915
14922	3167	0	4	3	2	6	4	0.5	1	2012	9	27	4	17.08333333	25	1	1	0	1004	0.299444444	0.123888889	0.151944444	0.0	0.085833333	0.0	0	0.0922222219999999	0.75	0.23	0.0	0.3795179999999999
14924	3167	1	2	3	2	6	5	0.0	1	2012	9	27	4	17.08333333	6	0	0	0	1004	0.299444444	0.123888889	0.151944444	0.0	0.085833333	0.0	0	0.0922222219999999	0.0	0.23	0.0	0.3795179999999999
14925	3168	0	0	4	1	1	1	1.0	1	2012	9	27	4	7.75	61	1	1	1	1304	0.509166667	0.1988888889999999	0.054166667	0.066666667	0.165833333	0.1166666669999999	1	0.094444444	3.2	0.31	0.0	0.0147059
14930	3169	1	0	4	2	1	1	1.0	1	2012	9	27	4	7.75	44	1	1	2	3471	1.048333333	0.320833333	0.446944444	0.0	0.1	0.0	0	0.188055556	1.5	0.65	0.0	0.0443130999999999
14967	3177	0	1	4	2	1	1	1.0	1	2012	9	28	5	8.75	35	1	1	2	1879	0.494444444	0.140833333	0.182222222	0.0	0.233333333	0.0	0	0.133611111	1.5	0.41	0.0	0.193347
14968	3177	0	2	4	2	1	1	1.0	1	2012	9	28	5	15.0	35	1	1	2	1879	0.5069444439999999	0.151944444	0.268333333	0.0	0.166666667	0.0	0	0.135277778	1.5	0.39	0.0	0.104723
14993	3180	1	1	4	3	1	5	0.0	1	2012	9	28	5	11.75	78	0	1	1	3765	0.927222222	0.330833333	0.102777778	0.0	0.243888889	0.226944444	1	0.2144444439999999	0.0	0.68	0.0	0.178756
15029	3186	1	3	3	1	2	4	1.0	1	2012	9	28	5	16.0	47	0	1	1	6589	1.571666667	0.5111111110000001	0.299722222	0.283333333	0.0	0.0	0	0.4552777779999999	1.95	1.09	10.5	0.624161
15054	3188	0	6	4	3	1	5	0.0	1	2012	9	28	5	17.33333333	73	1	1	2	1612	0.4025	0.115	0.136111111	0.0	0.1	0.0	0	0.1005555559999999	0.0	0.31	0.0	0.218232
15079	3192	0	3	4	3	1	1	1.0	1	2012	9	28	5	12.5	54	1	1	2	4165	1.000833333	0.3877777779999999	0.249722222	0.233333333	0.0	0.0	0	0.251944444	2.1	0.72	0.0	0.2370449999999999
15132	3206	0	3	4	3	1	1	1.0	1	2012	9	29	6	17.0	35	1	1	1	6758	1.600555556	0.538333333	0.165	0.0	0.5655555560000001	0.083333333	1	0.376666667	3.0	1.25	0.0	0.369469
15170	3213	1	0	3	5	2	1	1.0	1	2012	9	30	7	11.5	37	1	1	1	3208	0.8372222220000001	0.293333333	0.011666667	0.0	0.4558333329999999	0.0866666669999999	1	0.296388889	3.0	0.58	0.0	0.349578
15172	3214	0	0	4	3	2	1	1.0	1	2012	9	30	7	13.0	38	0	1	2	6847	1.705555556	0.512222222	0.355277778	0.0	0.448055556	0.093333333	1	0.404166667	3.0	1.05	0.0	0.424742
15189	3215	1	8	4	3	1	1	1.0	1	2012	9	30	7	20.16666667	40	0	1	1	1793	0.518055556	0.165555556	0.0886111109999999	0.0	0.142777778	0.0	0	0.1225	1.5	0.36	0.0	0.0612245
15190	3215	2	0	4	3	1	3	0.0	1	2012	9	30	7	12.0	15	1	0	1	2515	0.7011111109999999	0.2144444439999999	0.1011111109999999	0.0	0.255	0.0	0	0.192222222	0.0	0.55	0.0	0.291908
15191	3215	2	2	4	3	1	3	0.0	1	2012	9	30	7	14.58333333	15	1	0	1	2964	0.8866666670000001	0.274444444	0.276111111	0.0	0.423055556	0.0	0	0.199444444	0.0	0.63	0.0	0.144847
15197	3217	0	1	4	3	1	1	1.0	1	2012	9	30	7	11.75	55	0	1	2	4960	1.425	0.459722222	0.3958333329999999	0.0	0.304166667	0.1291666669999999	1	0.232777778	3.0	0.99	0.0	0.247017
15208	3220	1	1	1	3	1	1	0.0	1	2012	9	30	7	11.0	35	1	1	1	607	0.156944444	0.045	0.045833333	0.0	0.056111111	0.0	0	0.045277778	0.0	0.13	0.0	0.128834
15222	3222	0	3	3	5	1	1	1.0	1	2012	10	1	1	8.6	35	1	1	1	11257	2.583055556	0.919166667	0.294722222	0.366666667	0.0	0.0	0	0.743611111	4.0	1.95	10.5	0.548375
15278	3233	2	1	3	2	1	3	0.0	1	2012	10	1	1	15.58333333	11	1	0	1	4139	1.0686111109999998	0.306388889	0.0605555559999999	0.0	0.351666667	0.083333333	1	0.240555556	0.0	0.73	0.0	0.2055429999999999
15308	3239	1	1	1	4	1	1	1.0	1	2012	10	2	2	14.0	52	1	1	2	4134	0.970555556	0.300833333	0.272777778	0.0	0.32	0.0	0	0.251388889	1.5	0.72	0.0	0.2762429999999999
15317	3240	0	1	3	3	6	5	0.0	1	2012	10	2	2	11.08333333	65	1	0	0	2413	0.550277778	0.1744444439999999	0.029722222	0.0	0.1580555559999999	0.0	0	0.116944444	0.0	0.35	0.0	0.142518
15323	3241	0	6	4	4	1	5	0.0	1	2012	10	2	2	20.33333333	66	1	1	2	2082	0.529166667	0.173333333	0.0502777779999999	0.0	0.150833333	0.075555556	1	0.081666667	0.0	0.3	0.0	0.0816327
15336	3244	0	3	4	5	1	1	1.0	1	2012	10	2	2	15.66666667	53	1	1	1	3052	0.7533333329999999	0.202777778	0.1425	0.0	0.2347222219999999	0.0	0	0.191944444	1.5	0.54	0.0	0.166425
15358	3250	3	1	3	2	2	3	0.0	1	2012	10	2	2	16.0	13	1	0	2	2800	0.6819444440000001	0.226666667	0.170833333	0.0	0.3908333329999999	0.0	0	0.2575	0.0	0.47	0.0	0.2934199999999999
15384	3255	1	2	4	3	1	5	0.0	1	2012	10	3	3	13.33333333	67	0	1	1	495	0.12	0.048888889	0.078888889	0.0	0.022777778	0.0	0	0.037777778	0.0	0.09	0.0	0.147059
15385	3255	2	0	3	1	1	1	1.0	1	2012	10	3	3	6.5	41	0	0	1	14747	3.524722222	1.082222222	0.1938888889999999	0.533333333	0.403611111	0.113055556	1	0.655277778	3.2	3.03	0.0	0.4518859999999999
15408	3258	1	5	1	3	1	1	1.0	1	2012	10	3	3	15.0	32	1	1	1	555	0.193611111	0.0586111109999999	0.145	0.0	0.021666667	0.0	0	0.0511111109999999	1.5	0.14	0.0	0.2554349999999999
15416	3259	4	2	4	5	2	5	0.0	1	2012	10	3	3	12.0	8	1	0	1	2723	0.6777777779999999	0.272777778	0.2775	0.066666667	0.0	0.0	0	0.188055556	0.0	0.47	10.5	0.4387
15427	3260	2	3	1	3	5	1	1.0	1	2012	10	3	3	21.5	47	1	1	1	578	0.1744444439999999	0.054166667	0.1216666669999999	0.0	0.009166667	0.0	0	0.053333333	1.5	0.17	0.0	0.15625
15446	3264	1	5	1	2	2	1	1.0	1	2012	10	3	3	15.41666667	32	1	0	1	540	0.160555556	0.045	0.095555556	0.0	0.024444444	0.0	0	0.0325	1.5	0.09	0.0	0.102564
15452	3266	0	0	1	3	1	5	0.0	1	2012	10	3	3	6.5	62	0	1	2	864	0.2188888889999999	0.068611111	0.128611111	0.0	0.054444444	0.0	0	0.082777778	0.0	0.23	0.0	0.0671141
15474	3269	0	3	1	3	1	5	0.0	1	2012	10	3	3	13.0	70	0	1	1	1182	0.314722222	0.112777778	0.151111111	0.0	0.129722222	0.0	0	0.116944444	0.0	0.26	0.0	0.230404
15504	3274	1	4	4	3	1	5	0.0	1	2012	10	3	3	15.76666667	72	0	1	1	3158	0.7719444440000001	0.215555556	0.19	0.05	0.1	0.166666667	1	0.2397222219999999	0.0	0.68	0.0	0.193511
15554	3286	1	1	3	3	6	5	0.0	1	2012	10	4	4	13.75	66	0	1	0	6001	1.3991666669999998	0.482777778	0.250833333	0.2	0.0	0.0	0	0.369166667	0.0	1.09	0.0	0.2445449999999999
15583	3298	1	3	1	2	2	1	1.0	1	2012	10	4	4	15.08333333	37	1	1	2	590	0.170555556	0.0886111109999999	0.1125	0.0	0.019166667	0.0	0	0.111388889	1.5	0.27	0.0	0.0124687999999999
15647	3311	1	0	4	3	1	1	1.0	1	2012	10	5	5	11.0	47	0	1	2	7551	1.9575	0.5694444439999999	0.171111111	0.0	0.566666667	0.0	0	0.365555556	1.5	1.36	0.0	0.115502
15659	3312	0	2	4	3	1	1	1.0	1	2012	10	5	5	19.33333333	29	0	1	2	1498	0.339722222	0.094722222	0.111666667	0.0	0.076944444	0.0	0	0.095833333	1.5	0.29	0.0	0.185507
15666	3314	0	4	1	3	6	4	1.0	1	2012	10	5	5	19.75	26	0	1	0	694	0.196111111	0.090833333	0.119444444	0.0	0.033888889	0.0	0	0.076666667	1.5	0.2	0.0	0.5217390000000001
15668	3315	0	0	2	1	6	4	1.0	1	2012	10	5	5	8.25	21	0	1	0	4962	1.213333333	0.339722222	0.1772222219999999	0.183333333	0.0	0.166666667	1	0.297222222	1.95	0.79	0.0	0.2411219999999999
15676	3316	1	2	4	3	1	1	1.0	1	2012	10	5	5	18.83333333	22	1	0	1	1663	0.383055556	0.12	0.113611111	0.0	0.074722222	0.0	0	0.101388889	1.5	0.28	0.0	0.158904
15694	3322	0	4	3	3	6	1	1.0	1	2012	10	5	5	22.5	38	1	1	0	1131	0.302777778	0.144444444	0.0991666669999999	0.0	0.094166667	0.0	0	0.116388889	1.5	0.28	0.0	0.0429594
15704	3324	1	1	3	1	1	1	1.0	1	2012	10	5	5	19.83333333	30	1	0	1	12396	3.028888889	1.025	0.124444444	0.0	0.8563888890000001	0.0	0	0.596666667	1.5	2.0	0.0	0.4348229999999999
15713	3326	0	2	4	5	1	4	1.0	1	2012	10	5	5	8.833333332999999	38	0	1	1	4821	1.083333333	0.316111111	0.037222222	0.0	0.521944444	0.0	0	0.3075	1.5	0.93	0.0	0.3785
15727	3328	0	1	4	3	1	1	1.0	1	2012	10	5	5	7.6	39	0	1	1	496	0.174166667	0.047777778	0.131111111	0.0	0.027777778	0.0	0	0.044166667	1.5	0.12	0.0	0.0440251999999999
15737	3328	3	0	4	3	1	5	0.0	1	2012	10	5	5	14.75	8	0	0	1	2173	0.5277777779999999	0.1447222219999999	0.1625	0.0	0.173611111	0.0	0	0.1938888889999999	0.0	0.53	0.0	0.342407
15753	3332	0	1	1	3	6	4	0.5	1	2012	10	6	6	17.16666667	18	1	0	0	782	0.216944444	0.060277778	0.0825	0.0	0.1030555559999999	0.0	0	0.065277778	0.75	0.15	0.0	0.204255
15763	3335	0	2	1	3	6	1	1.0	1	2012	10	6	6	15.0	49	0	1	0	309	0.1191666669999999	0.069166667	0.0922222219999999	0.0	0.015	0.0	0	0.080555556	1.5	0.17	0.0	0.1448279999999999
15770	3337	0	1	3	3	6	5	0.0	1	2012	10	6	6	18.5	73	1	0	0	3654	0.900833333	0.3363888889999999	0.093055556	0.0	0.273055556	0.0	0	0.2347222219999999	0.0	0.61	0.0	0.2378699999999999
15771	3338	0	0	1	3	1	2	0.5	1	2012	10	6	6	8.5	17	0	0	2	1016	0.276944444	0.151944444	0.188333333	0.0	0.066666667	0.0	0	0.1066666669999999	0.75	0.36	0.0	0.213542
15791	3341	3	5	4	3	1	3	0.0	1	2012	10	7	7	17.08333333	11	1	0	2	1765	0.4638888889999999	0.145833333	0.126111111	0.0	0.078611111	0.0	0	0.076944444	0.0	0.29	0.0	0.032491
15803	3343	0	2	4	3	6	1	1.0	1	2012	10	7	7	11.0	28	0	1	0	7746	1.9275	0.5508333329999999	0.1744444439999999	0.0	0.471666667	0.316666667	1	0.288333333	3.0	1.21	0.0	0.188825
15815	3346	3	0	3	3	1	5	0.0	1	2012	10	7	7	10.0	5	0	0	2	2430	0.563611111	0.2025	0.18	0.0	0.168333333	0.0	0	0.151944444	0.0	0.45	0.0	0.023766
15836	3350	3	0	4	3	1	5	0.0	1	2012	10	7	7	10.5	7	0	0	2	4170	0.932222222	0.236666667	0.126388889	0.0	0.330833333	0.0	0	0.242777778	0.0	0.68	0.0	0.2345539999999999
15837	3350	3	4	1	5	1	5	0.0	1	2012	10	7	7	13.66666667	7	0	0	2	376	0.151944444	0.046944444	0.043888889	0.0	0.033333333	0.0	0	0.048888889	0.0	0.12	0.0	0.420455
15842	3351	1	5	3	3	1	1	1.0	1	2012	10	8	1	18.0	43	1	1	2	8847	2.118888889	0.660555556	0.113888889	0.0	0.576666667	0.0	0	0.490277778	1.5	1.53	0.0	0.2657219999999999
15861	3355	0	6	4	4	1	1	1.0	1	2012	10	8	1	18.5	49	0	1	1	21671	5.009444444	1.5472222219999998	0.320277778	0.683333333	0.0	0.25	2	1.068888889	2.9	3.49	0.0	0.511954
15867	3355	2	2	4	3	1	1	1.0	1	2012	10	8	1	17.0	20	0	0	1	3784	1.001388889	0.331111111	0.059166667	0.15	0.168888889	0.15	1	0.264722222	3.0	0.73	0.0	0.520462
15887	3357	0	4	1	3	6	1	1.0	1	2012	10	8	1	16.75	32	1	0	0	671	0.161944444	0.053888889	0.026111111	0.0	0.070833333	0.0	0	0.09	1.5	0.19	0.0	0.0216049
15899	3358	4	1	1	2	6	5	0.0	1	2012	10	8	1	15.41666667	8	0	0	0	400	0.105833333	0.026388889	0.0586111109999999	0.0	0.037777778	0.0	0	0.039166667	0.0	0.09	0.0	0.0921986
15930	3364	0	3	1	3	6	5	0.0	1	2012	10	8	1	14.88333333	75	0	0	0	859	0.263333333	0.098055556	0.074166667	0.0	0.128611111	0.0	0	0.132777778	0.0	0.29	0.0	0.238494
15976	3377	1	6	1	3	1	1	1.0	1	2012	10	8	1	13.0	51	0	1	1	515	0.139166667	0.044722222	0.0847222219999999	0.0	0.019722222	0.0	0	0.046666667	1.5	0.11	0.0	0.363095
15980	3377	1	10	4	3	1	1	1.0	1	2012	10	8	1	18.75	51	0	1	1	2979	0.6775	0.215277778	0.149166667	0.0	0.228333333	0.111388889	1	0.198333333	3.0	0.52	0.0	0.319328
15987	3377	2	5	4	3	1	3	0.0	1	2012	10	8	1	20.16666667	15	0	0	1	2979	0.685555556	0.207777778	0.2775	0.0	0.179166667	0.0	0	0.166666667	0.0	0.49	0.0	0.258333
15989	3378	0	3	1	2	6	1	1.0	1	2012	10	8	1	15.08333333	28	1	0	0	405	0.140833333	0.061388889	0.095	0.0	0.015277778	0.0	0	0.054166667	1.5	0.11	0.0	0.0820513
16004	3382	1	2	1	3	1	1	1.0	1	2012	10	9	2	13.5	57	1	1	2	258	0.075555556	0.0288888889999999	0.056666667	0.0	0.011388889	0.0	0	0.020833333	1.5	0.05	0.0	0.146667
16047	3390	1	1	1	1	1	1	1.0	1	2012	10	9	2	17.0	60	1	1	1	1156	0.292222222	0.109166667	0.17	0.0	0.076388889	0.0	0	0.132222222	1.5	0.29	0.0	0.352941
16053	3392	0	0	3	2	6	4	1.0	1	2012	10	9	2	9.0	29	1	0	0	5859	1.4227777780000002	0.427777778	0.300277778	0.183333333	0.0	0.0	0	0.436666667	1.85	0.98	10.5	0.765267
16062	3395	0	3	4	4	2	1	1.0	1	2012	10	9	2	11.16666667	57	0	1	2	11031	2.717222222	0.7755555559999999	0.285	0.083333333	0.611111111	0.35	2	0.622777778	5.1	1.91	0.0	0.49331
16063	3395	0	4	4	4	2	1	1.0	1	2012	10	9	2	14.75	57	0	1	2	11031	2.741666667	0.820555556	0.283888889	0.65	0.1	0.3	2	0.639166667	3.0	1.81	0.0	0.419383
16072	3397	3	0	4	4	1	1	1.0	1	2012	10	9	2	6.25	44	0	1	1	12041	2.892222222	0.8855555559999999	0.211111111	0.366666667	0.0	0.15	2	0.76	2.8	2.13	0.0	0.72405
16075	3398	1	4	3	3	3	5	0.0	1	2012	10	9	2	15.5	71	1	1	1	2948	0.7394444440000001	0.2491666669999999	0.1747222219999999	0.0	0.208888889	0.0	0	0.178888889	0.0	0.57	0.0	0.189441
16094	3402	0	0	1	3	1	1	1.0	1	2012	10	9	2	7.0	45	0	1	1	572	0.178611111	0.064166667	0.057222222	0.0	0.070833333	0.0	0	0.047777778	1.5	0.13	0.0	0.418605
16125	3407	0	2	1	5	1	1	1.0	1	2012	10	10	3	13.25	58	0	1	2	584	0.138055556	0.039722222	0.055833333	0.0	0.061944444	0.0	0	0.032222222	1.5	0.09	0.0	0.517241
16136	3410	0	2	1	3	2	1	1.0	1	2012	10	10	3	10.0	39	1	0	1	938	0.257777778	0.106388889	0.163333333	0.0	0.033333333	0.0	0	0.128888889	1.5	0.21	0.0	0.0991378999999999
16171	3415	2	1	3	2	6	5	0.0	1	2012	10	10	3	15.5	7	1	0	0	1496	0.404722222	0.1275	0.2119444439999999	0.0	0.090277778	0.0	0	0.138055556	0.0	0.3	0.0	0.231388
16236	3431	1	0	4	5	1	1	1.0	1	2012	10	11	4	20.08333333	45	1	1	2	9774	2.3825	0.7272222220000001	0.203333333	0.366666667	0.083333333	0.133333333	1	0.5686111110000001	4.3	1.69	0.0	0.4587199999999999
16238	3431	2	0	3	2	2	2	0.0	1	2012	10	11	4	7.0	16	1	0	2	7340	1.8825	0.638611111	0.186944444	0.0	0.528611111	0.088888889	1	0.325	0.0	1.01	0.0	0.247009
16239	3431	2	1	3	2	2	2	0.0	1	2012	10	11	4	18.0	16	1	0	2	7340	1.7625	0.510277778	0.194166667	0.0	0.4775	0.11	1	0.441388889	0.0	1.11	0.0	0.370673
16242	3432	1	0	3	1	6	1	1.0	1	2012	10	11	4	8.5	47	0	0	0	4492	1.297222222	0.366111111	0.143888889	0.0	0.472222222	0.094444444	1	0.411111111	3.0	1.02	0.0	0.427027
16244	3433	0	0	2	1	6	1	1.0	1	2012	10	11	4	7.0	18	0	0	0	1868	0.531388889	0.175555556	0.420555556	0.0	0.069444444	0.0	0	0.1988888889999999	1.5	0.53	0.0	0.332402
16255	3435	0	5	3	5	6	1	1.0	1	2012	10	11	4	15.33333333	31	0	0	0	3896	0.853888889	0.3238888889999999	0.098888889	0.133333333	0.0	0.0	0	0.330555556	2.4	0.71	10.5	0.647899
16270	3437	0	3	4	3	6	1	1.0	1	2012	10	11	4	20.0	33	1	1	2	1363	0.3458333329999999	0.108055556	0.199444444	0.0	0.061666667	0.0	0	0.106111111	1.5	0.26	0.0	0.115183
16275	3438	0	0	3	1	2	1	1.0	1	2012	10	11	4	12.05	24	1	0	1	6606	2.612222222	0.496944444	0.198055556	0.0	0.4502777779999999	0.0	0	0.308333333	1.5	1.1	0.0	0.4081079999999999
16295	3442	0	0	3	3	6	1	1.0	1	2012	10	11	4	15.0	31	1	0	0	500	0.2022222219999999	0.071944444	0.090833333	0.0	0.049166667	0.0	0	0.075	1.5	0.15	0.0	0.3407409999999999
16318	3445	3	5	1	3	6	2	0.0	1	2012	10	11	4	17.83333333	16	0	0	0	1358	0.347777778	0.094444444	0.215	0.033333333	0.0	0.0	0	0.079166667	0.85	0.22	0.0	0.126316
16324	3449	0	0	4	3	1	5	0.0	1	2012	10	12	5	10.5	75	0	1	1	1397	0.465277778	0.151666667	0.261666667	0.0	0.083333333	0.0	0	0.135555556	0.0	0.43	0.0	0.0307377
16346	3451	2	0	1	2	6	5	0.0	1	2012	10	12	5	8.416666667000001	5	0	0	0	536	0.194444444	0.056666667	0.154722222	0.0	0.0194444439999999	0.0	0	0.0605555559999999	0.0	0.15	0.0	0.137615
16384	3459	1	2	4	5	6	1	1.0	1	2012	10	12	5	15.75	32	0	1	0	1225	0.297222222	0.155277778	0.232222222	0.0	0.0855555559999999	0.0	0	0.179166667	1.5	0.38	0.0	0.249612
16452	3475	0	2	3	3	2	5	0.0	1	2012	10	13	6	12.5	67	0	1	2	14411	3.2802777780000003	1.012777778	0.243333333	0.45	0.0	0.0	0	0.755277778	0.0	1.92	10.5	0.534755
16453	3475	0	3	4	5	2	5	0.0	1	2012	10	13	6	21.5	67	0	1	2	1033	0.2475	0.071666667	0.036111111	0.0	0.066666667	0.0	0	0.082222222	0.0	0.19	0.0	0.5
16457	3476	0	4	3	3	6	1	0.5	1	2012	10	13	6	17.0	37	1	0	0	2012	0.428333333	0.1186111109999999	0.065555556	0.0	0.214722222	0.0	0	0.1166666669999999	0.75	0.28	0.0	0.488095
16459	3476	1	1	3	5	6	5	0.0	1	2012	10	13	6	13.0	7	1	0	0	348	0.186944444	0.0841666669999999	0.116944444	0.0	0.041666667	0.0	0	0.094722222	0.0	0.2	0.0	0.0645160999999999
16472	3479	0	2	3	3	6	1	1.0	1	2012	10	13	6	12.25	26	1	0	0	1429	0.379166667	0.134166667	0.17	0.0	0.055555556	0.0	0	0.092777778	1.5	0.24	0.0	0.284431
16484	3483	0	3	4	3	1	1	1.0	1	2012	10	13	6	19.0	43	0	1	1	1619	0.561111111	0.2125	0.027222222	0.0	0.16	0.138611111	1	0.132777778	3.0	0.37	0.0	0.4916319999999999
16513	3491	2	0	3	3	6	5	0.0	1	2012	10	13	6	8.833333332999999	8	0	0	0	2573	0.639166667	0.241388889	0.211666667	0.0	0.2213888889999999	0.0	0	0.185833333	0.0	0.47	0.0	0.140508
16586	3504	1	1	4	3	1	5	0.0	1	2012	10	14	7	11.75	75	1	0	1	2383	0.575833333	0.175833333	0.165277778	0.0	0.0925	0.0	0	0.108333333	0.0	0.38	0.0	0.107692
16660	3516	0	3	3	1	1	1	1.0	1	2012	10	15	1	16.91666667	41	0	1	1	9285	2.225277778	0.833611111	0.299722222	0.133333333	0.2	0.1	1	0.706666667	4.4	1.83	10.5	0.706761
16673	3518	3	0	3	3	6	3	0.0	1	2012	10	15	1	15.5	13	1	0	0	1920	0.508611111	0.173333333	0.081111111	0.0	0.270833333	0.0	0	0.150833333	0.0	0.33	0.0	0.609576
16688	3521	1	1	4	3	1	1	1.0	1	2012	10	15	1	10.75	49	1	1	1	1999	0.567222222	0.168888889	0.263611111	0.033333333	0.0	0.0	0	0.111111111	1.5	0.37	0.0	0.2225
16698	3523	0	2	4	1	5	1	1.0	1	2012	10	16	2	15.0	34	0	1	2	18108	4.234722222	1.293055556	0.2822222219999999	0.666666667	0.0866666669999999	0.206666667	2	0.9825	4.6	4.04	0.0	0.425785
16706	3523	2	1	4	2	2	5	0.0	1	2012	10	16	2	16.33333333	7	0	0	2	863	0.3675	0.113055556	0.285555556	0.0	0.036666667	0.0	0	0.102777778	0.0	0.24	0.0	0.0783784
16741	3532	2	0	3	1	2	1	1.0	1	2012	10	16	2	9.5	19	1	0	1	3436	0.849722222	0.233055556	0.158333333	0.0	0.168888889	0.0	0	0.163055556	1.5	0.46	0.0	0.301533
16748	3534	0	1	3	4	2	1	1.0	1	2012	10	16	2	18.83333333	29	0	1	1	5122	1.201388889	0.400277778	0.1575	0.15	0.0	0.0	0	0.27	2.29	0.79	0.0	0.41358
16772	3540	1	0	3	1	2	1	1.0	1	2012	10	17	3	6.5	45	0	0	1	16788	3.876111111	1.089444444	0.145277778	0.533333333	0.112222222	0.327777778	2	0.943888889	5.1	2.56	0.0	0.43555
16800	3546	1	0	3	1	1	1	1.0	1	2012	10	17	3	5.5	37	0	0	1	19970	4.352777778	1.321944444	0.088055556	0.333333333	0.247222222	0.166666667	2	0.586944444	6.1	2.8	0.0	0.267392
16811	3547	3	0	4	2	1	5	0.0	1	2012	10	17	3	8.25	8	0	0	1	1355	0.373333333	0.1425	0.134444444	0.0	0.085	0.0	0	0.126388889	0.0	0.33	0.0	0.334066
16818	3549	0	3	3	3	2	5	0.0	1	2012	10	17	3	17.25	69	0	1	2	3560	0.8955555559999999	0.296111111	0.039444444	0.0	0.408611111	0.0	0	0.245	0.0	0.59	0.0	0.293651
16837	3554	0	1	4	3	2	5	0.0	1	2012	10	17	3	15.0	68	0	1	2	7645	1.799722222	0.585833333	0.235833333	0.0	0.56	0.066666667	1	0.355277778	0.0	1.17	0.0	0.336982
16847	3556	0	1	4	3	1	5	0.0	1	2012	10	17	3	15.0	77	1	1	1	2235	0.561111111	0.173888889	0.126111111	0.0	0.197777778	0.0	0	0.1838888889999999	0.0	0.47	0.0	0.226586
16850	3557	0	3	1	5	6	1	1.0	1	2012	10	17	3	14.0	46	1	0	0	576	0.261666667	0.1166666669999999	0.141388889	0.0	0.0375	0.0	0	0.0891666669999999	1.5	0.2	0.0	0.311526
16858	3558	0	1	3	3	1	5	0.0	1	2012	10	18	4	12.0	65	0	1	2	5124	1.210555556	0.343888889	0.074444444	0.0	0.444166667	0.083333333	1	0.286111111	0.0	0.88	0.0	0.2252429999999999
16892	3565	6	0	4	1	2	1	1.0	1	2012	10	18	4	8.5	19	0	1	1	9538	2.344722222	0.663333333	0.219722222	0.3	0.058333333	0.1	1	0.494444444	3.2	1.41	0.0	0.3421349999999999
16909	3570	1	2	3	3	6	4	1.0	1	2012	10	18	4	19.0	36	1	1	0	6580	1.506388889	0.5175	0.126111111	0.166666667	0.144166667	0.1166666669999999	1	0.559722222	3.1	1.18	0.0	0.6124069999999999
16973	3585	1	3	4	3	1	5	0.0	1	2012	10	19	5	21.5	65	1	0	1	5694	1.451388889	0.468055556	0.166666667	0.35	0.0	0.166666667	1	0.313611111	0.0	1.05	0.0	0.273694
16983	3587	0	1	4	3	1	1	1.0	1	2012	10	19	5	17.5	28	1	1	1	3221	0.824722222	0.259444444	0.160277778	0.0	0.337222222	0.0	0	0.344166667	1.5	0.85	0.0	0.325262
17010	3593	0	0	3	1	6	1	1.0	1	2012	10	19	5	8.0	26	0	0	0	12073	2.917222222	1.001111111	0.173611111	0.433333333	0.0	0.083333333	1	0.8141666670000001	3.3	2.12	0.0	0.655749
17055	3599	1	2	4	5	1	1	1.0	1	2012	10	20	6	15.25	57	0	1	2	398	0.101944444	0.060277778	0.0627777779999999	0.0	0.029722222	0.0	0	0.0502777779999999	1.5	0.09	0.0	0.0331492
17087	3604	1	1	4	3	1	4	1.0	1	2012	10	20	6	15.5	37	1	1	1	2234	0.680277778	0.21	0.203055556	0.0	0.123611111	0.113055556	1	0.120277778	3.0	0.43	0.0	0.152425
17114	3612	0	1	4	5	1	5	0.0	1	2012	10	20	6	11.0	74	1	1	2	3105	0.7636111109999999	0.258055556	0.126944444	0.0	0.197777778	0.0	0	0.180555556	0.0	0.55	0.0	0.256923
17122	3613	0	5	1	5	6	4	1.0	1	2012	10	20	6	17.5	38	1	1	0	1371	0.284166667	0.095277778	0.018333333	0.0	0.135	0.0	0	0.078888889	1.5	0.23	0.0	0.588028
17191	3623	3	1	4	3	1	1	1.0	1	2012	10	21	7	11.75	20	1	1	2	3367	0.8594444440000001	0.2344444439999999	0.203611111	0.0	0.316666667	0.15	1	0.120277778	3.0	0.51	0.0	0.0461894
17240	3635	0	3	3	2	6	1	1.0	1	2012	10	22	1	15.33333333	24	1	0	0	1001	0.3544444439999999	0.131666667	0.176388889	0.0	0.05	0.0	0	0.080277778	1.5	0.22	0.0	0.00692042
17259	3641	3	0	3	3	1	3	0.0	1	2012	10	22	1	18.0	15	1	0	2	6494	1.472222222	0.444444444	0.2125	0.0	0.4458333329999999	0.065555556	1	0.4119444439999999	0.0	1.35	0.0	0.59002
17296	3649	0	2	4	3	6	5	0.0	1	2012	10	22	1	13.0	82	0	1	0	2432	0.6991666670000001	0.2022222219999999	0.448055556	0.0	0.1	0.0	0	0.168611111	0.0	0.47	0.0	0.0395386999999999
17316	3654	1	2	4	5	1	1	1.0	1	2012	10	23	2	13.5	48	0	1	1	955	0.250833333	0.0861111109999999	0.224444444	0.0	0.018611111	0.0	0	0.1005555559999999	1.5	0.29	0.0	0.019337
17351	3661	0	3	4	3	1	4	1.0	1	2012	10	23	2	15.0	28	1	1	2	3342	1.349166667	0.531111111	0.099722222	0.0	0.405277778	0.0	0	0.196666667	1.5	0.79	0.0	0.069209
17354	3662	1	0	3	1	1	1	1.0	1	2012	10	23	2	6.0	33	0	1	1	17139	4.194722222	1.309722222	0.420833333	0.6	0.0	0.15	1	0.8230555559999999	6.59	2.83	0.0	0.220047
17372	3665	0	2	2	3	6	1	1.0	1	2012	10	23	2	19.5	29	0	0	0	2033	0.550277778	0.176111111	0.221111111	0.0	0.16	0.0	0	0.177777778	1.5	0.46	0.0	0.132813
17399	3669	4	0	3	2	6	5	0.0	1	2012	10	23	2	8.5	6	1	0	0	1878	0.4513888889999999	0.146944444	0.1030555559999999	0.0	0.133333333	0.0	0	0.124444444	0.0	0.33	0.0	0.196429
17405	3671	1	2	3	3	2	1	1.0	1	2012	10	23	2	16.0	33	0	1	1	11770	2.749722222	0.956388889	0.116388889	0.316666667	0.0	0.0	0	0.799722222	2.8	1.8	10.5	0.588746
17458	3685	0	1	3	3	2	5	0.0	1	2012	10	24	3	15.5	68	1	1	1	21124	5.099444444	1.673888889	0.196944444	0.966666667	0.0	0.1	1	0.757777778	0.0	4.26	0.0	0.400293
17468	3688	0	1	4	1	1	1	1.0	1	2012	10	24	3	17.25	55	0	1	2	6872	1.668333333	0.472222222	0.133055556	0.0	0.600555556	0.124444444	1	0.305833333	3.0	1.07	0.0	0.208901
17567	3708	1	2	4	3	1	5	0.0	1	2012	10	25	4	12.3	78	0	1	1	2981	0.818888889	0.245277778	0.149444444	0.0	0.154444444	0.0	0	0.153611111	0.0	0.55	0.0	0.213382
17602	3716	1	0	3	1	1	1	1.0	1	2012	10	26	5	8.0	28	1	1	1	13559	3.160833333	1.054722222	0.1566666669999999	0.433333333	0.0	0.1166666669999999	1	0.990277778	5.6	3.05	10.5	0.5708270000000001
17651	3726	0	1	4	3	6	1	1.0	1	2012	10	26	5	22.83333333	24	1	0	0	2028	0.465555556	0.150555556	0.07	0.0	0.093333333	0.0	0	0.123611111	1.5	0.31	0.0	0.1955059999999999
17670	3733	0	0	3	1	6	1	1.0	1	2012	10	26	5	7.0	36	0	1	0	8924	2.077777778	0.67	0.3313888889999999	0.283333333	0.0	0.0	0	0.538611111	3.3	1.39	10.5	0.649304
17685	3736	1	4	1	3	6	4	1.0	1	2012	10	27	6	18.0	41	1	0	0	999	0.224166667	0.064722222	0.150833333	0.0	0.039722222	0.0	0	0.115277778	1.5	0.28	0.0	0.026506
17689	3738	0	1	1	5	6	1	1.0	1	2012	10	27	6	12.0	58	1	1	0	292	0.1125	0.0308333329999999	0.073333333	0.0	0.0325	0.0	0	0.045833333	1.5	0.09	0.0	0.351515
17699	3740	0	1	4	3	5	1	1.0	1	2012	10	27	6	11.83333333	35	1	1	1	2198	0.5463888889999999	0.155833333	0.273611111	0.0	0.0975	0.0	0	0.132777778	1.5	0.5	0.0	0.161088
17704	3740	3	0	4	3	2	1	1.0	1	2012	10	27	6	9.0	42	0	1	1	2198	0.548611111	0.162777778	0.315	0.0	0.055555556	0.0	0	0.1266666669999999	1.5	0.33	0.0	0.0855263
17726	3745	0	2	1	3	1	5	0.0	1	2012	10	27	6	16.0	73	1	1	2	1235	0.393611111	0.298888889	0.2369444439999999	0.0	0.0605555559999999	0.0	0	0.064166667	0.0	0.18	0.0	0.2857139999999999
17747	3750	2	1	3	3	1	1	1.0	1	2012	10	27	6	17.0	30	1	1	1	21069	5.2225	1.859444444	0.223333333	0.6333333329999999	0.0	0.3833333329999999	3	1.211666667	4.8	3.99	0.0	0.47547
17771	3753	1	2	4	3	1	1	1.0	1	2012	10	27	6	16.0	32	1	1	1	1291	0.326111111	0.0922222219999999	0.1422222219999999	0.033333333	0.0	0.0	0	0.094722222	1.5	0.25	0.0	0.395894
17775	3753	3	2	4	3	1	5	0.0	1	2012	10	27	6	16.0	5	1	0	1	1291	0.326111111	0.0922222219999999	0.1422222219999999	0.033333333	0.0	0.0	0	0.094722222	0.0	0.25	0.0	0.395894
17789	3757	0	8	4	5	1	1	1.0	1	2012	10	28	7	22.0	56	0	1	1	566	0.141944444	0.036388889	0.044166667	0.0	0.033333333	0.0	0	0.045555556	1.5	0.12	0.0	0.170732
17798	3757	1	9	4	3	1	1	1.0	1	2012	10	28	7	22.18333333	55	1	1	1	2039	0.5722222220000001	0.179722222	0.068055556	0.05	0.1016666669999999	0.133333333	1	0.150833333	3.6	0.45	0.0	0.0497238
17812	3759	2	2	4	5	1	3	0.0	1	2012	10	28	7	16.5	12	0	0	1	1605	0.406666667	0.124166667	0.123888889	0.0	0.09	0.0	0	0.096944444	0.0	0.31	0.0	0.266476
17839	3766	2	0	3	2	6	4	0.5	1	2012	10	28	7	12.5	22	1	0	0	5332	1.325555556	0.4608333329999999	0.267777778	0.183333333	0.0	0.1	1	0.3802777779999999	1.6	0.99	0.0	0.385683
17842	3767	0	1	4	5	1	1	1.0	1	2012	10	28	7	13.0	53	1	0	1	2204	0.520277778	0.145	0.0625	0.0	0.259444444	0.0	0	0.1694444439999999	1.5	0.43	0.0	0.334426
17846	3767	2	1	4	5	1	1	1.0	1	2012	10	28	7	13.0	26	1	0	1	2204	0.520277778	0.145	0.0625	0.0	0.259444444	0.0	0	0.1694444439999999	1.5	0.43	0.0	0.334426
17870	3774	0	0	1	3	1	1	1.0	1	2012	10	29	1	11.5	52	1	1	1	1416	0.3702777779999999	0.125277778	0.149444444	0.0	0.159444444	0.0	0	0.126111111	1.5	0.32	0.0	0.0660793
17882	3776	2	1	3	3	6	2	0.0	1	2012	10	29	1	18.5	16	1	0	0	3673	0.938888889	0.25	0.238333333	0.0	0.299444444	0.0	0	0.182222222	0.0	0.6	0.0	0.4390239999999999
17907	3783	0	2	3	3	6	5	0.0	1	2012	10	29	1	14.16666667	64	1	0	0	2032	0.468055556	0.118333333	0.125277778	0.066666667	0.0	0.0	0	0.160833333	0.0	0.34	0.0	0.316062
17920	3785	1	2	4	5	6	5	0.0	1	2012	10	29	1	15.0	64	1	1	2	2959	0.805	0.216111111	0.168888889	0.0	0.249444444	0.0	0	0.2075	0.0	0.55	0.0	0.406961
17942	3791	0	0	3	3	6	5	0.0	1	2012	10	30	2	12.16666667	73	0	1	0	1387	0.3263888889999999	0.106111111	0.165	0.0	0.080555556	0.0	0	0.125277778	0.0	0.33	0.0	0.155211
17949	3792	2	0	3	1	1	1	1.0	1	2012	10	30	2	8.0	23	1	1	2	13921	3.215277778	1.04	0.365277778	0.416666667	0.0	0.1	1	1.0594444440000002	4.0	2.65	10.5	0.815679
18006	3810	0	3	4	3	1	1	1.0	1	2012	10	30	2	16.0	40	1	1	2	2174	0.588055556	0.2022222219999999	0.330277778	0.033333333	0.0	0.0	0	0.171388889	1.7	0.48	0.0	0.340357
18024	3813	2	0	3	3	6	5	0.0	1	2012	10	30	2	8.5	13	1	0	0	8716	2.055555556	0.632777778	0.139166667	0.3	0.086944444	0.079722222	1	0.580833333	0.0	1.45	0.0	0.789574
18032	3815	0	4	4	3	1	5	0.0	1	2012	10	31	3	18.0	76	0	1	2	4388	1.053333333	0.371666667	0.22	0.0	0.191944444	0.0	0	0.233055556	0.0	0.68	0.0	0.241955
18050	3821	0	1	1	5	6	5	0.0	1	2012	10	31	3	15.65	40	0	0	0	431	0.14	0.034722222	0.085277778	0.0	0.019166667	0.0	0	0.09	0.0	0.18	0.0	0.0555556
18063	3825	0	0	4	3	1	1	1.0	1	2012	10	31	3	10.5	58	0	1	2	1121	0.295833333	0.098055556	0.1325	0.0	0.093333333	0.0	0	0.0872222219999999	1.5	0.24	0.0	0.1751589999999999
18068	3826	2	1	3	3	1	5	0.0	1	2012	10	31	3	17.0	17	0	1	1	2303	0.531944444	0.151388889	0.078055556	0.0	0.221111111	0.0	0	0.169722222	0.0	0.45	0.0	0.242226
18082	3830	0	3	4	3	1	5	0.0	1	2012	10	31	3	17.0	62	1	1	2	936	0.2488888889999999	0.071388889	0.128888889	0.0	0.066666667	0.0	0	0.077222222	0.0	0.23	0.0	0.169065
18091	3831	1	1	1	5	1	5	0.0	1	2012	10	31	3	12.5	6	0	0	2	655	0.135833333	0.031666667	0.033055556	0.0	0.0627777779999999	0.0	0	0.075833333	0.0	0.17	0.0	0.688645
18108	3836	0	0	4	3	1	1	1.0	1	2012	10	31	3	16.0	40	0	1	2	8806	2.197222222	0.7213888890000001	0.2238888889999999	0.0	1.149166667	0.1	1	0.601111111	3.0	1.83	0.0	0.316081
18124	3840	0	0	3	3	6	5	0.0	1	2012	10	31	3	11.0	79	0	1	0	3303	0.8269444440000001	0.2663888889999999	0.1172222219999999	0.0	0.427777778	0.0	0	0.242777778	0.0	0.6	0.0	0.463387
18155	3847	0	3	4	3	1	1	1.0	1	2012	11	1	4	19.75	44	0	1	2	2029	0.606111111	0.203333333	0.363888889	0.0	0.074722222	0.0	0	0.148333333	1.5	0.42	0.0	0.159176
18160	3849	0	0	4	4	2	1	1.0	1	2012	11	1	4	10.5	48	1	1	1	3761	0.911111111	0.288055556	0.171666667	0.0	0.265277778	0.0	0	0.238611111	1.5	0.62	0.0	0.243306
18171	3851	0	0	3	3	6	1	1.0	1	2012	11	1	4	8.166666667000001	49	1	0	0	9437	2.187777778	0.737777778	0.38	0.25	0.1	0.1	1	0.706666667	5.0	1.59	10.5	0.6764939999999999
18173	3851	0	3	3	3	6	1	1.0	1	2012	11	1	4	15.0	49	1	0	0	4084	0.946666667	0.319444444	0.122777778	0.0	0.279166667	0.0	0	0.2119444439999999	1.5	0.61	0.0	0.344692
18181	3853	0	1	3	1	2	1	1.0	1	2012	11	1	4	19.33333333	35	0	1	1	10863	2.619444444	0.854166667	0.167222222	0.2666666669999999	0.0	0.066666667	1	0.661111111	2.9	1.64	0.0	0.628151
18194	3855	1	1	3	4	2	1	1.0	1	2012	11	1	4	19.75	40	0	1	1	15012	3.401666667	1.194722222	0.168055556	0.5	0.25	0.133333333	1	0.836944444	3.9	2.19	0.0	0.5861270000000001
18220	3859	0	3	3	5	6	1	1.0	1	2012	11	1	4	18.0	38	1	0	0	6357	1.518888889	0.606388889	0.262777778	0.366666667	0.0	0.0	0	0.545277778	2.4	1.16	10.5	0.7356090000000001
18233	3863	1	3	4	3	1	1	1.0	1	2012	11	1	4	19.25	43	0	1	1	1381	0.375833333	0.12	0.217222222	0.0	0.074166667	0.0	0	0.114722222	1.5	0.3	0.0	0.200969
18278	3873	0	1	4	3	1	1	1.0	1	2012	11	2	5	13.5	52	1	1	1	10477	2.409166667	0.7022222220000001	0.108611111	0.0	0.694444444	0.076666667	1	0.369166667	3.0	1.6	0.0	0.1775769999999999
18288	3874	2	1	3	3	2	2	0.0	1	2012	11	2	5	11.33333333	16	0	0	1	2502	0.531944444	0.144166667	0.090555556	0.0	0.161111111	0.0	0	0.216111111	0.0	0.67	0.0	0.167095
18300	3876	0	1	3	5	6	1	1.0	1	2012	11	2	5	17.5	26	0	0	0	2202	0.518611111	0.193055556	0.1988888889999999	0.1166666669999999	0.0	0.0	0	0.208888889	2.4	0.41	0.0	0.587766
18321	3883	0	0	3	1	6	1	1.0	1	2012	11	2	5	7.5	28	1	1	2	13627	3.225277778	1.133611111	0.190833333	0.3833333329999999	0.0	0.1	1	0.881388889	5.6	2.23	10.5	0.567286
18366	3894	0	2	4	3	1	1	1.0	1	2012	11	3	6	18.0	34	0	1	1	6081	1.53	0.509166667	0.12	0.2	0.260277778	0.166666667	1	0.368888889	3.0	1.13	0.0	0.295934
18367	3895	0	0	4	1	6	1	1.0	1	2012	11	3	6	7.75	34	0	1	2	7472	2.007222222	0.635277778	0.144166667	0.1	0.4	0.133333333	1	0.272222222	3.6	1.11	0.0	0.15102
18430	3906	1	1	4	5	1	1	1.0	1	2012	11	4	7	15.5	47	0	1	1	7152	1.825277778	0.525555556	0.016944444	0.0	0.950833333	0.0922222219999999	1	0.3525	3.0	1.57	0.0	0.194641
18432	3906	1	3	4	3	1	1	1.0	1	2012	11	4	7	19.5	47	0	1	1	3948	1.124166667	0.319166667	0.11	0.0	0.164722222	0.285277778	1	0.1925	3.0	0.71	0.0	0.180375
18474	3913	0	0	3	3	1	1	1.0	1	2012	11	4	7	8.75	49	1	1	1	10422	2.4875	0.8041666670000001	0.184166667	0.5166666670000001	0.0	0.066666667	1	0.5166666670000001	2.8	1.7	0.0	0.4591399999999999
18475	3913	0	1	1	5	1	1	1.0	1	2012	11	4	7	13.66666667	49	1	1	1	998	0.307222222	0.147777778	0.2288888889999999	0.0	0.038333333	0.0	0	0.1555555559999999	1.5	0.33	0.0	0.330357
18501	3917	2	2	1	3	2	4	1.0	1	2012	11	4	7	18.5	23	0	1	2	999	0.233055556	0.068055556	0.1397222219999999	0.0	0.033333333	0.0	0	0.045833333	1.5	0.13	0.0	0.30303
18511	3920	1	3	1	5	6	1	1.0	1	2012	11	5	1	13.06666667	35	0	1	0	639	0.153611111	0.051388889	0.038055556	0.0	0.056111111	0.0	0	0.039722222	1.5	0.1	0.0	0.223776
18512	3921	0	0	4	2	1	1	1.0	1	2012	11	5	1	8.25	36	1	1	2	7223	1.7225	0.468888889	0.254722222	0.0	0.7122222220000001	0.0	0	0.425833333	1.5	1.21	0.0	0.323549
18530	3923	0	4	4	3	2	1	1.0	1	2012	11	5	1	19.75	37	0	1	1	12213	3.111388889	1.065833333	0.138611111	0.666666667	0.055277778	0.2166666669999999	2	0.502222222	7.2	1.73	0.0	0.276549
18545	3925	0	0	2	1	6	1	1.0	1	2012	11	5	1	8.5	30	0	0	0	3151	0.936944444	0.3927777779999999	0.126388889	0.2166666669999999	0.0	0.0	0	0.430555556	1.7	1.03	0.0	0.5580649999999999
18607	3936	2	0	3	2	6	3	0.0	1	2012	11	5	1	7.666666667	14	0	0	0	2010	0.538888889	0.145	0.1525	0.0	0.134444444	0.0	0	0.158611111	0.0	0.41	0.0	0.38704
18610	3936	3	1	3	2	6	3	0.0	1	2012	11	5	1	15.5	11	0	0	0	2010	0.537222222	0.139444444	0.211111111	0.0	0.128333333	0.0	0	0.164722222	0.0	0.44	0.0	0.29511
18641	3944	0	0	3	1	6	1	1.0	1	2012	11	6	2	5.5	25	0	1	0	32093	7.496944443999999	2.303611111	0.192777778	1.05	0.0	0.083333333	1	1.39	3.1	6.0	0.0	0.5795359999999999
18646	3946	1	1	4	3	1	1	1.0	1	2012	11	6	2	15.0	57	1	1	1	1283	0.3225	0.098333333	0.117777778	0.0	0.110555556	0.0	0	0.083611111	1.5	0.25	0.0	0.192691
18652	3948	0	2	4	5	1	1	1.0	1	2012	11	6	2	14.16666667	58	1	1	2	8052	1.841111111	0.546666667	0.2847222219999999	0.3	0.0	0.0	0	0.360833333	1.9	1.37	0.0	0.0700539
18653	3948	0	3	4	3	1	1	1.0	1	2012	11	6	2	15.91666667	58	1	1	2	13082	2.9477777780000003	0.940555556	0.374444444	0.483333333	0.0	0.316666667	2	0.668888889	4.2	2.06	0.0	0.332226
18658	3949	0	5	4	2	2	1	1.0	1	2012	11	6	2	15.91666667	38	1	1	1	2620	0.7425	0.226666667	0.162222222	0.0	0.3288888889999999	0.0	0	0.229166667	1.5	0.56	0.0	0.330909
18661	3949	2	0	3	5	2	3	0.0	1	2012	11	6	2	7.083333333	15	1	0	1	8989	2.123611111	0.612222222	0.293888889	0.2666666669999999	0.083333333	0.183333333	1	0.472222222	0.85	1.31	0.0	0.355882
18686	3953	1	2	1	1	1	1	1.0	1	2012	11	6	2	11.5	57	0	0	1	1616	0.486944444	0.138611111	0.165833333	0.0	0.1555555559999999	0.0	0	0.136666667	1.5	0.38	0.0	0.0894309
18691	3955	0	1	3	4	6	1	1.0	1	2012	11	6	2	13.33333333	48	1	1	0	2228	0.528333333	0.153333333	0.194166667	0.066666667	0.0	0.0	0	0.1988888889999999	2.4	0.42	0.0	0.451117
18710	3961	0	2	4	3	2	5	0.0	1	2012	11	7	3	12.0	82	0	1	1	1759	0.3902777779999999	0.1191666669999999	0.113333333	0.0	0.103888889	0.0	0	0.136944444	0.0	0.29	0.0	0.040568
18735	3967	0	2	4	5	2	1	1.0	1	2012	11	7	3	15.91666667	43	1	1	2	3621	0.8633333329999999	0.318888889	0.2097222219999999	0.0	0.395	0.0	0	0.3469444439999999	1.5	0.75	0.0	0.501201
18748	3969	1	2	4	3	1	5	0.0	1	2012	11	7	3	12.33333333	81	0	1	1	1165	0.2725	0.0775	0.063888889	0.0	0.078611111	0.0	0	0.081388889	0.0	0.21	0.0	0.156997
18750	3970	0	2	3	1	6	1	1.0	1	2012	11	7	3	17.0	58	1	0	0	16926	4.188888888999999	1.2036111109999998	0.293055556	0.466666667	0.0	0.0	0	0.824722222	2.8	2.56	0.0	0.470866
18753	3971	0	0	4	3	6	5	0.0	1	2012	11	7	3	13.0	57	1	1	0	1697	0.513333333	0.160833333	0.0436111109999999	0.0	0.239166667	0.125	1	0.124722222	0.0	0.35	0.0	0.0935411999999999
18771	3974	0	1	3	1	6	1	1.0	1	2012	11	8	4	18.0	60	1	0	0	2214	0.619722222	0.189444444	0.229444444	0.0	0.306666667	0.0	0	0.193055556	1.5	0.55	0.0	0.204317
18778	3976	0	0	3	3	6	5	0.0	1	2012	11	8	4	10.5	77	1	0	0	1856	0.5066666670000001	0.1875	0.066388889	0.0	0.1216666669999999	0.0	0	0.1255555559999999	0.0	0.32	0.0	0.179204
18783	3976	1	3	1	3	6	1	1.0	1	2012	11	8	4	19.35	51	0	1	0	1048	0.2819444439999999	0.073888889	0.18	0.0	0.032777778	0.0	0	0.070833333	1.5	0.18	0.0	0.00392157
18784	3977	0	0	4	3	2	1	1.0	1	2012	11	8	4	14.0	31	1	1	1	699	0.179722222	0.0425	0.1011111109999999	0.0	0.020555556	0.0	0	0.0427777779999999	1.5	0.11	0.0	0.00649351
18791	3979	0	3	4	3	1	5	0.0	1	2012	11	8	4	12.5	81	0	1	1	2622	0.574722222	0.1425	0.088333333	0.0	0.16	0.0	0	0.114722222	0.0	0.38	0.0	0.1428569999999999
18792	3980	0	0	4	3	1	5	0.0	1	2012	11	8	4	12.5	73	1	1	1	5964	1.474444444	0.4475	0.0375	0.0	0.376111111	0.0	0	0.293888889	0.0	1.08	0.0	0.163516
18817	3987	0	6	3	3	6	1	1.0	1	2012	11	8	4	15.5	43	1	1	0	1107	0.291666667	0.105277778	0.083888889	0.0	0.1	0.0	0	0.075	1.5	0.2	0.0	0.237037
18824	3988	1	0	3	2	6	3	0.0	1	2012	11	8	4	7.5	13	1	0	0	2076	0.512777778	0.135833333	0.188333333	0.0	0.224722222	0.0	0	0.190833333	0.0	0.49	0.0	0.417758
18830	3989	1	0	3	3	2	5	0.0	1	2012	11	8	4	7.833333333	71	1	0	1	5694	1.3186111109999998	0.405555556	0.297777778	0.316666667	0.0	0.0	0	0.274444444	0.0	0.84	0.0	0.396761
18845	3990	3	0	3	2	6	5	0.0	1	2012	11	8	4	8.5	5	1	0	0	1163	0.385	0.145277778	0.0580555559999999	0.0	0.199166667	0.134722222	1	0.1075	0.0	0.26	0.0	0.183463
18853	3992	3	1	1	2	5	5	0.0	1	2012	11	8	4	15.33333333	5	0	0	1	557	0.1436111109999999	0.033611111	0.099444444	0.0	0.033888889	0.0	0	0.048333333	0.0	0.16	0.0	0.0
18854	3993	1	0	4	1	1	1	1.0	1	2012	11	8	4	7.5	34	0	1	1	1487	0.3383333329999999	0.091111111	0.095277778	0.0	0.1041666669999999	0.0	0	0.120833333	1.5	0.31	0.0	0.101149
18882	4001	2	1	3	2	1	3	0.0	1	2012	11	9	5	16.0	14	0	0	1	8307	1.936111111	0.5625	0.454166667	0.283333333	0.0	0.0	0	0.439166667	0.85	1.5	0.0	0.376977
18940	4010	4	1	1	2	2	5	0.0	1	2012	11	9	5	15.5	5	0	0	1	644	0.170555556	0.039166667	0.090277778	0.0	0.073888889	0.0	0	0.0505555559999999	0.0	0.11	0.0	0.0384615
18994	4021	0	0	4	3	1	1	1.0	1	2012	11	10	6	12.0	31	1	1	2	1467	0.430833333	0.133333333	0.135833333	0.0	0.2025	0.0	0	0.193611111	1.5	0.48	0.0	0.17934
19006	4024	1	0	4	3	1	1	1.0	1	2012	11	10	6	8.75	46	0	1	1	2185	0.568055556	0.178611111	0.234166667	0.0	0.158333333	0.0	0	0.146944444	1.5	0.43	0.0	0.124764
19025	4027	1	1	4	5	1	1	1.0	1	2012	11	11	7	14.25	50	0	1	1	6986	1.851388889	0.581666667	0.286388889	0.0	0.370833333	0.0	0	0.280555556	1.5	1.09	0.0	0.167327
19088	4037	0	5	4	3	1	1	1.0	1	2012	11	12	1	22.16666667	45	0	1	2	1997	0.455	0.135	0.114444444	0.0	0.0725	0.0	0	0.1016666669999999	1.5	0.32	0.0	0.161202
19099	4038	1	0	4	4	1	1	1.0	1	2012	11	12	1	6.0	49	0	1	2	8494	2.0733333330000003	0.585	0.053333333	0.0	0.35	0.233333333	1	0.225277778	3.0	1.31	0.0	0.172626
19103	4038	2	0	4	2	1	3	0.0	1	2012	11	12	1	7.833333333	15	0	0	2	7259	1.968055556	0.598333333	0.225	0.0	0.666666667	0.183333333	1	0.413055556	0.0	1.36	0.0	0.34499
19107	4039	1	0	4	1	1	1	1.0	1	2012	11	12	1	7.333333333	21	1	1	1	6153	1.7725	0.5575	0.257222222	0.166666667	0.3913888889999999	0.1166666669999999	1	0.4058333329999999	3.2	1.24	0.0	0.430527
19110	4040	0	0	3	4	6	1	1.0	1	2012	11	12	1	8.75	45	1	1	0	8089	1.926944444	0.601666667	0.366944444	0.2666666669999999	0.0	0.0	0	0.543333333	3.5	1.3	10.5	0.710123
19119	4043	0	2	3	3	6	1	1.0	1	2012	11	12	1	15.25	53	0	1	0	5639	1.319166667	0.447222222	0.3425	0.2	0.0	0.0	0	0.424166667	2.29	0.97	0.0	0.590046
19128	4044	1	2	4	3	2	1	1.0	1	2012	11	12	1	17.75	41	0	1	2	2297	0.567222222	0.179722222	0.190277778	0.0	0.2641666669999999	0.0	0	0.198611111	1.5	0.43	0.0	0.162238
19140	4047	0	1	3	3	6	1	1.0	1	2012	11	12	1	19.0	54	1	0	0	6723	1.636666667	0.580833333	0.125833333	0.233333333	0.131944444	0.095833333	1	0.439722222	3.0	1.24	0.0	0.4598859999999999
19166	4053	0	0	3	1	6	1	1.0	1	2012	11	13	2	7.0	24	1	1	0	14378	3.259444444	1.0161111109999998	0.153055556	0.2666666669999999	0.158333333	0.1166666669999999	1	0.6886111109999999	5.5	2.18	10.5	0.648649
19203	4060	0	3	4	3	1	1	1.0	1	2012	11	13	2	19.16666667	38	0	1	1	2938	0.6869444440000001	0.213611111	0.1175	0.033333333	0.093333333	0.1	1	0.168611111	3.0	0.49	0.0	0.266886
19214	4063	0	1	3	1	6	1	1.0	1	2012	11	14	3	23.0	49	0	1	0	18840	4.439166667	1.229444444	0.201666667	0.683333333	0.0	0.016666667	1	0.649444444	3.1	2.48	0.0	0.517536
19225	4067	1	1	4	2	6	1	1.0	1	2012	11	14	3	8.833333332999999	32	1	1	2	1349	0.302222222	0.067777778	0.109166667	0.0	0.1066666669999999	0.0	0	0.075555556	1.5	0.2	0.0	0.238971
19232	4067	3	1	4	2	1	5	0.0	1	2012	11	14	3	15.41666667	7	1	0	2	1349	0.302222222	0.067777778	0.109166667	0.0	0.1066666669999999	0.0	0	0.068888889	0.0	0.21	0.0	0.193548
19234	4068	0	1	3	5	6	1	1.0	1	2012	11	14	3	11.5	25	0	1	0	3128	0.8402777779999999	0.316388889	0.2025	0.083333333	0.0	0.0	0	0.381944444	2.4	0.71	10.5	0.768
19251	4070	0	1	3	3	6	5	0.0	1	2012	11	14	3	10.66666667	70	1	0	0	1280	0.328333333	0.163888889	0.192222222	0.0	0.064166667	0.0	0	0.099722222	0.0	0.25	0.0	0.3537599999999999
19258	4072	0	1	3	3	1	1	1.0	1	2012	11	14	3	14.58333333	31	0	1	1	1684	0.446388889	0.165	0.066944444	0.033333333	0.0	0.0	0	0.114444444	1.5	0.36	0.0	0.128641
19321	4085	0	2	1	2	1	1	1.0	1	2012	11	15	4	15.0	20	0	1	1	934	0.263611111	0.083611111	0.156111111	0.0	0.044722222	0.0	0	0.0608333329999999	1.5	0.18	0.0	0.0228310999999999
19322	4085	0	3	1	2	1	1	1.0	1	2012	11	15	4	15.26666667	20	0	1	1	934	0.2613888889999999	0.083611111	0.1591666669999999	0.0	0.0511111109999999	0.0	0	0.061666667	1.5	0.18	0.0	0.0315315
19352	4091	0	2	3	4	1	4	1.0	1	2012	11	15	4	14.66666667	50	0	1	1	3247	0.7675	0.250277778	0.182222222	0.083333333	0.0	0.0	0	0.225555556	1.0	0.63	0.0	0.3189659999999999
19365	4092	1	5	3	4	6	1	1.0	1	2012	11	15	4	19.0	27	1	0	0	5436	1.3719444440000002	0.373888889	0.277222222	0.0	0.324166667	0.0	0	0.377222222	1.5	0.92	0.0	0.4874819999999999
19368	4093	1	0	3	1	6	1	1.0	1	2012	11	15	4	6.833333333	40	0	1	0	5613	1.392777778	0.547222222	0.2925	0.133333333	0.0	0.0	0	0.554722222	2.4	1.31	10.5	0.624937
19374	4095	0	2	3	5	6	1	1.0	1	2012	11	15	4	13.33333333	34	1	1	0	13323	3.037777778	0.996388889	0.222222222	0.583333333	0.0	0.0	0	0.683333333	2.8	1.91	10.5	0.651219
19401	4099	2	0	1	2	6	5	0.0	1	2012	11	16	5	8.333333332999999	7	0	0	0	1218	0.339444444	0.093055556	0.1025	0.0	0.0625	0.0	0	0.079444444	0.0	0.25	0.0	0.0979021
19438	4110	0	1	4	5	2	1	1.0	1	2012	11	16	5	13.5	42	0	1	1	1362	0.3325	0.114722222	0.0886111109999999	0.0	0.114722222	0.0	0	0.141944444	1.5	0.28	0.0	0.571429
19456	4113	1	0	3	4	1	1	1.0	1	2012	11	16	5	7.166666667	60	1	1	1	18777	4.547222222	1.480277778	0.1575	0.666666667	0.203333333	0.2166666669999999	2	1.093055556	5.1	3.37	0.0	0.426684
19464	4114	3	2	1	4	1	1	1.0	1	2012	11	16	5	16.0	18	0	0	1	445	0.1375	0.048333333	0.080277778	0.0	0.033333333	0.0	0	0.0505555559999999	1.5	0.11	0.0	0.395604
19471	4115	0	4	4	4	1	1	1.0	1	2012	11	16	5	19.16666667	58	0	1	2	2900	0.747222222	0.2797222219999999	0.1794444439999999	0.0	0.298333333	0.0	0	0.239166667	1.5	0.62	0.0	0.422764
19476	4116	0	1	4	3	1	1	1.0	1	2012	11	16	5	13.0	31	0	1	1	1250	0.376944444	0.134722222	0.1225	0.0	0.11	0.0	0	0.096388889	1.5	0.27	0.0	0.0432277
19532	4130	0	0	3	1	6	1	1.0	1	2012	11	17	6	10.25	40	0	1	0	19855	4.544444444	1.528888889	0.082222222	0.6333333329999999	0.066666667	0.15	1	0.980277778	4.3	2.89	10.5	0.627657
19534	4130	3	0	3	4	6	1	1.0	1	2012	11	17	6	10.0	21	0	1	0	21333	5.006944444	1.539444444	0.165	0.683333333	0.066666667	0.35	3	0.978333333	6.59	3.46	0.0	0.529245
19535	4130	3	1	3	4	6	1	1.0	1	2012	11	17	6	18.0	21	0	1	0	21333	5.0255555560000005	1.646388889	0.0841666669999999	0.566666667	0.308333333	0.339166667	3	1.092222222	5.8	3.53	0.0	0.585961
19560	4137	0	2	4	3	2	5	0.0	1	2012	11	18	7	12.5	69	1	1	2	5124	1.231944444	0.366666667	0.235555556	0.0	0.288611111	0.0	0	0.265833333	0.0	0.75	0.0	0.151515
19576	4140	0	0	4	3	1	5	0.0	1	2012	11	18	7	17.75	64	0	1	1	5704	1.5677777780000002	0.566666667	0.345	0.0	0.549166667	0.102777778	1	0.2822222219999999	0.0	1.17	0.0	0.121063
19592	4146	0	1	4	3	1	1	1.0	1	2012	11	18	7	10.16666667	54	0	1	2	3559	0.838333333	0.238333333	0.165	0.0	0.245277778	0.0	0	0.163333333	1.5	0.54	0.0	0.0697279
19602	4149	0	3	1	3	2	5	0.0	1	2012	11	18	7	14.5	81	1	1	2	818	0.2097222219999999	0.063611111	0.065	0.0	0.053888889	0.0	0	0.0427777779999999	0.0	0.12	0.0	0.1688309999999999
19612	4151	3	0	1	3	6	5	0.0	1	2012	11	18	7	10.0	7	1	0	0	682	0.184166667	0.055833333	0.116111111	0.0	0.026388889	0.0	0	0.0580555559999999	0.0	0.16	0.0	0.138756
19621	4153	3	1	3	2	2	3	0.0	1	2012	11	19	1	15.58333333	13	1	0	1	2740	0.743611111	0.2397222219999999	0.1422222219999999	0.0	0.190555556	0.0	0	0.17	0.0	0.44	0.0	0.220588
19629	4157	0	0	3	3	1	1	1.0	1	2012	11	19	1	11.0	61	0	1	2	3391	0.848611111	0.2663888889999999	0.193333333	0.0	0.328333333	0.0	0	0.246111111	1.5	0.64	0.0	0.547404
19643	4160	2	2	3	3	6	3	0.0	1	2012	11	19	1	16.75	15	1	0	0	1008	0.3458333329999999	0.131111111	0.0475	0.0	0.066666667	0.0	0	0.076666667	0.0	0.19	0.0	0.184783
19658	4165	1	0	3	1	2	1	1.0	1	2012	11	19	1	8.0	52	0	1	2	6432	1.625277778	0.558333333	0.334166667	0.183333333	0.0	0.1	1	0.544444444	2.9	1.17	10.5	0.70102
19669	4166	1	3	4	4	1	1	1.0	1	2012	11	19	1	18.0	59	0	1	2	1546	0.384444444	0.1275	0.227777778	0.066666667	0.0	0.0	0	0.112222222	2.4	0.3	10.5	0.509901
19675	4167	1	1	3	3	6	5	0.0	1	2012	11	19	1	11.33333333	72	1	0	0	2996	0.785	0.297222222	0.195	0.0	0.335555556	0.0	0	0.261944444	0.0	0.61	0.0	0.59597
19698	4175	0	1	3	4	6	1	1.0	1	2012	11	20	2	16.0	27	0	0	0	11270	2.745555556	0.887777778	0.065277778	0.366666667	0.105555556	0.166666667	2	0.914166667	4.4	2.05	10.5	0.7131569999999999
19746	4187	1	0	3	3	1	1	1.0	1	2012	11	21	3	10.0	25	1	1	1	10894	2.588055556	0.864722222	0.199166667	0.25	0.3291666669999999	0.0875	1	0.656388889	3.6	1.98	0.0	0.37537
19754	4188	2	2	4	3	1	3	0.0	1	2012	11	21	3	16.5	11	0	0	1	3420	0.918333333	0.289722222	0.095277778	0.083333333	0.129444444	0.166666667	1	0.339722222	0.85	0.79	0.0	0.334424
19757	4188	3	3	4	3	1	5	0.0	1	2012	11	21	3	20.0	7	0	0	1	3420	0.922777778	0.293888889	0.113888889	0.083333333	0.093888889	0.133333333	1	0.286388889	0.0	0.74	0.0	0.333657
19788	4195	1	1	2	1	2	1	1.0	1	2012	11	21	3	18.0	52	0	1	1	7450	1.777777778	0.590555556	0.251666667	0.133333333	0.261944444	0.15	1	0.573888889	4.3	1.2	10.5	0.75605
19804	4198	0	4	4	3	1	1	1.0	1	2012	11	22	4	13.91666667	25	1	0	1	4351	1.280833333	0.464166667	0.215833333	0.0	0.362222222	0.1	1	0.238611111	3.0	0.9	0.0	0.123399
19827	4204	0	0	1	3	2	5	0.0	1	2012	11	22	4	13.0	62	0	1	1	557	0.148611111	0.07	0.053055556	0.0	0.088888889	0.0	0	0.066944444	0.0	0.11	0.0	0.344398
19835	4206	0	3	4	3	2	1	1.0	1	2012	11	23	5	17.75	57	0	1	1	2662	0.7044444440000001	0.208333333	0.215555556	0.0	0.1225	0.0	0	0.137777778	1.5	0.38	0.0	0.318548
19870	4212	0	0	4	2	1	1	1.0	1	2012	11	23	5	7.75	50	1	1	1	8163	1.988611111	0.644166667	0.254166667	0.166666667	0.0	0.133333333	1	0.479722222	3.6	1.42	0.0	0.313839
19877	4212	1	2	1	3	1	1	1.0	1	2012	11	23	5	10.5	18	1	0	1	2333	0.629444444	0.200833333	0.274166667	0.066666667	0.075	0.15	1	0.172777778	3.0	0.5	0.0	0.1254019999999999
19915	4215	1	4	4	2	1	1	1.0	1	2012	11	23	5	14.75	36	1	1	2	3781	0.8938888890000001	0.386111111	0.140277778	0.0	0.249722222	0.0	0	0.248333333	1.5	0.67	0.0	0.409396
19928	4218	2	0	1	2	1	3	0.0	1	2012	11	23	5	8.75	15	1	0	1	1167	0.295	0.121111111	0.1186111109999999	0.0	0.221944444	0.0	0	0.1555555559999999	0.0	0.38	10.5	0.241071
19938	4221	0	0	3	3	6	1	0.0	1	2012	11	24	6	19.0	52	0	0	0	7988	1.938611111	0.664166667	0.199444444	0.25	0.211111111	0.25	1	0.425555556	2.29	1.35	0.0	0.3746739999999999
19948	4223	0	1	1	5	6	1	1.0	1	2012	11	24	6	13.75	42	1	1	0	1468	0.381111111	0.162222222	0.131944444	0.0	0.161944444	0.0	0	0.199444444	1.5	0.36	10.5	0.4818939999999999
19968	4228	1	0	3	3	2	1	1.0	1	2012	11	25	7	17.0	30	1	0	1	1052	0.292777778	0.119444444	0.135833333	0.0	0.0886111109999999	0.0	0	0.110277778	1.5	0.29	0.0	0.0730479
20002	4236	0	0	1	3	6	5	0.0	1	2012	11	25	7	8.75	64	0	1	0	513	0.155	0.045	0.098055556	0.0	0.0425	0.0	0	0.055555556	0.0	0.11	0.0	0.155
20005	4236	0	3	3	3	6	5	0.0	1	2012	11	25	7	16.0	64	0	1	0	1771	0.421111111	0.185555556	0.123055556	0.0	0.1555555559999999	0.0	0	0.125833333	0.0	0.35	0.0	0.527594
20015	4237	0	0	1	3	2	1	1.0	1	2012	11	26	1	10.0	61	1	1	2	1043	0.260555556	0.091111111	0.168611111	0.0	0.046666667	0.0	0	0.066111111	1.5	0.15	0.0	0.00840336
20017	4237	0	2	4	3	2	1	1.0	1	2012	11	26	1	21.0	61	1	1	2	1151	0.286666667	0.098333333	0.194722222	0.0	0.04	0.0	0	0.0825	1.5	0.21	0.0	0.023569
20018	4237	0	3	4	3	2	1	1.0	1	2012	11	26	1	21.08333333	61	1	1	2	1151	0.2688888889999999	0.1175	0.238888889	0.0	0.013055556	0.0	0	0.076111111	1.5	0.21	0.0	0.0364963
20037	4241	0	0	4	3	2	5	0.0	1	2012	11	26	1	11.0	76	1	1	2	2579	0.726666667	0.246666667	0.250555556	0.0	0.183333333	0.0	0	0.182777778	0.0	0.51	0.0	0.0790273999999999
20038	4241	0	2	4	3	2	5	0.0	1	2012	11	26	1	15.33333333	76	1	1	2	2497	0.77	0.292777778	0.291666667	0.0	0.133333333	0.0	0	0.205	0.0	0.52	0.0	0.1178859999999999
20056	4245	0	0	4	4	1	5	0.0	1	2012	11	26	1	9.5	87	1	1	2	2846	0.7344444440000001	0.2738888889999999	0.309444444	0.066666667	0.0	0.0	0	0.274166667	0.0	0.63	0.0	0.445795
20058	4246	0	0	1	5	6	1	1.0	1	2012	11	26	1	9.5	30	1	0	0	3359	0.756388889	0.314166667	0.183611111	0.1	0.0	0.1	1	0.361944444	2.4	0.77	10.5	0.871067
20066	4248	0	2	1	4	2	1	1.0	1	2012	11	26	1	12.16666667	32	0	1	2	717	0.219722222	0.098611111	0.081111111	0.0	0.088888889	0.0	0	0.227777778	1.5	0.43	10.5	0.676829
20088	4249	3	1	4	2	1	5	0.0	1	2012	11	26	1	15.33333333	8	0	0	1	2023	0.521388889	0.1436111109999999	0.1072222219999999	0.0	0.297777778	0.133055556	1	0.160555556	0.0	0.43	0.0	0.067474
20099	4250	3	0	4	2	2	5	0.0	1	2012	11	26	1	8.333333332999999	6	0	0	2	2236	0.698888889	0.2825	0.604166667	0.0	0.064444444	0.0	0	0.168333333	0.0	0.53	0.0	0.0247525
20109	4253	0	2	4	5	1	1	1.0	1	2012	11	26	1	11.0	46	0	1	1	944	0.255277778	0.106388889	0.1011111109999999	0.0	0.0625	0.0	0	0.075277778	1.5	0.22	0.0	0.1549819999999999
20110	4253	0	3	4	1	1	1	1.0	1	2012	11	26	1	15.33333333	46	0	1	1	1176	0.324166667	0.1325	0.1066666669999999	0.0	0.105555556	0.0	0	0.1041666669999999	1.5	0.31	0.0	0.170667
20152	4265	0	1	4	5	1	5	0.0	1	2012	11	27	2	14.83333333	70	1	1	2	828	0.243888889	0.076666667	0.138888889	0.0	0.0525	0.0	0	0.051666667	0.0	0.17	0.0	0.0
20158	4266	1	1	3	2	6	4	0.0	1	2012	11	27	2	17.0	25	1	0	0	7297	1.792777778	0.61	0.251666667	0.35	0.0	0.133333333	1	0.5325	3.95	1.25	0.0	0.672405
20175	4271	3	0	3	3	1	1	1.0	1	2012	11	27	2	15.0	19	0	0	1	6376	1.561111111	0.384166667	0.160833333	0.0	0.593611111	0.0	0	0.376111111	1.5	1.06	0.0	0.48966
20179	4271	4	1	1	2	1	3	0.0	1	2012	11	27	2	14.88333333	15	1	0	1	1076	0.316388889	0.126111111	0.128055556	0.0	0.121944444	0.0	0	0.146111111	0.0	0.33	0.0	0.30038
20225	4284	1	6	4	3	1	1	1.0	1	2012	11	28	3	17.75	35	1	1	1	1613	0.483333333	0.1541666669999999	0.240277778	0.0	0.110555556	0.0	0	0.111388889	1.5	0.33	0.0	0.154613
20229	4286	0	1	3	4	6	1	1.0	1	2012	11	28	3	19.0	24	0	1	0	3111	0.909444444	0.328611111	0.220833333	0.166666667	0.0	0.0	0	0.2666666669999999	1.5	0.65	0.0	0.629167
20247	4291	0	2	3	3	6	5	0.0	1	2012	11	28	3	12.25	80	1	1	0	3054	0.8502777779999999	0.290277778	0.343888889	0.066666667	0.0	0.0	0	0.328055556	0.0	0.73	0.0	0.331075
20249	4291	1	1	3	3	6	5	0.0	1	2012	11	28	3	16.16666667	48	1	0	0	2575	0.717777778	0.203888889	0.198055556	0.0	0.2491666669999999	0.0	0	0.230555556	0.0	0.52	0.0	0.525301
20254	4294	0	1	4	3	2	1	1.0	1	2012	11	28	3	12.58333333	32	1	1	1	1316	0.352777778	0.1075	0.131111111	0.0	0.1166666669999999	0.0	0	0.098055556	1.5	0.23	0.0	0.144476
20261	4295	0	1	1	3	6	1	1.0	1	2012	11	28	3	17.16666667	26	0	1	1	594	0.164166667	0.0575	0.121944444	0.0	0.016666667	0.0	0	0.051944444	1.5	0.12	0.0	0.0106952
20278	4298	0	0	4	3	2	5	0.0	1	2012	11	28	3	8.0	72	1	1	2	3216	0.829722222	0.339166667	0.133888889	0.0	0.3963888889999999	0.0	0	0.229722222	0.0	0.56	0.0	0.384522
20302	4304	1	0	1	1	1	1	1.0	1	2012	11	29	4	10.0	48	1	1	1	1589	0.425555556	0.131666667	0.158611111	0.0	0.124722222	0.0	0	0.155277778	1.5	0.39	0.0	0.525939
20316	4309	0	2	3	3	6	5	0.0	1	2012	11	29	4	18.0	65	1	1	0	825	0.241111111	0.072222222	0.096944444	0.0	0.114166667	0.0	0	0.076111111	0.0	0.17	0.0	0.4708029999999999
20321	4311	1	0	4	1	1	4	1.0	1	2012	11	29	4	7.25	78	0	1	2	3289	0.848611111	0.339722222	0.183055556	0.0	0.367222222	0.0	0	0.228333333	1.5	0.68	10.5	0.367397
20357	4324	0	2	1	2	1	1	1.0	1	2012	11	30	5	15.25	31	1	1	1	1067	0.243055556	0.089444444	0.192777778	0.0	0.075	0.0	0	0.127222222	1.5	0.34	0.0	0.3602619999999999
20374	4327	2	0	1	2	6	5	0.0	1	2012	11	30	5	8.5	5	1	0	0	499	0.151388889	0.053888889	0.1397222219999999	0.0	0.022222222	0.0	0	0.0502777779999999	0.0	0.12	0.0	0.138122
20380	4329	0	3	4	3	1	1	1.0	1	2012	11	30	5	17.25	35	0	1	1	9331	2.506944444	0.831666667	0.111666667	0.2166666669999999	0.459166667	0.166666667	1	0.488333333	3.2	1.68	0.0	0.315131
20409	4336	1	2	4	3	1	5	0.0	1	2012	11	30	5	16.75	77	0	1	2	1184	0.309444444	0.1047222219999999	0.1422222219999999	0.0	0.054166667	0.0	0	0.139166667	0.0	0.4	0.0	0.235529
20412	4337	0	1	3	5	6	1	1.0	1	2012	11	30	5	12.16666667	49	0	1	0	3557	0.9175	0.396111111	0.095277778	0.2	0.0	0.0	0	0.3288888889999999	1.5	0.94	0.0	0.423986
20418	4338	1	0	2	1	6	1	1.0	1	2012	11	30	5	8.5	38	1	1	2	4951	1.269166667	0.402777778	0.3475	0.083333333	0.033333333	0.1	1	0.394722222	3.6	0.96	10.5	0.6460239999999999
20425	4340	0	3	3	1	6	1	1.0	1	2012	11	30	5	18.25	27	1	1	0	8138	1.939444444	0.666388889	0.1197222219999999	0.25	0.144166667	0.166666667	1	0.591388889	4.4	1.48	0.0	0.744951
20447	4344	3	1	3	3	6	1	1.0	1	2012	12	1	6	12.66666667	25	1	0	0	6067	1.5672222219999998	0.514166667	0.260833333	0.1166666669999999	0.1722222219999999	0.1166666669999999	1	0.3469444439999999	3.0	1.19	0.0	0.503603
20448	4344	3	2	3	3	6	1	1.0	1	2012	12	1	6	15.5	25	1	0	0	4804	1.163333333	0.348611111	0.108333333	0.133333333	0.166666667	0.166666667	1	0.342222222	3.0	0.9	0.0	0.206169
20452	4344	4	2	3	3	6	1	1.0	1	2012	12	1	6	15.5	26	1	0	0	4804	1.163333333	0.348611111	0.108333333	0.133333333	0.166666667	0.166666667	1	0.342222222	3.0	0.9	0.0	0.206169
20460	4345	2	4	3	3	1	1	1.0	1	2012	12	1	6	19.25	26	0	1	2	16290	3.564166667	1.138888889	0.2469444439999999	0.6333333329999999	0.0	0.0	0	0.7505555559999999	2.8	2.4	0.0	0.6206510000000001
20475	4349	0	0	3	3	6	1	1.0	1	2012	12	1	6	12.75	34	1	1	0	6215	1.573055556	0.428611111	0.250555556	0.0	0.5166666670000001	0.0	0	0.327777778	1.5	0.95	0.0	0.4169489999999999
20498	4351	0	7	4	3	2	1	1.0	1	2012	12	1	6	2.5	30	0	1	2	18502	4.271111111000001	1.273055556	0.214722222	0.0	1.167222222	0.0825	1	0.7869444440000001	3.0	2.48	0.0	0.437346
20500	4353	0	2	4	3	2	1	1.0	1	2012	12	1	6	16.5	30	0	1	1	2776	0.752777778	0.296111111	0.195277778	0.0	0.192777778	0.0	0	0.261666667	1.5	0.69	0.0	0.211253
20510	4354	0	0	3	3	1	1	1.0	1	2012	12	1	6	9.75	47	1	1	2	11801	2.8025	0.941944444	0.255	0.316666667	0.0	0.0	0	0.7697222220000001	2.8	2.13	10.5	0.611693
20524	4357	0	1	4	3	1	1	1.0	1	2012	12	2	7	11.18333333	32	1	1	2	2345	0.668888889	0.189722222	0.1675	0.0	0.2125	0.0	0	0.1591666669999999	1.5	0.5	0.0	0.317627
20565	4365	0	1	3	3	6	5	0.0	1	2012	12	2	7	8.916666667000001	82	0	0	0	1049	0.296666667	0.1066666669999999	0.075277778	0.0	0.1075	0.0	0	0.070833333	0.0	0.19	0.0	0.219608
20581	4368	2	0	3	3	1	3	0.0	1	2012	12	2	7	13.0	14	0	0	1	1899	0.409722222	0.12	0.080277778	0.0	0.114166667	0.0	0	0.086388889	0.0	0.27	0.0	0.363344
20655	4385	0	2	1	3	1	5	0.0	1	2012	12	3	1	12.75	71	0	1	2	718	0.3419444439999999	0.1475	0.222222222	0.0	0.080277778	0.0	0	0.1186111109999999	0.0	0.41	0.0	0.131148
20663	4387	0	4	4	5	1	5	0.0	1	2012	12	3	1	15.0	63	0	1	2	994	0.256388889	0.076944444	0.148888889	0.0	0.156944444	0.0	0	0.056944444	0.0	0.17	0.0	0.0146341
20677	4390	0	0	3	1	6	1	1.0	1	2012	12	3	1	6.0	27	1	1	0	7836	1.726388889	0.556111111	0.035	0.0	0.471666667	0.145	1	0.438055556	3.0	1.21	0.0	0.325301
20711	4398	1	4	4	3	1	1	1.0	1	2012	12	4	2	15.5	31	1	0	1	5128	1.262777778	0.373888889	0.237777778	0.0	0.337777778	0.0	0	0.280555556	1.5	0.92	0.0	0.5415840000000001
20712	4399	0	0	1	3	1	1	1.0	1	2012	12	4	2	7.5	58	1	1	2	1365	0.3952777779999999	0.140833333	0.181388889	0.0	0.113333333	0.0	0	0.126944444	1.5	0.4	0.0	0.0940918999999999
20778	4418	2	4	4	3	2	1	1.0	1	2012	12	5	3	11.0	26	0	1	1	2314	0.54	0.178888889	0.210277778	0.0	0.1	0.0	0	0.116111111	1.5	0.34	0.0	0.0478469
20779	4418	2	5	4	3	2	1	1.0	1	2012	12	5	3	11.91666667	26	0	1	1	2314	0.575833333	0.191944444	0.224722222	0.0	0.1166666669999999	0.0	0	0.109722222	1.5	0.33	0.0	0.0708861
20782	4419	0	1	3	5	6	5	0.0	1	2012	12	5	3	16.0	80	0	0	0	2191	0.545277778	0.283333333	0.110277778	0.05	0.0	0.0	0	0.250277778	0.0	0.56	10.5	0.745838
20798	4422	1	3	3	4	2	1	1.0	1	2012	12	5	3	15.25	30	1	0	1	3417	0.837777778	0.239166667	0.2675	0.0	0.301666667	0.0	0	0.237777778	1.5	0.55	0.0	0.30257
20821	4427	1	6	4	4	1	1	1.0	1	2012	12	5	3	19.0	45	0	1	1	5103	1.300277778	0.391666667	0.1719444439999999	0.0	0.396944444	0.0	0	0.3266666669999999	1.5	0.98	0.0	0.2644559999999999
20884	4443	1	4	1	5	1	5	0.0	1	2012	12	6	4	14.33333333	69	0	1	2	764	0.158888889	0.045555556	0.0430555559999999	0.0	0.016666667	0.0	0	0.0427777779999999	0.0	0.12	0.0	0.123377
20902	4445	3	1	4	2	1	5	0.0	1	2012	12	7	5	18.0	10	1	0	1	5101	1.250277778	0.371111111	0.212777778	0.0	0.5477777779999999	0.0	0	0.2844444439999999	0.0	0.85	0.0	0.12207
20932	4451	2	0	3	2	1	2	0.0	1	2012	12	7	5	7.25	16	0	0	1	5804	1.551388889	0.565	0.1016666669999999	0.0	0.610555556	0.166666667	1	0.370833333	0.0	1.09	0.0	0.374532
20948	4452	2	2	1	3	2	3	0.0	1	2012	12	7	5	17.0	14	0	0	1	594	0.266111111	0.069444444	0.1722222219999999	0.0	0.03	0.0	0	0.080833333	0.0	0.18	0.0	0.164948
20951	4452	3	0	3	2	2	3	0.0	1	2012	12	7	5	7.75	13	0	0	1	1480	0.3888888889999999	0.135555556	0.203888889	0.0	0.066666667	0.0	0	0.091111111	0.0	0.23	0.0	0.1128049999999999
20962	4453	4	4	3	3	6	2	0.0	1	2012	12	7	5	16.5	16	0	0	0	2209	0.5275	0.235555556	0.164166667	0.066666667	0.0	0.0	0	0.1875	0.85	0.45	0.0	0.34963
20988	4459	2	2	4	3	1	1	1.0	1	2012	12	8	6	22.0	30	0	1	1	9241	2.138611111	0.7788888890000001	0.104444444	0.2666666669999999	0.083333333	0.1166666669999999	1	0.494444444	4.3	1.59	0.0	0.330337
20996	4461	0	0	4	3	2	1	1.0	1	2012	12	8	6	12.66666667	40	0	1	1	5204	1.209722222	0.3958333329999999	0.3408333329999999	0.0	0.35	0.0	0	0.260277778	1.5	1.16	0.0	0.230523
21033	4468	1	2	4	3	2	1	1.0	1	2012	12	8	6	16.91666667	46	0	1	1	806	0.238055556	0.106111111	0.121388889	0.0	0.131111111	0.0	0	0.075555556	1.5	0.15	0.0	0.415441
21050	4470	1	1	4	5	1	1	1.0	1	2012	12	8	6	12.0	32	1	1	2	764	0.2191666669999999	0.0991666669999999	0.123611111	0.0	0.05	0.0	0	0.091944444	1.5	0.2	0.0	0.1873109999999999
21055	4471	0	3	4	3	2	1	1.0	1	2012	12	8	6	14.25	44	1	1	1	6057	1.4938888890000002	0.3958333329999999	0.250833333	0.0	0.583333333	0.0	0	0.373611111	1.5	0.93	0.0	0.368773
21059	4471	1	1	4	3	2	1	1.0	1	2012	12	8	6	10.33333333	41	0	1	1	2858	0.654166667	0.197777778	0.225555556	0.0	0.121388889	0.0	0	0.193333333	1.5	0.57	0.0	0.492816
21086	4476	1	3	3	3	6	1	1.0	1	2012	12	8	6	23.25	44	1	0	0	11907	2.980277778	0.91	0.2119444439999999	0.533333333	0.0	0.1166666669999999	1	0.7488888890000001	2.8	2.16	0.0	0.606083
21096	4479	3	1	4	3	6	3	0.0	1	2012	12	9	7	14.0	15	0	0	0	3704	0.980833333	0.293611111	0.081666667	0.033333333	0.296111111	0.137222222	1	0.197777778	0.0	0.66	0.0	0.0716291999999999
21099	4480	1	0	3	3	1	1	1.0	1	2012	12	9	7	12.0	43	0	1	1	3860	0.879166667	0.297222222	0.1794444439999999	0.0	0.358333333	0.0	0	0.251944444	1.5	0.69	0.0	0.334068
21101	4481	0	0	4	3	6	1	1.0	1	2012	12	9	7	17.0	35	1	0	0	4009	1.038055556	0.375	0.2469444439999999	0.0	0.343611111	0.136111111	1	0.3325	3.0	0.76	0.0	0.320802
21112	4484	3	0	3	3	1	2	0.0	1	2012	12	9	7	12.0	16	0	0	1	2005	0.485555556	0.155	0.210555556	0.0	0.247222222	0.0	0	0.1555555559999999	0.0	0.42	0.0	0.258929
21134	4491	1	1	4	5	1	1	1.0	1	2012	12	10	1	13.0	33	1	1	1	451	0.121388889	0.039166667	0.111944444	0.0	0.0144444439999999	0.0	0	0.056388889	1.5	0.14	0.0	0.147783
21139	4492	0	4	3	5	1	5	0.0	1	2012	12	10	1	16.75	64	0	1	1	875	0.2525	0.090833333	0.083888889	0.0	0.1411111109999999	0.0	0	0.0886111109999999	0.0	0.21	0.0	0.460815
21160	4497	0	0	3	3	6	1	1.0	1	2012	12	10	1	15.0	29	1	1	0	1565	0.411111111	0.109722222	0.101944444	0.0	0.1275	0.0	0	0.194166667	1.5	0.43	0.0	0.203147
21169	4500	0	3	1	3	1	5	0.0	1	2012	12	11	2	15.16666667	64	1	1	2	348	0.083611111	0.035555556	0.0275	0.0	0.020555556	0.0	0	0.032222222	0.0	0.07	0.0	0.25
21170	4501	0	0	3	3	6	1	1.0	1	2012	12	11	2	16.0	40	0	1	0	3463	0.864722222	0.253333333	0.113611111	0.0	0.298333333	0.085	1	0.254444444	3.0	0.65	0.0	0.171397
21172	4502	0	0	4	3	1	5	0.0	1	2012	12	11	2	7.75	76	0	1	1	2705	0.717777778	0.251666667	0.105277778	0.0	0.309722222	0.1	1	0.161666667	0.0	0.51	0.0	0.16323
21178	4503	1	1	4	5	1	1	1.0	1	2012	12	11	2	17.5	58	1	1	2	13964	3.519444444	1.123888889	0.018611111	0.0	1.214166667	0.2166666669999999	1	0.795	3.0	2.43	0.0	0.33508
21190	4506	0	2	4	3	6	1	1.0	1	2012	12	11	2	19.66666667	50	1	1	0	4386	1.157222222	0.314444444	0.116111111	0.0	0.455555556	0.0	0	0.260555556	1.5	0.87	0.0	0.2196159999999999
21191	4507	0	0	3	1	2	1	1.0	1	2012	12	11	2	16.66666667	36	1	0	1	9789	2.364722222	0.804722222	0.2419444439999999	0.316666667	0.0	0.1	1	0.7544444440000001	2.8	1.7	10.5	0.705817
21199	4509	0	0	1	2	6	4	0.5	1	2012	12	11	2	10.75	19	1	0	0	1000	0.243333333	0.093888889	0.157777778	0.0	0.044444444	0.0	0	0.065	0.75	0.16	0.0	0.3290599999999999
21204	4509	0	5	3	3	6	4	0.5	1	2012	12	11	2	18.25	19	1	0	0	3106	0.709722222	0.310833333	0.203888889	0.0	0.215555556	0.0	0	0.2288888889999999	0.75	0.55	0.0	0.705097
21217	4511	1	0	3	3	1	1	1.0	1	2012	12	11	2	10.0	34	1	1	1	1753	0.426944444	0.1891666669999999	0.076666667	0.05	0.0	0.0	0	0.164166667	2.4	0.41	0.0	0.675127
21249	4520	0	1	1	3	1	5	0.0	1	2012	12	12	3	12.0	65	0	1	2	528	0.213611111	0.085833333	0.111666667	0.0	0.020833333	0.0	0	0.0605555559999999	0.0	0.16	0.0	0.0229358
21264	4526	0	1	4	3	1	5	0.0	1	2012	12	12	3	11.75	74	0	1	1	2513	0.585833333	0.181388889	0.163888889	0.0	0.217222222	0.0	0	0.144444444	0.0	0.43	0.0	0.126923
21275	4531	2	0	3	2	2	1	1.0	1	2012	12	12	3	8.5	21	0	0	1	3742	0.862777778	0.262222222	0.2325	0.1	0.173333333	0.1266666669999999	1	0.2613888889999999	4.0	0.57	0.0	0.566419
21277	4531	3	0	3	2	2	2	0.0	1	2012	12	12	3	8.75	17	1	0	1	3742	0.862777778	0.262222222	0.347222222	0.0	0.286111111	0.0	0	0.253611111	0.0	0.56	0.0	0.6046
21278	4531	3	1	3	2	2	2	0.0	1	2012	12	12	3	15.33333333	17	1	0	1	3742	0.8969444440000001	0.313333333	0.148055556	0.0	0.571111111	0.0586111109999999	1	0.271111111	0.0	0.69	0.0	0.454918
21303	4536	0	1	3	3	6	5	0.0	1	2012	12	13	4	14.5	74	1	0	0	977	0.2369444439999999	0.100833333	0.1041666669999999	0.0	0.0388888889999999	0.0	0	0.0358333329999999	0.0	0.13	0.0	0.0852713
21352	4543	0	4	4	3	2	1	1.0	1	2012	12	13	4	20.0	30	1	1	2	4048	1.044444444	0.295555556	0.271944444	0.0	0.2166666669999999	0.0	0	0.276111111	1.5	0.72	0.0	0.181087
21364	4547	1	0	3	3	2	5	0.0	1	2012	12	14	5	11.0	66	1	1	1	7330	1.831666667	0.554444444	0.105833333	0.066666667	0.305833333	0.193333333	1	0.4158333329999999	0.0	1.14	0.0	0.2818969999999999
21380	4553	0	0	3	1	6	1	1.0	1	2012	12	14	5	8.75	22	1	0	0	1657	0.3988888889999999	0.149722222	0.146944444	0.0	0.113333333	0.0	0	0.135555556	1.5	0.29	0.0	0.422131
21383	4555	0	0	4	3	2	1	1.0	1	2012	12	14	5	14.0	43	1	1	1	2027	0.479722222	0.156388889	0.133055556	0.0	0.120277778	0.0	0	0.1425	1.5	0.3	0.0	0.512671
21403	4558	0	1	3	3	6	1	1.0	1	2012	12	14	5	3.0	20	0	1	0	2079	0.536666667	0.215	0.108333333	0.0	0.138333333	0.0	0	0.127777778	1.5	0.4	0.0	0.228261
21433	4566	0	1	4	3	1	1	1.0	1	2012	12	15	6	11.5	23	1	1	2	6246	1.521666667	0.450555556	0.093888889	0.0	0.3677777779999999	0.1	1	0.295555556	3.0	0.97	0.0	0.1795109999999999
21434	4567	0	0	4	4	5	1	1.0	1	2012	12	15	6	8.5	52	1	1	2	1957	0.526111111	0.158611111	0.140555556	0.0	0.111944444	0.0	0	0.115833333	1.5	0.47	0.0	0.105516
21442	4567	2	3	4	5	5	1	1.0	1	2012	12	15	6	17.75	30	1	1	2	7538	1.786388889	0.598888889	0.044722222	0.0	0.685277778	0.2166666669999999	1	0.4125	3.0	1.69	0.0	0.525253
21445	4568	2	0	3	3	6	5	0.0	1	2012	12	15	6	16.0	72	0	0	0	12403	2.806666667	0.8894444440000001	0.279166667	0.2666666669999999	0.339166667	0.1	1	0.745277778	0.0	2.15	0.0	0.5698840000000001
21456	4570	1	2	4	3	1	1	0.0	1	2012	12	15	6	14.66666667	52	1	1	2	1551	0.4083333329999999	0.136666667	0.167777778	0.0	0.123888889	0.0	0	0.1566666669999999	0.0	0.39	0.0	0.289007
21469	4574	0	3	4	5	1	1	1.0	1	2012	12	16	7	12.0	39	0	1	2	4757	1.114722222	0.355555556	0.1397222219999999	0.0	0.556111111	0.0	0	0.335555556	1.5	0.9	0.0	0.40149
21481	4576	0	1	1	3	2	1	1.0	1	2012	12	16	7	16.01666667	38	0	1	1	762	0.187777778	0.07	0.0777777779999999	0.0	0.033333333	0.0	0	0.113611111	1.5	0.24	0.0	0.0342298
21522	4587	0	5	1	5	6	1	1.0	1	2012	12	17	1	15.08333333	44	1	1	0	283	0.081666667	0.022222222	0.06	0.0	0.025	0.0	0	0.0258333329999999	1.5	0.06	0.0	0.333333
21542	4592	0	2	1	4	6	1	1.0	1	2012	12	17	1	14.5	37	1	1	1	462	0.134722222	0.0536111109999999	0.095833333	0.0	0.04	0.0	0	0.034722222	1.5	0.09	0.0	0.0559999999999999
21562	4594	0	4	4	4	6	4	1.0	1	2012	12	17	1	14.0	29	1	1	0	1568	0.45	0.185	0.1844444439999999	0.066666667	0.0	0.0	0	0.196111111	1.0	0.4	0.0	0.3017
21595	4601	0	3	3	5	2	1	1.0	1	2012	12	17	1	16.16666667	24	1	1	2	6746	1.608611111	0.5608333329999999	0.191944444	0.2	0.0	0.15	1	0.433888889	5.2	1.01	10.5	0.564661
21614	4605	0	6	4	3	2	1	1.0	1	2012	12	18	2	21.0	59	0	1	2	10196	2.421944444	0.771111111	0.419166667	0.0	0.6	0.0	0	0.369444444	1.5	1.38	0.0	0.239098
21646	4615	2	0	1	2	6	3	0.0	1	2012	12	19	3	8.5	11	1	0	0	899	0.231666667	0.057222222	0.134722222	0.0	0.091666667	0.0	0	0.1066666669999999	0.0	0.23	0.0	0.0989583
21647	4615	2	1	1	2	6	3	0.0	1	2012	12	19	3	15.51666667	11	1	0	0	899	0.227777778	0.052777778	0.135277778	0.0	0.0897222219999999	0.0	0	0.127777778	0.0	0.25	0.0	0.2173909999999999
21665	4621	0	0	3	3	2	5	0.0	1	2012	12	20	4	14.0	72	0	1	1	2419	0.611944444	0.161111111	0.149166667	0.0	0.161388889	0.0	0	0.154444444	0.0	0.37	0.0	0.179856
21675	4622	1	5	3	3	6	1	1.0	1	2012	12	20	4	22.33333333	38	1	0	0	3315	0.7533333329999999	0.3408333329999999	0.185	0.0	0.166666667	0.0	0	0.2125	1.5	0.6	0.0	0.218301
21731	4638	0	3	1	5	2	5	0.0	1	2012	12	22	6	15.5	63	0	1	1	710	0.1825	0.074722222	0.043888889	0.0	0.0861111109999999	0.0	0	0.08	0.0	0.15	0.0	0.177083
21743	4642	0	2	4	5	1	1	1.0	1	2012	12	25	2	19.0	44	0	1	2	5257	1.256666667	0.395555556	0.230833333	0.133333333	0.0	0.0	0	0.296111111	1.5	0.9	0.0	0.255159
21770	4649	1	1	1	3	1	5	0.0	1	2012	12	27	4	14.41666667	68	1	1	2	1017	0.240277778	0.072222222	0.098611111	0.0	0.033333333	0.0	0	0.056944444	0.0	0.16	0.0	0.102439
21774	4650	1	1	4	3	1	5	0.0	1	2012	12	27	4	12.0	66	1	1	1	5796	1.512777778	0.4719444439999999	0.315277778	0.0	0.391944444	0.0	0	0.335277778	0.0	1.01	0.0	0.197183
21803	4656	0	3	4	3	2	1	1.0	1	2012	12	27	4	13.0	44	0	1	2	2877	0.705277778	0.275833333	0.169166667	0.0	0.198611111	0.0	0	0.163055556	1.5	0.48	0.0	0.197615
21842	4666	0	1	4	3	2	5	0.0	1	2012	12	29	6	12.5	77	0	1	1	965	0.331944444	0.1030555559999999	0.283055556	0.0	0.023611111	0.0	0	0.108333333	0.0	0.23	0.0	0.0692308
21860	4674	1	0	1	3	2	1	1.0	1	2012	12	29	6	16.0	42	0	1	1	960	0.230555556	0.090555556	0.114444444	0.0	0.079166667	0.0	0	0.063611111	1.5	0.15	0.0	0.222707
21874	4676	1	1	3	4	1	2	0.0	1	2012	12	29	6	17.0	17	1	0	2	6189	1.469166667	0.422777778	0.140555556	0.366666667	0.0	0.133333333	1	0.487222222	1.2	1.25	0.0	0.689282
21879	4677	1	1	3	4	2	1	1.0	1	2012	12	29	6	16.5	33	0	1	1	10091	2.413888889	0.817777778	0.293611111	0.366666667	0.0	0.0	0	0.8041666670000001	2.8	1.65	10.5	0.6963729999999999
21937	4687	1	5	3	3	6	4	0.0	1	2013	1	1	2	20.25	18	1	0	0	3807	0.933055556	0.256111111	0.2641666669999999	0.0	0.1925	0.108611111	1	0.244166667	0.0	0.71	0.0	0.156997
21942	4687	3	0	1	3	6	5	0.0	1	2013	1	1	2	16.0	6	0	0	0	665	0.173055556	0.0891666669999999	0.091666667	0.0	0.039166667	0.0	0	0.063055556	0.0	0.12	0.0	0.189427
21945	4687	4	2	1	3	6	5	0.0	1	2013	1	1	2	16.83333333	6	1	0	0	673	0.184166667	0.055555556	0.115	0.0	0.0288888889999999	0.0	0	0.044166667	0.0	0.1	0.0	0.138365
21956	4690	1	2	4	3	2	5	0.0	1	2013	1	2	3	13.66666667	73	0	1	1	853	0.2175	0.051666667	0.142777778	0.0	0.025	0.0	0	0.041666667	0.0	0.12	0.0	0.106667
21967	4695	0	2	1	3	6	1	1.0	1	2013	1	2	3	10.0	36	1	0	0	467	0.166111111	0.044166667	0.128333333	0.0	0.019166667	0.0	0	0.061944444	1.5	0.12	0.0	0.0
21968	4696	0	0	4	3	1	1	0.0	1	2013	1	2	3	14.0	52	1	1	1	5855	1.552777778	0.494166667	0.129722222	0.05	0.416666667	0.1	1	0.410277778	1.5	1.31	0.0	0.315504
21969	4696	0	1	4	3	1	1	0.0	1	2013	1	2	3	15.5	52	1	1	1	5855	1.523888889	0.495555556	0.122777778	0.05	0.445	0.1	1	0.451944444	1.5	1.36	0.0	0.43823
21970	4696	1	0	4	1	1	1	0.0	1	2013	1	2	3	7.333333333	35	0	1	1	8792	2.224166667	0.7019444440000001	0.158611111	0.0	0.846666667	0.1	1	0.533333333	0.0	1.66	0.0	0.376563
21974	4698	0	0	3	3	1	1	1.0	1	2013	1	2	3	11.5	32	1	1	2	10426	2.394722222	0.731666667	0.068055556	0.35	0.066666667	0.083333333	1	0.515833333	4.3	1.74	10.5	0.553581
21981	4700	1	1	1	3	6	1	1.0	1	2013	1	2	3	20.66666667	18	1	0	0	832	0.215	0.117777778	0.161111111	0.0	0.033333333	0.0	0	0.122777778	1.5	0.27	0.0	0.0520362
22008	4712	1	0	4	3	1	1	1.0	1	2013	1	3	4	18.5	28	1	1	1	33210	7.917777778	2.315555556	0.4477777779999999	0.783333333	0.141388889	0.25	2	1.510555556	9.3	8.26	0.0	0.40125
22018	4716	1	0	4	1	1	1	1.0	1	2013	1	3	4	11.0	28	0	1	2	2704	0.77	0.2344444439999999	0.170555556	0.066666667	0.168888889	0.1	1	0.2022222219999999	3.0	0.65	0.0	0.450549
22022	4717	1	0	4	1	6	1	1.0	1	2013	1	3	4	6.75	35	0	0	2	711	0.164166667	0.052222222	0.064722222	0.0	0.033333333	0.0	0	0.040833333	1.5	0.1	0.0	0.170068
22033	4720	2	0	4	3	1	5	0.0	1	2013	1	3	4	10.5	7	0	0	1	1454	0.424722222	0.129722222	0.054722222	0.0	0.181666667	0.0	0	0.1216666669999999	0.0	0.34	0.0	0.121005
22057	4725	1	0	3	3	6	5	0.0	1	2013	1	3	4	9.0	9	0	0	0	1103	0.23	0.059444444	0.0352777779999999	0.0	0.076388889	0.0	0	0.105555556	0.0	0.24	0.0	0.471053
22060	4725	2	1	3	3	6	5	0.0	1	2013	1	3	4	9.666666667	6	0	0	0	1103	0.2463888889999999	0.113333333	0.0605555559999999	0.0	0.066666667	0.0	0	0.0875	0.0	0.23	0.0	0.352381
22069	4728	0	0	3	3	6	1	1.0	1	2013	1	3	4	13.83333333	49	0	0	0	5738	1.426944444	0.424444444	0.337777778	0.15	0.0	0.0	0	0.383611111	2.1	0.98	0.0	0.448226
22071	4728	0	2	1	3	6	1	1.0	1	2013	1	3	4	19.0	49	0	0	0	499	0.135555556	0.038333333	0.109444444	0.0	0.042222222	0.0	0	0.047777778	1.5	0.11	0.0	0.656977
22092	4734	1	0	4	3	1	1	1.0	1	2013	1	4	5	7.25	32	0	1	1	869	0.281666667	0.106944444	0.0841666669999999	0.0	0.05	0.0	0	0.067777778	1.5	0.2	0.0	0.0204918
22104	4738	1	2	4	3	1	1	1.0	1	2013	1	4	5	16.0	53	1	0	1	6741	1.554444444	0.5030555560000001	0.227777778	0.0	0.596388889	0.059166667	1	0.420833333	3.0	1.32	0.0	0.325413
22112	4740	1	0	3	3	1	5	0.0	1	2013	1	4	5	12.96666667	73	1	1	1	5265	1.310555556	0.4669444439999999	0.190833333	0.2166666669999999	0.0	0.0	0	0.565277778	0.0	1.26	10.5	0.674201
22123	4742	1	2	4	3	1	1	1.0	1	2013	1	4	5	19.0	38	0	1	2	8890	2.330555556	0.7213888890000001	0.241111111	0.0	0.626111111	0.183333333	1	0.241666667	3.0	1.28	0.0	0.268966
22145	4746	1	1	4	1	1	1	1.0	1	2013	1	4	5	11.0	35	0	1	1	4330	1.036111111	0.310555556	0.050833333	0.0	0.3238888889999999	0.11	1	0.236666667	3.0	0.71	0.0	0.315728
22154	4749	0	1	1	3	6	1	1.0	1	2013	1	4	5	14.0	52	0	1	0	900	0.261666667	0.1	0.2047222219999999	0.0	0.0	0.0	0	0.098888889	2.4	0.19	10.5	0.412921
22178	4756	1	1	1	3	6	1	1.0	1	2013	1	5	6	16.16666667	36	0	0	0	347	0.078611111	0.020277778	0.0302777779999999	0.0	0.011666667	0.0	0	0.028611111	1.5	0.06	0.0	0.0
22189	4757	1	4	4	3	1	4	1.0	1	2013	1	5	6	18.25	23	1	1	1	2327	0.543888889	0.150277778	0.165555556	0.0	0.161388889	0.0	0	0.135277778	1.5	0.45	0.0	0.2874739999999999
22205	4760	0	1	4	3	1	1	1.0	1	2013	1	5	6	0.0	33	1	1	2	2249	0.548333333	0.223611111	0.151388889	0.0	0.197222222	0.0	0	0.175277778	1.5	0.46	0.0	0.402536
22217	4761	1	5	3	3	1	1	1.0	1	2013	1	5	6	16.5	31	1	1	1	6942	1.691388889	0.637222222	0.206388889	0.183333333	0.1475	0.1166666669999999	1	0.459444444	3.9	1.27	10.5	0.654172
22222	4762	0	5	4	3	1	1	1.0	1	2013	1	5	6	17.83333333	32	1	1	2	890	0.28	0.105	0.199722222	0.0	0.054722222	0.0	0	0.096388889	1.5	0.24	0.0	0.32853
22260	4770	1	1	4	3	2	1	1.0	1	2013	1	6	7	19.0	47	1	1	2	7935	1.7641666669999998	0.5225	0.175	0.0	0.525	0.083333333	1	0.256388889	3.0	0.92	0.0	0.0747562
22281	4775	0	0	3	3	6	5	0.0	1	2013	1	6	7	13.0	66	0	0	0	1209	0.3313888889999999	0.145555556	0.138888889	0.0	0.0872222219999999	0.0	0	0.090555556	0.0	0.25	0.0	0.2392639999999999
22287	4776	1	1	4	5	2	1	1.0	1	2013	1	6	7	13.66666667	34	1	1	1	1704	0.5327777779999999	0.191111111	0.281388889	0.0	0.066666667	0.0	0	0.166944444	1.5	0.38	0.0	0.334443
22290	4777	0	1	1	3	1	1	1.0	1	2013	1	6	7	12.5	37	1	0	1	996	0.244722222	0.078333333	0.12	0.033333333	0.0	0.0	0	0.0633333329999999	1.5	0.16	0.0	0.223684
22330	4786	0	2	1	3	1	1	1.0	1	2013	1	6	7	18.0	41	1	1	1	1261	0.377222222	0.120555556	0.153055556	0.0	0.058888889	0.0	0	0.123055556	1.5	0.32	0.0	0.155756
22366	4790	0	1	1	3	1	5	0.0	1	2013	1	6	7	13.0	63	0	1	1	1037	0.280555556	0.124166667	0.1436111109999999	0.0	0.0875	0.0	0	0.108888889	0.0	0.28	0.0	0.339286
22373	4793	0	0	4	3	1	1	1.0	1	2013	1	7	1	12.5	21	1	1	2	1243	0.355277778	0.114444444	0.1266666669999999	0.0	0.133333333	0.0	0	0.125	1.5	0.34	0.0	0.204444
22386	4796	0	4	4	5	1	5	0.0	1	2013	1	7	1	11.51666667	37	0	1	2	5913	1.473611111	0.514444444	0.2166666669999999	0.0	0.515	0.0	0	0.426666667	0.0	1.17	10.5	0.658854
22390	4796	0	9	4	5	1	5	0.0	1	2013	1	7	1	12.51666667	37	0	1	2	3947	0.9725	0.308055556	0.300833333	0.166666667	0.0	0.0	0	0.3444444439999999	0.0	0.83	10.5	0.625
22406	4799	0	2	3	3	6	5	0.0	1	2013	1	7	1	12.5	77	1	0	0	4355	1.103055556	0.355555556	0.1719444439999999	0.0	0.303888889	0.1794444439999999	1	0.25	0.0	0.71	0.0	0.183333
22410	4801	0	3	1	3	1	1	1.0	1	2013	1	7	1	15.0	59	1	1	2	324	0.111666667	0.039444444	0.053055556	0.0	0.035	0.0	0	0.0861111109999999	1.5	0.22	0.0	0.287097
22437	4807	0	5	1	3	6	1	1.0	1	2013	1	7	1	18.96666667	29	0	1	0	609	0.176111111	0.067222222	0.1	0.0	0.044444444	0.0	0	0.074166667	1.5	0.16	0.0	0.191011
22439	4807	1	1	3	4	6	1	1.0	1	2013	1	7	1	17.83333333	29	1	1	0	3429	0.8222222220000001	0.295	0.130833333	0.2166666669999999	0.0	0.066666667	1	0.281666667	2.4	0.62	10.5	0.513807
22441	4808	0	2	1	5	1	1	1.0	1	2013	1	7	1	18.51666667	25	1	1	1	970	0.251388889	0.11	0.1175	0.033333333	0.0	0.0	0	0.138333333	2.4	0.29	0.0	0.7931729999999999
22460	4815	0	0	3	2	6	1	0.5	1	2013	1	8	2	12.5	25	1	0	0	11323	2.7377777780000003	0.957222222	0.160555556	0.5166666670000001	0.0	0.066666667	1	0.8158333329999999	2.4	2.17	0.0	0.728635
22467	4818	0	1	4	3	1	1	1.0	1	2013	1	8	2	15.91666667	53	0	1	1	10861	2.977222222	0.710833333	0.334166667	0.316666667	0.0	0.0	0	0.402777778	2.8	2.01	0.0	0.382069
22484	4822	1	2	1	1	6	1	1.0	1	2013	1	8	2	16.66666667	46	1	1	0	1198	0.296388889	0.097222222	0.104444444	0.0	0.168333333	0.0	0	0.124722222	1.5	0.26	0.0	0.449889
22488	4823	0	3	3	3	1	1	1.0	1	2013	1	8	2	14.25	57	1	0	1	535	0.189722222	0.061666667	0.1216666669999999	0.0	0.0433333329999999	0.0	0	0.08	1.5	0.18	0.0	0.128472
22499	4824	1	3	3	3	1	1	1.0	1	2013	1	8	2	15.5	44	0	0	1	10476	2.501388889	0.737777778	0.125	0.2666666669999999	0.158888889	0.2666666669999999	2	0.3544444439999999	4.3	1.76	0.0	0.316614
22501	4825	0	1	1	5	1	1	1.0	1	2013	1	8	2	9.0	36	1	1	2	1034	0.290277778	0.090833333	0.2097222219999999	0.0	0.033333333	0.0	0	0.0855555559999999	1.5	0.21	0.0	0.311688
22506	4825	0	8	1	2	1	1	1.0	1	2013	1	8	2	15.75	36	1	1	2	363	0.126944444	0.0436111109999999	0.081111111	0.0	0.020833333	0.0	0	0.042222222	1.5	0.1	0.0	0.1842109999999999
22523	4828	1	3	3	1	2	1	1.0	1	2013	1	8	2	18.0	42	1	1	1	6302	1.4747222219999998	0.5575	0.254444444	0.183333333	0.136944444	0.133333333	1	0.4475	4.3	0.98	10.5	0.630664
22565	4837	1	0	4	3	1	5	0.0	1	2013	1	9	3	12.0	74	1	1	1	945	0.251111111	0.064722222	0.134722222	0.0	0.065555556	0.0	0	0.105277778	0.0	0.27	0.0	0.153034
22571	4839	0	2	3	5	1	5	0.0	1	2013	1	9	3	14.5	36	1	0	1	1238	0.324444444	0.109444444	0.1566666669999999	0.0	0.055555556	0.0	0	0.127777778	0.0	0.31	0.0	0.536957
22576	4841	0	0	4	2	1	1	1.0	1	2013	1	9	3	8.0	44	1	0	2	1705	0.433333333	0.1216666669999999	0.201666667	0.0	0.1166666669999999	0.0	0	0.1475	1.5	0.36	0.0	0.384181
22597	4844	1	3	4	3	1	3	0.0	1	2013	1	9	3	16.5	13	0	0	2	2360	0.689444444	0.226111111	0.144444444	0.0	0.3913888889999999	0.0	0	0.243055556	0.0	0.59	0.0	0.347429
22627	4850	1	3	3	3	1	1	1.0	1	2013	1	9	3	21.16666667	29	1	1	1	5101	1.224722222	0.395555556	0.364722222	0.1166666669999999	0.0	0.0	0	0.2666666669999999	2.29	0.84	0.0	0.525
22628	4851	0	0	1	1	6	1	1.0	1	2013	1	9	3	8.5	34	1	1	0	868	0.205277778	0.111111111	0.096944444	0.0	0.0866666669999999	0.0	0	0.098055556	1.5	0.2	10.5	0.6373939999999999
22642	4854	0	1	3	5	1	5	0.0	1	2013	1	10	4	15.0	21	1	1	1	2678	0.703611111	0.213888889	0.076111111	0.0	0.331944444	0.108055556	1	0.2688888889999999	0.0	0.67	0.0	0.299587
22655	4858	1	3	4	3	1	5	0.0	1	2013	1	10	4	16.5	62	1	1	1	1365	0.350277778	0.1166666669999999	0.158333333	0.0	0.088888889	0.0	0	0.094722222	0.0	0.28	0.0	0.123167
22656	4858	1	4	4	3	1	5	0.0	1	2013	1	10	4	17.5	62	1	1	1	1365	0.345277778	0.123888889	0.175	0.0	0.081666667	0.0	0	0.088888889	0.0	0.27	0.0	0.15625
22684	4865	0	1	4	2	1	1	1.0	1	2013	1	10	4	8.333333332999999	35	1	1	1	2146	0.5016666670000001	0.158333333	0.117777778	0.0	0.208333333	0.0	0	0.1397222219999999	1.5	0.38	0.0	0.246521
22712	4870	1	1	1	3	5	1	1.0	1	2013	1	10	4	9.75	48	1	1	1	388	0.09	0.024444444	0.0275	0.0	0.029444444	0.0	0	0.028333333	1.5	0.09	0.0	0.215686
22724	4874	0	0	4	2	1	1	1.0	1	2013	1	11	5	12.5	36	1	1	1	3408	0.8905555559999999	0.254166667	0.121111111	0.0	0.265	0.0	0	0.171388889	1.5	0.61	0.0	0.341977
22728	4874	2	0	3	2	1	2	0.0	1	2013	1	11	5	6.25	16	0	0	1	6956	1.652777778	0.467222222	0.176111111	0.0	0.389722222	0.183333333	1	0.295277778	0.0	1.06	0.0	0.0470366999999999
22733	4875	0	3	4	5	2	1	1.0	1	2013	1	11	5	20.41666667	42	1	1	2	1209	0.3325	0.118888889	0.055	0.0	0.1	0.0	0	0.11	1.5	0.22	0.0	0.0656566
22748	4877	1	1	3	1	6	1	1.0	1	2013	1	11	5	19.0	49	0	0	0	21696	5.036666667	1.624722222	0.2044444439999999	0.716666667	0.0575	0.300833333	2	1.231666667	6.8	3.63	0.0	0.562472
22784	4886	0	2	2	3	1	1	1.0	1	2013	1	11	5	20.25	50	1	1	1	631	0.252777778	0.074444444	0.176111111	0.0	0.039722222	0.0	0	0.095833333	1.5	0.24	0.0	0.182609
22838	4901	1	0	4	5	1	5	0.0	1	2013	1	12	6	10.0	6	1	0	2	1183	0.306944444	0.095833333	0.230833333	0.0	0.0375	0.0	0	0.069722222	0.0	0.24	0.0	0.3705179999999999
22841	4902	0	1	4	3	1	5	0.0	1	2013	1	12	6	11.0	69	1	1	2	1226	0.326111111	0.095	0.075833333	0.0	0.086944444	0.0	0	0.067777778	0.0	0.22	0.0	0.155738
22900	4917	0	1	4	3	1	1	1.0	1	2013	1	12	6	9.416666667	38	0	1	2	1939	0.441388889	0.1580555559999999	0.093333333	0.0	0.103333333	0.0	0	0.088055556	1.5	0.28	0.0	0.211356
22915	4921	0	1	3	3	1	5	0.0	1	2013	1	12	6	15.75	75	1	1	2	7358	1.749166667	0.611944444	0.232777778	0.25	0.0	0.1	1	0.5069444439999999	0.0	1.44	0.0	0.632329
22924	4926	0	1	3	5	1	5	0.0	1	2013	1	13	7	12.33333333	78	0	1	1	2154	0.518611111	0.136111111	0.0575	0.0	0.123888889	0.0	0	0.150555556	0.0	0.47	0.0	0.156827
22930	4928	0	1	1	3	1	1	1.0	1	2013	1	13	7	10.76666667	50	0	1	2	1417	0.357222222	0.095	0.125277778	0.0	0.1072222219999999	0.0	0	0.115833333	1.5	0.38	0.0	0.088729
22940	4930	3	1	1	5	2	2	0.0	1	2013	1	13	7	12.33333333	16	0	0	2	722	0.165833333	0.056666667	0.081111111	0.0	0.041666667	0.0	0	0.071388889	0.0	0.13	0.0	0.0466926
22947	4931	1	2	3	3	6	5	0.0	1	2013	1	13	7	16.75	69	0	1	0	2104	0.562222222	0.278611111	0.201111111	0.0	0.162222222	0.0	0	0.180833333	0.0	0.46	0.0	0.603687
22951	4933	1	0	4	3	1	1	1.0	1	2013	1	13	7	9.5	49	1	1	1	1563	0.45	0.119444444	0.199166667	0.05	0.0	0.0	0	0.131388889	2.1	0.4	0.0	0.0211416
22965	4936	2	0	4	3	1	5	0.0	1	2013	1	13	7	11.0	12	0	0	1	2449	0.576111111	0.155833333	0.265277778	0.0	0.113333333	0.0	0	0.1216666669999999	0.0	0.39	0.0	0.408676
22984	4938	1	1	4	3	1	5	0.0	1	2013	1	13	7	12.5	73	1	1	1	1760	0.466666667	0.118333333	0.153055556	0.0	0.151111111	0.0	0	0.109722222	0.0	0.32	0.0	0.210127
23001	4942	0	1	1	5	6	1	1.0	1	2013	1	13	7	12.75	27	1	1	0	1293	0.3425	0.148888889	0.180277778	0.033333333	0.0	0.0	0	0.109722222	2.4	0.24	0.0	0.316456
23008	4943	1	1	4	1	1	1	1.0	1	2013	1	14	1	23.0	31	1	1	1	2140	0.558055556	0.148888889	0.0847222219999999	0.0	0.19	0.0	0	0.137222222	1.5	0.42	0.0	0.0647773
23039	4950	0	0	3	3	6	5	0.0	1	2013	1	14	1	18.0	78	0	0	0	9509	2.128888889	0.686666667	0.144166667	0.3	0.0847222219999999	0.227222222	2	0.682222222	0.0	1.6	10.5	0.523208
23067	4959	0	2	4	5	1	5	0.0	1	2013	1	15	2	12.33333333	77	1	1	2	3416	0.8263888890000001	0.261111111	0.0705555559999999	0.0	0.391666667	0.0	0	0.2775	0.0	0.68	0.0	0.236236
23086	4963	1	6	4	1	2	1	1.0	1	2013	1	15	2	19.5	53	0	1	2	16719	4.058611111	1.175	0.298888889	0.4	0.0	0.066666667	1	0.7280555559999999	3.3	2.47	0.0	0.462037
23093	4966	0	0	1	2	6	1	0.5	1	2013	1	15	2	8.766666667	25	1	0	0	819	0.2397222219999999	0.08	0.168055556	0.0	0.055555556	0.0	0	0.109722222	0.75	0.23	10.5	0.508861
23125	4974	0	0	3	2	6	1	1.0	1	2013	1	15	2	8.0	36	1	0	0	4992	1.188611111	0.373055556	0.193055556	0.0	0.434166667	0.0	0	0.315277778	1.5	0.8	0.0	0.661674
23129	4975	0	4	1	3	5	5	0.0	1	2013	1	15	2	14.5	68	1	1	2	637	0.150833333	0.041388889	0.043888889	0.0	0.111388889	0.0	0	0.094166667	0.0	0.33	0.0	0.141593
23132	4976	0	0	4	3	2	1	1.0	1	2013	1	15	2	5.916666667	59	0	1	2	2912	0.660833333	0.194722222	0.082222222	0.0	0.15	0.0	0	0.124722222	1.5	0.38	0.0	0.146993
23152	4979	1	1	4	2	1	1	1.0	1	2013	1	16	3	9.083333333	42	1	1	2	1748	0.486111111	0.137777778	0.15	0.0	0.0991666669999999	0.0	0	0.111111111	1.5	0.32	0.0	0.045
23162	4980	0	3	3	3	6	5	0.0	1	2013	1	16	3	14.0	49	0	0	0	2390	0.5736111110000001	0.1975	0.1794444439999999	0.1	0.0	0.0	0	0.171666667	0.0	0.43	0.0	0.621359
23166	4982	0	1	3	1	2	1	1.0	1	2013	1	16	3	17.0	49	1	1	2	2873	0.643333333	0.190833333	0.173611111	0.0	0.2666666669999999	0.0	0	0.149166667	1.5	0.37	0.0	0.160149
23185	4988	0	0	4	3	1	5	0.0	1	2013	1	16	3	11.75	84	0	1	1	1298	0.373055556	0.139166667	0.168888889	0.0	0.123055556	0.0	0	0.115	0.0	0.29	0.0	0.350242
23189	4990	0	0	1	3	6	1	1.0	1	2013	1	16	3	13.0	58	0	0	0	381	0.088055556	0.024722222	0.046666667	0.0	0.02	0.0	0	0.023055556	1.5	0.06	0.0	0.301205
23200	4993	0	2	3	3	6	1	1.0	1	2013	1	16	3	22.0	34	1	1	0	11871	2.755277778	0.8905555559999999	0.192222222	0.366666667	0.0	0.133333333	1	0.7344444440000001	5.0	1.87	0.0	0.593797
23229	4998	1	2	4	3	3	1	1.0	1	2013	1	16	3	20.0	50	0	1	2	2488	0.775277778	0.256666667	0.140833333	0.0	0.266111111	0.141944444	1	0.198333333	3.0	0.56	0.0	0.351541
23230	4999	3	0	3	1	1	1	1.0	1	2013	1	17	4	7.5	29	0	1	1	16682	3.923611111	1.265277778	0.165833333	0.566666667	0.1266666669999999	0.1	1	1.093888889	6.2	3.12	10.5	0.794058
23240	5002	2	0	1	2	6	5	0.0	1	2013	1	17	4	8.666666667000001	6	0	0	0	182	0.181666667	0.0511111109999999	0.1222222219999999	0.0	0.016666667	0.0	0	0.053888889	0.0	0.13	0.0	0.0
23293	5013	1	2	4	5	1	1	1.0	1	2013	1	17	4	13.25	48	0	1	1	1411	0.396944444	0.120555556	0.0847222219999999	0.0	0.131388889	0.0	0	0.108055556	1.5	0.3	0.0	0.167095
23343	5027	0	2	1	5	1	1	1.0	1	2013	1	18	5	10.0	27	1	1	1	435	0.180555556	0.124166667	0.129444444	0.016666667	0.0	0.0	0	0.066388889	2.4	0.15	10.5	0.5941420000000001
23351	5029	1	0	4	3	1	5	0.0	1	2013	1	19	6	10.0	73	1	1	1	997	0.267777778	0.094166667	0.105555556	0.0	0.1	0.0	0	0.093055556	0.0	0.26	0.0	0.567164
23367	5035	0	1	1	3	1	1	1.0	1	2013	1	20	7	15.66666667	31	1	0	1	345	0.106388889	0.042222222	0.040833333	0.0	0.017222222	0.0	0	0.018888889	1.5	0.06	0.0	0.397059
23403	5047	0	3	4	5	1	5	0.0	1	2013	1	21	1	15.5	66	1	1	1	1762	0.440555556	0.1825	0.102777778	0.0	0.2425	0.0	0	0.2725	0.0	0.52	10.5	0.492355
23405	5048	0	1	3	5	6	1	1.0	1	2013	1	21	1	8.583333332999999	35	1	0	0	3054	0.7511111109999999	0.2213888889999999	0.22	0.0	0.246666667	0.0	0	0.267777778	1.5	0.59	0.0	0.424274
23407	5048	0	3	3	5	6	1	1.0	1	2013	1	21	1	15.0	35	1	0	0	1153	0.351388889	0.098333333	0.210555556	0.0	0.101944444	0.0	0	0.094722222	1.5	0.23	0.0	0.351906
23444	5060	0	2	3	5	1	5	0.0	1	2013	1	22	2	14.33333333	73	0	1	2	4338	1.058611111	0.324444444	0.0855555559999999	0.1166666669999999	0.0	0.0	0	0.376944444	0.0	0.93	10.5	0.66986
23487	5073	3	0	4	2	2	1	1.0	1	2013	1	22	2	8.5	31	0	1	1	1001	0.3433333329999999	0.093333333	0.323333333	0.0	0.018888889	0.0	0	0.098888889	1.5	0.22	0.0	0.011236
23514	5081	0	1	4	5	2	1	1.0	1	2013	1	22	2	8.083333332999999	40	1	1	1	5736	1.395277778	0.3938888889999999	0.153611111	0.0	0.508055556	0.1	1	0.3702777779999999	3.0	0.9	0.0	0.372843
23516	5081	0	4	4	3	2	1	1.0	1	2013	1	22	2	15.0	40	1	1	1	4531	1.192777778	0.4475	0.413055556	0.0	0.309722222	0.0	0	0.313888889	1.5	0.77	0.0	0.0902655
23548	5085	1	1	4	1	1	1	1.0	1	2013	1	23	3	16.5	30	1	1	1	5326	1.363888889	0.487777778	0.260277778	0.1	0.119444444	0.125277778	1	0.4302777779999999	3.2	1.16	0.0	0.5300189999999999
23564	5089	2	3	3	5	6	1	0.5	1	2013	1	23	3	16.35	21	1	0	0	6161	1.427222222	0.565277778	0.151666667	0.2666666669999999	0.0	0.1	1	0.61	2.4	1.22	10.5	0.682605
23609	5102	0	2	1	3	6	1	1.0	1	2013	1	23	3	13.33333333	57	1	1	0	633	0.183611111	0.0605555559999999	0.139166667	0.0	0.055	0.0	0	0.078055556	1.5	0.14	0.0	0.2953739999999999
23622	5106	2	0	1	1	6	5	0.0	1	2013	1	23	3	6.666666667	60	1	1	0	739	0.170833333	0.04	0.083888889	0.0	0.033333333	0.0	0	0.029166667	0.0	0.1	0.0	0.0190476
23624	5107	0	0	3	1	1	5	0.0	1	2013	1	23	3	6.833333333	47	0	1	2	16731	3.861111111	1.1280555559999998	0.231666667	0.566666667	0.0	0.133333333	1	1.048333333	0.0	2.9	10.5	0.6499739999999999
23632	5108	0	3	4	3	1	1	1.0	1	2013	1	23	3	9.25	51	1	1	2	1837	0.477777778	0.154444444	0.074166667	0.0	0.181388889	0.0	0	0.154722222	1.5	0.4	0.0	0.40395
23640	5108	3	1	3	2	1	3	0.0	1	2013	1	23	3	16.16666667	12	0	0	2	4583	1.031111111	0.355833333	0.316944444	0.083333333	0.0	0.0	0	0.368611111	0.85	0.85	10.5	0.796534
23649	5109	5	0	1	2	6	3	0.0	1	2013	1	23	3	8.0	12	1	0	0	956	0.2397222219999999	0.1075	0.106944444	0.0	0.059444444	0.0	0	0.061944444	0.0	0.16	0.0	0.403587
23655	5110	2	0	4	4	1	1	1.0	1	2013	1	24	4	9.0	22	0	1	2	1199	0.451666667	0.205277778	0.294166667	0.0	0.063611111	0.0	0	0.0922222219999999	1.5	0.31	0.0	0.0301204999999999
23669	5114	0	2	4	3	2	5	0.0	1	2013	1	24	4	13.5	74	0	1	1	3299	0.826666667	0.301111111	0.1772222219999999	0.0	0.2319444439999999	0.0	0	0.179722222	0.0	0.46	0.0	0.156105
23674	5115	2	0	1	2	2	5	0.0	1	2013	1	24	4	8.5	6	0	0	2	900	0.2975	0.093611111	0.283888889	0.0	0.009166667	0.0	0	0.083055556	0.0	0.19	0.0	0.0535116999999999
23696	5119	0	5	3	3	2	1	1.0	1	2013	1	24	4	23.5	31	0	1	2	4099	0.995	0.308055556	0.023888889	0.0	0.283333333	0.0	0	0.1975	1.5	0.59	0.0	0.298172
23702	5121	0	1	3	1	1	1	1.0	1	2013	1	24	4	17.0	52	1	1	2	3570	0.913888889	0.274166667	0.073888889	0.016666667	0.143333333	0.133333333	1	0.315277778	3.9	0.75	10.5	0.509251
23717	5124	3	0	1	2	2	5	0.0	1	2013	1	25	5	8.5	9	0	0	2	387	0.170833333	0.039166667	0.119444444	0.0	0.021111111	0.0	0	0.0475	0.0	0.11	0.0	0.0
23721	5125	1	1	4	1	1	1	1.0	1	2013	1	25	5	8.0	40	0	1	1	7910	1.949166667	0.6411111110000001	0.3494444439999999	0.0	0.930555556	0.0	0	0.546111111	1.5	1.65	0.0	0.575788
23763	5131	0	2	3	3	1	5	0.0	1	2013	1	25	5	11.0	81	1	1	2	959	0.251944444	0.101944444	0.006388889	0.0	0.1005555559999999	0.0	0	0.075	0.0	0.19	0.0	0.237037
23788	5139	0	1	3	5	6	5	0.0	1	2013	1	25	5	10.0	35	1	0	0	2207	0.5227777779999999	0.14	0.068333333	0.0	0.1225	0.0	0	0.1425	0.0	0.35	0.0	0.405458
23793	5139	1	3	3	1	6	5	0.0	1	2013	1	25	5	20.0	43	0	1	0	17769	4.200555556	1.380555556	0.140833333	0.5	0.0	0.15	1	0.981111111	0.0	2.9	0.0	0.566535
23797	5140	1	1	4	3	2	1	1.0	1	2013	1	25	5	12.0	46	1	1	1	7948	2.003333333	0.612777778	0.18	0.0	0.628888889	0.166666667	1	0.389166667	3.0	1.29	0.0	0.38758
23804	5141	1	0	3	4	6	1	1.0	1	2013	1	25	5	8.0	46	1	1	2	11693	2.770833333	0.9275	0.083333333	0.4	0.263333333	0.1166666669999999	1	0.71	4.4	1.97	0.0	0.593897
23807	5141	1	3	4	3	6	1	1.0	1	2013	1	25	5	16.75	46	1	1	2	3184	0.765277778	0.2225	0.213888889	0.0	0.190833333	0.0	0	0.2872222219999999	1.5	0.66	0.0	0.500967
23810	5141	1	6	4	3	6	1	1.0	1	2013	1	25	5	20.25	46	1	1	2	5363	1.340277778	0.4352777779999999	0.0577777779999999	0.0	0.349722222	0.1	1	0.260833333	3.0	0.83	0.0	0.247071
23851	5149	0	1	1	5	6	1	1.0	1	2013	1	26	6	15.08333333	55	1	0	0	283	0.104444444	0.024444444	0.065277778	0.0	0.013333333	0.0	0	0.0375	1.5	0.08	0.0	0.0
23871	5154	1	0	3	3	6	5	0.0	1	2013	1	26	6	16.5	5	0	0	0	2073	0.518611111	0.16	0.1266666669999999	0.0	0.213888889	0.0	0	0.194166667	0.0	0.49	0.0	0.0715308
23883	5155	1	3	4	5	2	1	1.0	1	2013	1	26	6	15.41666667	47	1	0	1	4118	1.008055556	0.310277778	0.145277778	0.0	0.309444444	0.127777778	1	0.3025	3.0	1.02	0.0	0.402204
23891	5158	0	1	4	3	1	1	1.0	1	2013	1	26	6	10.0	56	1	1	2	3747	0.863055556	0.289166667	0.136666667	0.0	0.255833333	0.0	0	0.1825	1.5	0.58	0.0	0.207002
23913	5163	0	1	4	1	1	1	1.0	1	2013	1	26	6	13.5	52	0	1	2	8573	2.0825	0.605555556	0.179166667	0.15	0.338055556	0.222222222	2	0.558611111	4.5	1.63	0.0	0.360517
23946	5169	2	0	4	3	2	1	1.0	1	2013	1	27	7	15.0	22	1	0	1	13898	3.176388889	0.909166667	0.164444444	0.0	0.988333333	0.145	1	0.676111111	3.0	1.95	0.0	0.299096
23952	5171	1	2	4	4	1	1	1.0	1	2013	1	27	7	16.75	44	0	1	2	19508	4.526944444	1.362222222	0.069722222	0.6	0.086388889	0.2666666669999999	2	0.838611111	4.6	3.34	0.0	0.595893
23954	5171	3	1	3	3	3	3	0.0	1	2013	1	27	7	10.0	13	0	0	2	6685	1.656388889	0.508611111	0.296666667	0.0	0.4125	0.0	0	0.283888889	0.0	1.09	0.0	0.249511
23964	5174	0	2	4	3	1	1	1.0	1	2013	1	27	7	12.75	34	0	1	2	2078	0.587777778	0.154722222	0.285555556	0.0	0.1166666669999999	0.0	0	0.139444444	1.5	0.41	0.0	0.4501989999999999
23988	5179	0	0	4	3	6	4	0.5	1	2013	1	27	7	12.5	34	1	0	0	1109	0.259722222	0.069444444	0.079722222	0.0	0.066666667	0.0	0	0.072777778	0.75	0.18	0.0	0.0648855
23998	5180	1	2	1	5	6	1	1.0	1	2013	1	27	7	12.75	20	0	0	0	548	0.1166666669999999	0.041111111	0.041944444	0.0	0.058333333	0.0	0	0.045277778	1.5	0.1	0.0	0.6319020000000001
24001	5181	0	1	1	3	1	5	0.0	1	2013	1	27	7	11.13333333	92	0	1	1	458	0.098611111	0.023611111	0.040833333	0.0	0.016666667	0.0	0	0.02	0.0	0.07	0.0	0.0555556
24042	5193	1	2	4	3	1	1	0.5	1	2013	1	28	1	18.08333333	52	0	1	1	3203	0.834722222	0.2463888889999999	0.3727777779999999	0.1166666669999999	0.0	0.0	0	0.1988888889999999	2.1	0.6	0.0	0.1312849999999999
24053	5195	0	3	4	4	1	1	1.0	1	2013	1	28	1	11.0	53	0	1	2	5595	1.378888889	0.4325	0.1422222219999999	0.1166666669999999	0.3388888889999999	0.1	1	0.325833333	3.0	0.98	0.0	0.233589
24071	5197	0	1	4	3	1	1	1.0	1	2013	1	28	1	7.5	41	1	1	1	10724	2.634166667	0.6969444440000001	0.188333333	0.0	0.800555556	0.083333333	1	0.511388889	3.0	1.77	0.0	0.290603
24090	5201	0	2	3	3	6	5	0.0	1	2013	1	28	1	13.5	64	1	0	0	887	0.211388889	0.098611111	0.048055556	0.0	0.0775	0.0	0	0.063611111	0.0	0.18	0.0	0.257642
24091	5201	1	0	3	3	6	5	0.0	1	2013	1	28	1	12.0	66	0	0	0	2672	0.713888889	0.236388889	0.080833333	0.1166666669999999	0.0	0.0	0	0.199166667	0.0	0.56	0.0	0.264993
24093	5201	1	2	3	3	6	5	0.0	1	2013	1	28	1	14.75	66	0	0	0	2326	0.619444444	0.183055556	0.162222222	0.1	0.0	0.0	0	0.194166667	0.0	0.48	0.0	0.3175969999999999
24105	5204	1	0	1	2	1	1	1.0	1	2013	1	29	2	8.666666667000001	36	0	1	2	383	0.138888889	0.038611111	0.061388889	0.0	0.018888889	0.0	0	0.029166667	1.5	0.09	0.0	0.1333329999999999
24107	5204	1	2	1	2	1	1	1.0	1	2013	1	29	2	9.166666667	36	0	1	2	2671	0.671388889	0.205	0.298055556	0.0	0.162777778	0.0	0	0.164444444	1.5	0.5	0.0	0.3412159999999999
24110	5204	1	5	1	2	1	1	1.0	1	2013	1	29	2	15.76666667	36	0	1	2	2671	0.671388889	0.205	0.298055556	0.0	0.17	0.0	0	0.165555556	1.5	0.5	0.0	0.357383
24127	5206	0	0	4	3	1	5	0.0	1	2013	1	29	2	10.5	70	1	1	2	2746	0.730833333	0.247222222	0.186944444	0.05	0.133333333	0.1	1	0.141388889	0.0	0.51	0.0	0.0785855
24132	5207	0	3	3	3	1	5	0.0	1	2013	1	29	2	22.5	49	0	1	2	16852	4.224166667	1.5275	0.282777778	0.65	0.1166666669999999	0.1166666669999999	1	0.626388889	0.0	2.98	0.0	0.302439
24145	5209	1	0	1	3	2	1	1.0	1	2013	1	29	2	10.0	60	0	1	2	292	0.1988888889999999	0.048055556	0.133611111	0.0	0.033333333	0.0	0	0.060277778	1.5	0.12	0.0	0.101382
24180	5214	1	1	3	1	1	1	1.0	1	2013	1	29	2	19.5	58	1	0	1	9630	2.397222222	0.7533333329999999	0.225277778	0.366666667	0.0	0.0	0	0.660277778	2.8	1.84	0.0	0.466975
24181	5214	2	0	3	1	1	1	1.0	1	2013	1	29	2	7.833333333	28	1	1	1	9541	2.348611111	0.8027777779999999	0.194444444	0.333333333	0.0	0.066666667	1	0.735	3.3	1.88	10.5	0.652305
24193	5216	0	2	1	2	6	1	1.0	1	2013	1	29	2	15.0	49	1	0	0	1069	0.2775	0.090833333	0.1066666669999999	0.0	0.079166667	0.0	0	0.094166667	1.5	0.22	0.0	0.126844
24208	5219	3	0	4	2	1	5	0.0	1	2013	1	29	2	8.75	8	0	0	2	1073	0.280555556	0.0705555559999999	0.152777778	0.0	0.045277778	0.0	0	0.094722222	0.0	0.25	0.0	0.173021
24216	5221	1	0	3	3	6	5	0.0	1	2013	1	29	2	10.66666667	81	0	0	0	5638	1.332777778	0.376666667	0.216944444	0.0	0.3	0.0	0	0.255	0.0	0.83	0.0	0.235294
24254	5228	0	0	3	3	1	5	0.0	1	2013	1	29	2	15.0	64	1	1	1	2998	0.741944444	0.259166667	0.118888889	0.0	0.3	0.083333333	1	0.211111111	0.0	0.55	0.0	0.580263
24261	5228	1	3	3	5	1	5	0.0	1	2013	1	29	2	14.83333333	73	1	1	1	4070	0.943888889	0.296666667	0.016944444	0.0	0.34	0.1	1	0.2475	0.0	0.67	0.0	0.5869810000000001
24264	5229	0	1	1	5	1	1	1.0	1	2013	1	29	2	12.5	36	0	1	2	334	0.090277778	0.040833333	0.059722222	0.0	0.025	0.0	0	0.048611111	1.5	0.11	0.0	0.0228570999999999
24275	5234	0	1	3	3	6	5	0.0	1	2013	1	29	2	11.5	59	0	0	0	1272	0.298333333	0.085	0.016388889	0.0	0.087777778	0.0	0	0.074444444	0.0	0.19	0.0	0.4477609999999999
24286	5235	2	2	4	5	1	5	0.0	1	2013	1	30	3	16.35	10	0	0	2	11644	2.849166667	0.791666667	0.0841666669999999	0.183333333	0.794444444	0.303333333	3	0.5786111110000001	0.0	2.94	0.0	0.31445
24316	5242	0	2	1	3	6	1	1.0	1	2013	1	30	3	10.5	42	1	0	0	830	0.229444444	0.061388889	0.146666667	0.0	0.0511111109999999	0.0	0	0.067222222	1.5	0.17	0.0	0.119835
24317	5242	0	3	1	3	6	1	1.0	1	2013	1	30	3	11.66666667	42	1	0	0	830	0.2369444439999999	0.0575	0.133611111	0.0	0.049722222	0.0	0	0.074444444	1.5	0.19	0.0	0.335821
24321	5242	3	1	3	1	6	1	1.0	1	2013	1	30	3	18.5	23	0	1	0	12950	3.046388889	0.975277778	0.211111111	0.466666667	0.0	0.15	1	1.045833333	5.6	2.38	0.0	0.706773
24329	5245	1	1	4	1	2	1	1.0	1	2013	1	30	3	18.0	49	0	1	1	2550	0.603611111	0.153611111	0.210277778	0.0	0.2075	0.0	0	0.249722222	1.5	0.49	0.0	0.424917
24365	5252	0	0	3	1	6	1	1.0	1	2013	1	30	3	8.25	36	0	1	0	5474	1.456944444	0.4327777779999999	0.095277778	0.0	0.505	0.124722222	1	0.236111111	3.0	0.83	0.0	0.5152939999999999
24376	5255	2	0	3	2	1	3	0.0	1	2013	1	31	4	7.333333333	12	1	0	1	3128	0.791666667	0.25	0.1625	0.0	0.25	0.0	0	0.1747222219999999	0.0	0.53	0.0	0.236884
24380	5257	0	0	3	1	1	1	1.0	1	2013	1	31	4	6.166666667	45	0	1	2	21584	4.9005555560000005	1.562777778	0.193055556	0.65	0.066666667	0.133333333	1	1.101666667	5.4	3.38	10.5	0.610943
24405	5261	0	0	3	1	6	4	1.0	1	2013	1	31	4	8.166666667000001	25	1	1	0	6758	1.589166667	0.599722222	0.2188888889999999	0.316666667	0.0	0.0	0	0.586111111	1.95	1.22	10.5	0.772038
24435	5267	0	1	4	3	1	5	0.0	1	2013	1	31	4	12.91666667	71	0	1	2	2100	0.557777778	0.187222222	0.123055556	0.0	0.164444444	0.0	0	0.119444444	0.0	0.42	0.0	0.230233
24453	5270	1	1	3	1	1	5	0.0	1	2013	1	31	4	21.75	64	0	0	1	1390	0.339722222	0.1072222219999999	0.166944444	0.0	0.0308333329999999	0.0	0	0.091666667	0.0	0.25	0.0	0.0424241999999999
24462	5271	1	0	4	5	1	1	1.0	1	2013	1	31	4	8.666666667000001	32	1	1	2	5726	1.594722222	0.484444444	0.257222222	0.2166666669999999	0.0	0.1166666669999999	1	0.3383333329999999	3.4	1.07	0.0	0.36289
24481	5274	0	0	4	3	1	1	1.0	1	2013	2	1	5	12.0	50	0	1	1	1355	0.430555556	0.157777778	0.186111111	0.016666667	0.0	0.0	0	0.111666667	1.5	0.3	0.0	0.0945273999999999
24509	5281	0	0	4	3	2	1	1.0	1	2013	2	1	5	10.5	46	1	1	1	3472	0.946388889	0.3425	0.286111111	0.033333333	0.161111111	0.083333333	1	0.1719444439999999	3.0	0.51	0.0	0.088853
24516	5281	1	1	1	5	2	1	1.0	1	2013	2	1	5	10.0	49	0	0	1	733	0.189722222	0.0891666669999999	0.138888889	0.0	0.0	0.0	0	0.094166667	2.4	0.15	10.5	0.259587
24526	5282	3	1	3	2	1	1	1.0	1	2013	2	1	5	19.5	29	1	0	1	10665	2.441111111	0.776111111	0.241666667	0.416666667	0.0	0.0	0	0.704722222	2.9	1.82	0.0	0.4820649999999999
24542	5288	0	0	2	1	6	1	1.0	1	2013	2	1	5	9.0	30	0	1	0	1755	0.431388889	0.113055556	0.157777778	0.0	0.12	0.0	0	0.156111111	1.5	0.37	0.0	0.425267
24553	5291	2	3	4	4	1	1	1.0	1	2013	2	2	6	19.0	30	0	1	1	2745	0.696666667	0.224722222	0.052777778	0.0	0.331944444	0.0	0	0.242222222	1.5	0.57	0.0	0.356651
24572	5295	1	1	3	3	6	1	1.0	1	2013	2	2	6	0.0	27	1	1	0	15594	3.740277778	1.245833333	0.2188888889999999	0.283333333	0.111111111	0.283333333	1	0.771388889	4.8	2.41	0.0	0.416637
24616	5307	0	0	1	3	1	1	1.0	1	2013	2	2	6	12.0	53	0	1	2	798	0.170555556	0.051388889	0.054722222	0.0	0.161388889	0.0	0	0.049444444	1.5	0.14	0.0	0.185393
24626	5309	1	1	4	3	1	1	1.0	1	2013	2	2	6	7.416666667	53	0	1	1	4512	1.124444444	0.306388889	0.185833333	0.0	0.253055556	0.0	0	0.222222222	1.5	0.72	0.0	0.30625
24690	5325	2	1	1	1	2	1	1.0	1	2013	2	3	7	16.83333333	24	1	0	1	1496	0.3363888889999999	0.141666667	0.051388889	0.0	0.177777778	0.0	0	0.153611111	1.5	0.26	0.0	0.318264
24697	5327	0	1	1	3	6	1	1.0	1	2013	2	3	7	14.5	38	0	0	0	446	0.1255555559999999	0.049444444	0.0872222219999999	0.0	0.019166667	0.0	0	0.066666667	1.5	0.11	0.0	0.1708329999999999
24700	5327	1	2	3	3	6	1	1.0	1	2013	2	3	7	15.83333333	41	1	0	0	5575	1.251388889	0.3375	0.034722222	0.0	0.509166667	0.0	0	0.442222222	1.5	0.95	0.0	0.4698489999999999
24792	5350	0	4	4	3	1	1	1.0	1	2013	2	4	1	13.0	46	1	1	1	1112	0.267777778	0.079722222	0.0925	0.0	0.1005555559999999	0.0	0	0.0525	1.5	0.18	0.0	0.021164
24797	5350	2	0	1	2	1	5	0.0	1	2013	2	4	1	8.5	8	1	0	1	766	0.217777778	0.070277778	0.174166667	0.0	0.045833333	0.0	0	0.067222222	0.0	0.19	0.0	0.190083
24805	5351	1	0	4	1	5	1	1.0	1	2013	2	4	1	10.0	40	0	1	2	8510	2.5825	0.761944444	0.0861111109999999	0.183333333	0.276666667	0.15	1	0.446388889	3.0	2.07	0.0	0.3920349999999999
24821	5354	0	1	3	4	6	1	1.0	1	2013	2	4	1	11.0	38	1	1	0	10426	2.375555556	0.663888889	0.131944444	0.333333333	0.096666667	0.1166666669999999	1	0.485277778	4.3	1.58	0.0	0.473955
24822	5354	0	2	3	4	6	1	1.0	1	2013	2	4	1	13.0	38	1	1	0	1260	0.326944444	0.1166666669999999	0.194166667	0.0	0.091111111	0.0	0	0.116111111	1.5	0.29	0.0	0.409091
24836	5359	1	0	3	1	2	4	1.0	1	2013	2	4	1	8.016666667	30	0	1	1	3583	0.903611111	0.364722222	0.255	0.1	0.0	0.0	0	0.3958333329999999	1.6	0.72	10.5	0.640702
24856	5363	0	1	3	1	1	1	1.0	1	2013	2	4	1	16.5	34	1	1	1	2722	0.643888889	0.2463888889999999	0.271111111	0.1166666669999999	0.0	0.0	0	0.251944444	2.4	0.59	10.5	0.601985
24886	5368	0	3	4	2	1	1	1.0	1	2013	2	5	2	15.33333333	34	1	1	1	1692	0.488611111	0.181388889	0.222777778	0.0	0.0855555559999999	0.0	0	0.120555556	1.5	0.34	0.0	0.126728
24887	5368	1	0	4	1	1	1	1.0	1	2013	2	5	2	7.333333333	42	0	1	1	13129	3.2611111110000004	1.062777778	0.217777778	0.0	1.15	0.066666667	1	0.910555556	3.0	2.52	0.0	0.559182
24901	5373	0	2	3	3	1	5	0.0	1	2013	2	5	2	12.91666667	64	1	1	1	6252	1.458888889	0.575555556	0.1694444439999999	0.0	0.416666667	0.0	0	0.276111111	0.0	0.91	0.0	0.189135
24904	5374	0	2	4	3	1	1	1.0	1	2013	2	5	2	15.75	52	0	1	2	2707	0.7475	0.215	0.519444444	0.0	0.0861111109999999	0.0	0	0.167222222	1.5	0.52	0.0	0.196013
24913	5374	3	1	4	3	1	1	1.0	1	2013	2	5	2	9.766666667	22	1	1	2	2707	0.726944444	0.1838888889999999	0.2019444439999999	0.0	0.311388889	0.1166666669999999	1	0.152777778	3.0	0.5	0.0	0.150909
24919	5375	0	1	4	5	3	1	1.0	1	2013	2	5	2	13.83333333	43	1	1	1	16654	4.074166667	1.122222222	0.253333333	0.6333333329999999	0.08	0.416666667	3	0.6775	4.6	3.44	0.0	0.410414
24964	5383	3	0	1	3	6	5	0.0	1	2013	2	5	2	8.5	17	1	0	0	791	0.197222222	0.0502777779999999	0.149444444	0.0	0.033333333	0.0	0	0.081111111	0.0	0.22	0.0	0.10274
24976	5387	0	1	3	3	6	5	0.0	1	2013	2	5	2	22.5	64	0	0	0	2791	0.757222222	0.241111111	0.0875	0.0	0.258611111	0.1166666669999999	1	0.205277778	0.0	0.53	0.0	0.358593
24994	5392	1	0	3	3	6	5	0.0	1	2013	2	6	3	9.75	73	0	0	0	991	0.275833333	0.0897222219999999	0.061944444	0.0	0.085	0.0	0	0.106944444	0.0	0.23	0.0	0.4675319999999999
25010	5395	2	0	3	2	1	3	0.0	1	2013	2	6	3	8.5	15	0	0	1	1915	0.4683333329999999	0.190277778	0.11	0.0	0.156111111	0.0	0	0.181388889	0.0	0.45	0.0	0.509954
25015	5395	4	1	1	2	1	5	0.0	1	2013	2	6	3	15.58333333	5	0	0	1	649	0.267777778	0.076944444	0.1422222219999999	0.0	0.0288888889999999	0.0	0	0.0925	0.0	0.25	0.0	0.2702699999999999
25073	5408	1	1	4	5	1	4	0.5	1	2013	2	7	4	13.48333333	41	1	1	1	2923	0.709722222	0.221944444	0.2225	0.083333333	0.0	0.0	0	0.240277778	1.0	0.59	0.0	0.501734
25083	5409	1	0	4	2	2	1	1.0	1	2013	2	7	4	7.666666667	38	0	1	1	462	0.155833333	0.053055556	0.091388889	0.0	0.048888889	0.0	0	0.041388889	1.5	0.09	0.0	0.0
25088	5410	0	4	4	5	1	1	1.0	1	2013	2	7	4	15.35	32	1	1	1	1129	0.3225	0.0847222219999999	0.138611111	0.0	0.1030555559999999	0.0	0	0.085277778	1.5	0.26	0.0	0.0586318999999999
25123	5418	0	3	4	3	1	1	1.0	1	2013	2	8	5	10.5	41	1	1	2	1072	0.491388889	0.1447222219999999	0.240833333	0.0	0.083333333	0.0	0	0.12	1.5	0.35	0.0	0.0671296
25136	5419	1	3	3	3	6	1	1.0	1	2013	2	8	5	16.0	35	1	0	0	8083	2.025277778	0.682777778	0.263333333	0.5166666670000001	0.0	0.0	0	0.441111111	2.9	1.54	0.0	0.2733
25152	5421	2	0	3	1	1	1	1.0	1	2013	2	8	5	7.0	27	0	1	1	21043	5.013611111	1.513611111	0.120833333	0.5	0.131944444	0.368055556	3	1.210833333	11.6	3.77	10.5	0.578802
25167	5426	2	1	3	4	2	1	1.0	1	2013	2	8	5	17.0	23	0	1	1	13187	3.159166667	0.926944444	0.184722222	0.3833333329999999	0.0	0.166666667	2	0.893055556	2.8	1.98	0.0	0.470918
25192	5431	0	1	4	3	6	4	1.0	1	2013	2	8	5	16.88333333	22	1	1	0	990	0.243611111	0.076111111	0.093611111	0.0	0.083333333	0.0	0	0.103333333	1.5	0.21	10.5	0.516129
25225	5436	1	1	4	1	1	1	1.0	1	2013	2	8	5	22.5	24	0	1	1	3914	1.0125	0.337777778	0.228055556	0.0	0.3433333329999999	0.140277778	1	0.200833333	3.0	0.78	0.0	0.1756569999999999
25248	5444	0	0	1	3	6	1	1.0	1	2013	2	9	6	16.0	56	0	1	0	247	0.073055556	0.0302777779999999	0.031111111	0.0	0.0225	0.0	0	0.029722222	1.5	0.06	0.0	0.327103
25259	5450	1	0	3	1	6	1	1.0	1	2013	2	9	6	7.5	40	0	1	0	10071	2.356111111	0.694444444	0.074444444	0.0	0.675555556	0.066944444	1	0.421666667	3.0	1.42	0.0	0.423584
25265	5450	3	0	3	3	6	3	0.0	1	2013	2	9	6	13.83333333	15	0	0	0	2032	0.451944444	0.1072222219999999	0.045	0.0	0.195277778	0.0	0	0.138333333	0.0	0.32	0.0	0.5
25277	5452	1	1	3	3	6	1	1.0	1	2013	2	9	6	15.75	33	1	0	0	8120	2.156111111	0.6808333329999999	0.139444444	0.233333333	0.0	0.066666667	1	0.510555556	1.5	1.6	0.0	0.408052
25285	5453	0	5	3	3	1	1	1.0	1	2013	2	10	7	23.0	33	1	1	2	11735	2.7602777780000003	0.9525	0.316111111	0.233333333	0.0	0.0	0	0.494444444	2.8	2.11	0.0	0.266292
25322	5461	0	0	4	3	5	1	0.0	1	2013	2	10	7	13.5	62	0	1	2	3117	0.7697222220000001	0.326944444	0.087777778	0.0	0.133333333	0.0	0	0.131111111	0.0	0.59	0.0	0.148305
25339	5466	2	1	3	5	6	5	0.0	1	2013	2	11	1	8.5	6	0	0	0	552	0.164722222	0.061666667	0.096111111	0.0	0.016944444	0.0	0	0.049444444	0.0	0.11	0.0	0.140449
25341	5467	0	0	3	3	6	5	0.0	1	2013	2	11	1	11.0	32	0	1	0	6556	1.749166667	0.5841666670000001	0.083888889	0.0	0.6991666670000001	0.090833333	1	0.403888889	0.0	1.21	0.0	0.256534
25377	5476	1	0	3	3	6	5	0.0	1	2013	2	11	1	11.0	65	1	0	0	9489	2.234722222	0.691666667	0.118333333	0.4	0.0	0.066666667	1	0.436944444	0.0	1.38	0.0	0.639542
25393	5481	1	4	4	3	4	1	1.0	1	2013	2	11	1	18.01666667	32	0	1	2	2323	0.612222222	0.2225	0.1066666669999999	0.0	0.199166667	0.0	0	0.250833333	1.5	1.01	0.0	0.193798
25427	5489	0	0	2	3	1	5	0.0	1	2013	2	12	2	16.0	74	0	1	1	402	0.115277778	0.047777778	0.095555556	0.0	0.023055556	0.0	0	0.066666667	0.0	0.15	0.0	0.1333329999999999
25432	5490	1	2	4	4	1	1	1.0	1	2013	2	12	2	11.0	57	0	1	1	1574	0.457222222	0.173333333	0.192777778	0.083333333	0.0	0.0	0	0.173888889	2.4	0.41	0.0	0.364217
25490	5504	0	0	3	4	6	5	0.0	1	2013	2	13	3	12.75	67	1	0	0	3717	0.956944444	0.306944444	0.108055556	0.0	0.553888889	0.0	0	0.320555556	0.0	0.79	0.0	0.508666
25498	5508	0	1	4	4	1	1	1.0	1	2013	2	13	3	9.5	55	0	1	2	11604	2.561666667	0.796111111	0.1838888889999999	0.3	0.066666667	0.1166666669999999	1	0.495833333	4.1	2.05	0.0	0.514846
25499	5508	0	2	4	4	1	1	1.0	1	2013	2	13	3	10.33333333	55	0	1	2	5334	1.273611111	0.3533333329999999	0.121111111	0.0	0.375	0.0	0	0.258333333	1.5	0.91	0.0	0.355914
25500	5508	0	3	4	4	1	1	1.0	1	2013	2	13	3	11.5	55	0	1	2	6124	1.423888889	0.4302777779999999	0.123888889	0.0	0.456666667	0.15	1	0.205555556	3.0	0.91	0.0	0.313514
25571	5524	0	5	4	2	2	1	1.0	1	2013	2	15	5	17.2	50	1	1	1	3499	0.839722222	0.281111111	0.083333333	0.0	0.288333333	0.078333333	1	0.200277778	3.0	0.48	0.0	0.26491
25572	5524	0	7	4	3	2	1	1.0	1	2013	2	15	5	18.83333333	50	1	1	1	7039	1.853055556	0.6311111110000001	0.088055556	0.0	0.616944444	0.293055556	2	0.3313888889999999	4.5	1.14	0.0	0.359598
25573	5524	1	0	3	1	2	1	1.0	1	2013	2	15	5	8.0	50	0	1	1	8707	2.068055556	0.642222222	0.272777778	0.35	0.0	0.0	0	0.684722222	3.3	1.41	10.5	0.619067
25602	5527	2	1	3	1	2	1	1.0	1	2013	2	15	5	18.5	42	0	0	1	9020	2.09	0.6325	0.199166667	0.333333333	0.0	0.083333333	1	0.651388889	3.3	1.34	0.0	0.5513859999999999
25640	5538	0	1	1	1	6	1	1.0	1	2013	2	15	5	14.0	48	0	0	0	2645	0.626111111	0.2022222219999999	0.244722222	0.0	0.184722222	0.0	0	0.267777778	1.5	0.63	0.0	0.577801
25654	5541	1	1	3	5	1	1	1.0	1	2013	2	15	5	13.0	31	0	0	1	5591	1.4447222219999998	0.476388889	0.0861111109999999	0.0	0.698888889	0.124444444	1	0.328611111	3.0	1.19	0.0	0.255283
25688	5548	0	2	4	2	1	1	1.0	1	2013	2	15	5	14.25	42	0	1	2	2891	0.848888889	0.296666667	0.456944444	0.0	0.1	0.0	0	0.118888889	1.5	0.48	0.0	0.0864486
25698	5550	1	1	3	4	6	1	1.0	1	2013	2	15	5	18.0	32	0	1	0	1623	0.415555556	0.134166667	0.111388889	0.0	0.183333333	0.0	0	0.220277778	1.5	0.42	10.5	0.604035
25718	5555	1	4	4	3	2	1	1.0	1	2013	2	16	6	9.183333333	29	1	1	1	6341	1.496666667	0.453611111	0.168888889	0.166666667	0.098888889	0.1011111109999999	1	0.314166667	3.6	0.86	0.0	0.47038
25748	5559	1	1	1	3	1	1	1.0	1	2013	2	16	6	8.916666667000001	43	0	1	1	1119	0.2919444439999999	0.116944444	0.095555556	0.0	0.060277778	0.0	0	0.069722222	1.5	0.21	0.0	0.0239044
25759	5561	0	3	1	5	6	1	1.0	1	2013	2	16	6	12.51666667	29	0	0	0	492	0.120277778	0.056944444	0.039166667	0.0	0.0705555559999999	0.0	0	0.1011111109999999	1.5	0.19	10.5	0.384615
25760	5561	0	4	4	3	6	1	1.0	1	2013	2	16	6	17.01666667	29	0	0	0	4245	1.093888889	0.3825	0.3358333329999999	0.1166666669999999	0.0	0.0	0	0.3388888889999999	2.4	0.77	10.5	0.6450819999999999
25778	5565	1	0	3	3	2	1	1.0	1	2013	2	16	6	9.25	36	0	1	1	20152	4.5725	1.365	0.2044444439999999	0.6333333329999999	0.0	0.2666666669999999	2	0.8452777779999999	5.7	2.62	10.5	0.521525
25799	5571	0	0	4	3	1	1	1.0	1	2013	2	17	7	12.0	51	0	1	1	2537	0.638888889	0.193333333	0.186944444	0.0	0.162777778	0.0	0	0.192777778	1.5	0.49	0.0	0.298271
25801	5571	1	0	4	3	1	1	1.0	1	2013	2	17	7	12.0	51	1	1	1	2537	0.638888889	0.193333333	0.186944444	0.0	0.162777778	0.0	0	0.192777778	1.5	0.49	0.0	0.298271
25806	5572	1	1	1	3	6	1	1.0	1	2013	2	17	7	17.0	64	1	0	0	1066	0.260277778	0.079166667	0.108055556	0.016666667	0.0	0.0	0	0.067777778	1.5	0.18	0.0	0.0409836
25807	5573	0	0	3	3	2	1	1.0	1	2013	2	17	7	9.5	44	1	1	1	20134	4.740277778	1.415555556	0.123055556	0.65	0.064444444	0.483333333	2	0.7402777779999999	7.8	2.88	0.0	0.334334
25810	5573	0	3	1	5	2	1	1.0	1	2013	2	17	7	16.5	44	1	1	1	642	0.154444444	0.097222222	0.102777778	0.0	0.05	0.0	0	0.131388889	1.5	0.22	0.0	0.579281
25815	5573	1	3	1	5	2	1	1.0	1	2013	2	17	7	16.5	44	0	1	1	642	0.154444444	0.097222222	0.102777778	0.0	0.05	0.0	0	0.131388889	1.5	0.22	0.0	0.579281
25850	5579	2	0	4	3	1	3	0.0	1	2013	2	17	7	13.0	13	1	0	2	3346	0.845833333	0.2475	0.178333333	0.0	0.243333333	0.0	0	0.240555556	0.0	0.62	0.0	0.329099
25851	5579	2	1	4	3	1	3	0.0	1	2013	2	17	7	16.0	13	1	0	2	3346	0.835555556	0.250555556	0.1191666669999999	0.0	0.312777778	0.068333333	1	0.222777778	0.0	0.6	0.0	0.356608
25875	5584	2	1	3	3	1	2	0.0	1	2013	2	18	1	14.0	17	1	0	1	2624	0.590555556	0.158333333	0.2119444439999999	0.066666667	0.0	0.0	0	0.121944444	0.75	0.39	0.0	0.191344
25899	5590	0	0	4	3	1	1	1.0	1	2013	2	18	1	15.0	41	0	1	2	2383	0.615833333	0.185555556	0.108611111	0.0	0.257777778	0.0	0	0.180555556	1.5	0.55	0.0	0.149231
25933	5597	1	1	3	5	6	2	0.0	1	2013	2	19	2	15.66666667	17	1	0	0	565	0.158611111	0.048611111	0.063055556	0.0	0.05	0.0	0	0.0511111109999999	0.0	0.11	0.0	0.163043
25949	5600	0	2	4	3	1	1	1.0	1	2013	2	19	2	15.75	45	0	1	2	7670	1.887222222	0.592777778	0.191944444	0.083333333	0.49	0.2	2	0.480833333	4.7	1.65	0.0	0.3362219999999999
25953	5600	2	0	4	3	1	5	0.0	1	2013	2	19	2	15.75	7	1	0	2	7670	1.887222222	0.592777778	0.191944444	0.083333333	0.49	0.2	2	0.480833333	0.0	1.65	0.0	0.3362219999999999
25954	5600	2	1	4	3	1	5	0.0	1	2013	2	19	2	18.0	7	1	0	2	7670	1.874722222	0.659444444	0.169722222	0.0	0.791666667	0.15	1	0.488333333	0.0	1.37	0.0	0.484073
26007	5609	0	0	3	1	1	1	1.0	1	2013	2	20	3	9.0	36	1	1	1	5391	1.3186111109999998	0.436111111	0.195555556	0.166666667	0.0	0.0	0	0.4575	2.9	1.12	10.5	0.7862779999999999
26025	5613	3	0	3	1	1	1	1.0	1	2013	2	20	3	7.0	32	0	1	2	23470	5.278055556	1.6905555559999998	0.108888889	0.6333333329999999	0.283333333	0.1166666669999999	1	1.2036111109999998	6.2	3.61	10.5	0.786291
26056	5619	0	2	1	5	1	5	0.0	1	2013	2	20	3	14.83333333	40	0	1	2	467	0.1325	0.056666667	0.0611111109999999	0.0	0.098611111	0.0	0	0.1397222219999999	0.0	0.27	10.5	0.574553
26090	5626	1	0	4	3	1	5	0.0	1	2013	2	21	4	14.0	62	1	1	2	1664	0.415277778	0.1072222219999999	0.349722222	0.0	0.095	0.0	0	0.1005555559999999	0.0	0.33	0.0	0.198895
26099	5630	0	0	3	3	1	1	1.0	1	2013	2	21	4	15.5	29	1	1	1	1969	0.553611111	0.216944444	0.069444444	0.0	0.2872222219999999	0.0	0	0.208888889	1.5	0.47	0.0	0.571809
26103	5630	1	3	3	1	1	1	1.0	1	2013	2	21	4	19.0	34	0	1	1	9488	2.169444444	0.753055556	0.1397222219999999	0.433333333	0.0	0.0	0	0.651111111	2.4	1.64	0.0	0.769625
26104	5631	0	0	4	3	1	5	0.0	1	2013	2	21	4	10.0	84	1	1	2	889	0.2463888889999999	0.087777778	0.199722222	0.0	0.016111111	0.0	0	0.096944444	0.0	0.24	0.0	0.0601719
26108	5632	0	3	2	3	1	5	0.0	1	2013	2	21	4	16.0	62	1	1	1	2083	0.540555556	0.1566666669999999	0.1066666669999999	0.0	0.273055556	0.079444444	1	0.192222222	0.0	0.52	0.0	0.177746
26126	5640	0	1	1	3	6	5	0.0	1	2013	2	21	4	17.26666667	67	1	0	0	668	0.1591666669999999	0.045277778	0.073888889	0.0	0.031666667	0.0	0	0.0608333329999999	0.0	0.12	0.0	0.442922
26127	5641	0	0	3	3	1	1	1.0	1	2013	2	21	4	15.0	41	0	1	1	13725	3.256944444	1.013055556	0.1225	0.566666667	0.210555556	0.166666667	2	0.700277778	4.3	2.19	10.5	0.552162
26157	5649	0	1	4	5	2	1	1.0	1	2013	2	22	5	11.0	52	1	1	1	407	0.095277778	0.030555556	0.0358333329999999	0.0	0.018611111	0.0	0	0.0302777779999999	1.5	0.06	0.0	0.321101
26190	5652	3	0	4	3	1	3	0.0	1	2013	2	22	5	9.5	12	0	0	2	3544	0.8897222220000001	0.319166667	0.181388889	0.0	0.3952777779999999	0.0	0	0.291111111	0.0	0.83	0.0	0.221374
26194	5652	3	4	4	3	1	3	0.0	1	2013	2	22	5	14.0	12	0	0	2	669	0.2469444439999999	0.0611111109999999	0.1591666669999999	0.0	0.0269444439999999	0.0	0	0.0625	0.0	0.19	0.0	0.0888888999999999
26206	5656	1	1	3	3	1	1	1.0	1	2013	2	22	5	14.25	49	1	1	2	1512	0.402222222	0.134166667	0.078611111	0.0	0.218611111	0.111944444	1	0.127222222	3.0	0.35	0.0	0.4585149999999999
26260	5670	1	2	4	3	1	1	1.0	1	2013	2	23	6	16.16666667	61	0	1	1	7651	1.873888889	0.658888889	0.4694444439999999	0.15	0.0	0.0	0	0.254444444	1.5	1.35	0.0	0.203057
26284	5675	1	0	4	3	2	1	1.0	1	2013	2	23	6	6.75	57	0	1	2	1306	0.389722222	0.122777778	0.184722222	0.0	0.059166667	0.0	0	0.066111111	1.5	0.23	0.0	0.0462185
26296	5676	3	1	4	3	2	3	0.0	1	2013	2	23	6	11.0	11	0	0	2	6243	1.470833333	0.6175	0.376388889	0.0	0.375833333	0.1575	1	0.463055556	0.0	1.29	0.0	0.317337
26317	5681	0	1	4	3	2	1	0.0	1	2013	2	24	7	13.0	70	0	1	2	5622	1.534444444	0.467777778	0.1422222219999999	0.0	0.5166666670000001	0.233333333	1	0.269444444	0.0	0.83	0.0	0.1
26330	5686	0	0	3	3	1	5	0.0	1	2013	2	24	7	10.0	70	0	0	1	4631	1.086111111	0.3777777779999999	0.273333333	0.15	0.0	0.0	0	0.3275	0.0	0.82	0.0	0.575064
26345	5689	0	2	4	3	2	1	1.0	1	2013	2	24	7	15.75	42	0	1	1	1353	0.334166667	0.1175	0.114166667	0.0	0.05	0.0	0	0.0991666669999999	1.5	0.21	0.0	0.0784314
26346	5689	0	3	4	3	2	1	1.0	1	2013	2	24	7	15.88333333	42	0	1	1	1353	0.317777778	0.0925	0.128333333	0.0	0.05	0.0	0	0.096666667	1.5	0.2	0.0	0.112069
26351	5690	0	2	4	3	1	5	0.0	1	2013	2	25	1	16.0	70	0	1	2	2848	0.7727777779999999	0.260555556	0.120833333	0.0	0.308888889	0.0	0	0.175833333	0.0	0.51	0.0	0.0331754
26353	5691	0	1	4	1	2	1	1.0	1	2013	2	25	1	16.0	48	0	1	1	10908	2.460833333	0.7869444440000001	0.1844444439999999	0.15	0.401111111	0.2469444439999999	2	0.693333333	4.7	1.54	0.0	0.45633
26356	5692	0	0	3	3	6	5	0.0	1	2013	2	25	1	14.0	74	1	1	0	1027	0.274722222	0.1005555559999999	0.192777778	0.0	0.036111111	0.0	0	0.097222222	0.0	0.23	0.0	0.174286
26358	5693	0	0	4	3	2	1	1.0	1	2013	2	25	1	16.0	47	0	0	1	7210	1.7275	0.529166667	0.259444444	0.0	0.72	0.0	0	0.567777778	1.5	1.27	0.0	0.2954989999999999
26361	5693	1	1	4	3	2	1	1.0	1	2013	2	25	1	17.33333333	62	0	1	1	7210	1.723888889	0.4719444439999999	0.121111111	0.233333333	0.280555556	0.15	1	0.465	4.1	1.06	0.0	0.5812430000000001
26370	5696	0	0	3	1	6	1	1.0	1	2013	2	25	1	7.5	30	0	1	0	3754	0.928333333	0.344166667	0.2075	0.1	0.0	0.0	0	0.330833333	2.9	0.67	10.5	0.585222
26392	5700	0	1	4	4	1	1	1.0	1	2013	2	26	2	10.5	28	1	1	2	832	0.406666667	0.153055556	0.228333333	0.033333333	0.0	0.0	0	0.082777778	1.5	0.27	0.0	0.1073829999999999
26406	5703	1	5	4	3	1	5	0.0	1	2013	2	26	2	12.0	70	1	1	1	2742	0.695	0.243333333	0.1222222219999999	0.0	0.1913888889999999	0.0	0	0.157222222	0.0	0.51	0.0	0.261484
26435	5709	1	1	4	5	1	1	1.0	1	2013	2	26	2	16.75	40	1	1	2	8990	2.245	0.7405555559999999	0.2075	0.0	0.7294444440000001	0.170555556	1	0.6022222220000001	3.0	1.77	0.0	0.3496309999999999
26475	5717	0	2	4	2	1	1	1.0	1	2013	2	27	3	15.5	43	1	1	2	1610	0.4083333329999999	0.098611111	0.1866666669999999	0.0	0.105833333	0.0	0	0.149444444	1.5	0.39	0.0	0.312268
26500	5721	4	0	1	2	1	3	0.0	1	2013	2	27	3	7.75	13	0	0	1	1609	0.3958333329999999	0.128055556	0.241666667	0.0	0.125277778	0.0	0	0.130555556	0.0	0.35	0.0	0.1489359999999999
26511	5723	0	0	3	1	6	1	1.0	1	2013	2	27	3	7.5	20	1	0	0	2344	0.54	0.172777778	0.070277778	0.0	0.157222222	0.0	0	0.146666667	1.5	0.36	0.0	0.371212
26518	5725	1	3	3	3	2	1	1.0	1	2013	2	27	3	19.25	42	1	1	1	2771	0.718333333	0.209166667	0.325833333	0.0	0.1030555559999999	0.0	0	0.165833333	1.5	0.42	0.0	0.256281
26529	5727	0	1	1	3	6	1	1.0	1	2013	2	27	3	9.433333333	58	0	0	0	806	0.189722222	0.072222222	0.098611111	0.0	0.0475	0.0	0	0.0861111109999999	1.5	0.16	0.0	0.135484
26538	5728	1	0	2	1	6	1	1.0	1	2013	2	27	3	7.75	35	0	1	0	1773	0.439166667	0.148055556	0.219444444	0.016666667	0.0	0.0	0	0.1436111109999999	2.4	0.34	10.5	0.603482
26567	5735	3	1	4	3	2	1	1.0	1	2013	2	27	3	18.75	18	0	1	1	2078	0.553333333	0.138611111	0.071666667	0.0	0.320277778	0.0	0	0.156388889	1.5	0.41	0.0	0.17762
26608	5746	0	0	3	3	6	5	0.0	1	2013	2	28	4	9.5	74	1	0	0	20667	4.587777778	1.339444444	0.135833333	0.25	0.420833333	0.141666667	1	0.7988888890000001	0.0	2.92	0.0	0.41516
26621	5748	1	3	1	2	1	1	0.0	1	2013	3	1	5	15.0	35	1	1	1	313	0.093333333	0.058888889	0.0475	0.0	0.0502777779999999	0.0	0	0.017777778	0.0	0.05	0.0	0.0
26625	5749	1	0	3	1	6	1	1.0	1	2013	3	1	5	7.833333333	44	1	1	0	17244	3.924444444	1.208055556	0.341111111	0.583333333	0.0	0.1	1	0.902222222	5.09	2.93	10.5	0.5775859999999999
26638	5752	1	0	4	3	2	1	1.0	1	2013	3	1	5	21.0	60	0	1	1	2529	0.6361111110000001	0.24	0.120277778	0.1	0.0	0.0	0	0.217222222	2.4	0.52	0.0	0.667519
26640	5753	0	1	1	5	6	1	1.0	1	2013	3	1	5	17.0	25	1	0	0	761	0.178055556	0.069444444	0.07	0.0	0.068055556	0.0	0	0.039722222	1.5	0.11	0.0	0.0909091
26644	5754	0	2	4	3	1	5	0.0	1	2013	3	1	5	11.0	66	1	1	2	917	0.293333333	0.121944444	0.146944444	0.0	0.05	0.0	0	0.125	0.0	0.3	0.0	0.3422219999999999
26646	5754	0	4	4	3	1	5	0.0	1	2013	3	1	5	15.5	66	1	1	2	3400	0.8372222220000001	0.2763888889999999	0.075	0.0	0.418611111	0.0	0	0.285277778	0.0	0.68	0.0	0.4479069999999999
26655	5757	0	1	4	5	2	5	0.0	1	2013	3	1	5	7.033333333	48	0	1	2	3965	0.8655555559999999	0.238055556	0.045277778	0.0	0.321388889	0.0	0	0.2469444439999999	0.0	0.59	0.0	0.233971
26659	5757	1	1	1	5	2	5	0.0	1	2013	3	1	5	7.166666667	34	1	0	2	984	0.273055556	0.101388889	0.182222222	0.0	0.058888889	0.0	0	0.130555556	0.0	0.37	0.0	0.353191
26673	5760	0	0	3	3	6	1	1.0	1	2013	3	1	5	8.5	29	1	0	0	1503	0.404722222	0.130555556	0.166388889	0.0	0.1291666669999999	0.0	0	0.165	1.5	0.48	0.0	0.420875
26699	5766	0	3	4	3	6	5	0.0	1	2013	3	2	6	14.16666667	66	1	0	0	1981	0.5527777779999999	0.190277778	0.163055556	0.0	0.13	0.0	0	0.1916666669999999	0.0	0.49	0.0	0.163768
26723	5772	0	2	4	3	1	1	1.0	1	2013	3	3	7	15.0	58	1	1	1	12434	3.019166667	0.945277778	0.369444444	0.0	0.767777778	0.0	0	0.541111111	1.5	3.52	0.0	0.13963
26744	5774	0	3	4	3	1	5	0.0	1	2013	3	3	7	12.18333333	68	1	1	2	897	0.280833333	0.075555556	0.179722222	0.0	0.07	0.0	0	0.08	0.0	0.23	0.0	0.100694
26751	5776	0	5	2	3	1	1	1.0	1	2013	3	3	7	16.9	36	0	1	1	2226	0.485	0.162222222	0.09	0.0	0.168888889	0.0	0	0.185555556	1.5	0.41	0.0	0.458084
26757	5777	1	0	1	3	6	1	1.0	1	2013	3	3	7	11.5	36	1	1	0	2258	0.604444444	0.203888889	0.197222222	0.0	0.193055556	0.0	0	0.205555556	1.5	0.46	0.0	0.291892
26758	5777	1	2	1	5	6	1	1.0	1	2013	3	3	7	16.25	36	1	1	0	735	0.153333333	0.050833333	0.036388889	0.0	0.066666667	0.0	0	0.056111111	1.5	0.11	0.0	0.3910889999999999
26775	5780	1	1	4	3	2	5	0.0	1	2013	3	3	7	16.33333333	67	0	1	1	18577	4.410277778	1.438888889	0.425555556	0.0	1.224166667	0.185277778	1	0.7938888890000001	0.0	2.69	0.0	0.354444
26784	5784	0	0	4	3	1	1	0.5	1	2013	3	3	7	11.0	51	1	1	2	1963	0.508888889	0.1825	0.115833333	0.0	0.173888889	0.0	0	0.203888889	0.75	0.58	0.0	0.213896
26815	5795	0	1	3	3	6	5	0.0	1	2013	3	4	1	12.83333333	64	0	0	0	3385	0.825277778	0.315833333	0.067777778	0.0	0.477777778	0.0	0	0.265	0.0	0.93	0.0	0.455975
26824	5799	1	0	3	3	6	5	0.0	1	2013	3	5	2	8.166666667000001	69	0	0	0	1857	0.465277778	0.164444444	0.165277778	0.0	0.12	0.0	0	0.211388889	0.0	0.41	0.0	0.775296
26825	5799	1	1	3	3	6	5	0.0	1	2013	3	5	2	10.83333333	69	0	0	0	1857	0.459166667	0.161944444	0.235277778	0.0	0.158333333	0.0	0	0.141666667	0.0	0.34	0.0	0.472549
26848	5805	0	2	1	3	6	1	1.0	1	2013	3	5	2	15.91666667	50	1	0	0	716	0.194722222	0.075	0.139166667	0.0	0.066666667	0.0	0	0.096388889	1.5	0.23	10.5	0.602305
26853	5806	0	0	1	1	6	1	1.0	1	2013	3	5	2	8.5	51	1	1	2	849	0.271944444	0.078888889	0.12	0.0	0.066666667	0.0	0	0.0841666669999999	1.5	0.19	0.0	0.194719
26860	5806	3	0	3	2	1	2	0.0	1	2013	3	5	2	7.916666667	16	1	0	2	1824	0.510555556	0.1925	0.156944444	0.0	0.26	0.0	0	0.195833333	0.0	0.55	0.0	0.209929
26863	5806	3	4	4	3	1	2	0.0	1	2013	3	5	2	20.36666667	16	1	0	2	229	0.120277778	0.035555556	0.0872222219999999	0.0	0.022222222	0.0	0	0.046388889	0.0	0.1	0.0	0.131737
26865	5806	4	1	3	5	1	3	0.0	1	2013	3	5	2	15.41666667	12	0	0	2	6678	1.611388889	0.611666667	0.065277778	0.0	0.7897222220000001	0.1166666669999999	1	0.506388889	0.0	1.28	0.0	0.362041
26882	5809	1	2	2	4	1	1	1.0	1	2013	3	6	3	10.5	56	0	1	1	1383	0.3727777779999999	0.170833333	0.111111111	0.0	0.145833333	0.0	0	0.1216666669999999	1.5	0.29	0.0	0.285388
26890	5809	3	0	4	3	1	1	1.0	1	2013	3	6	3	13.0	18	1	1	1	1504	0.398611111	0.190833333	0.0991666669999999	0.0	0.145833333	0.0	0	0.150833333	1.5	0.33	0.0	0.296501
26910	5812	2	4	4	5	1	1	1.0	1	2013	3	6	3	18.18333333	28	0	1	1	1110	0.298611111	0.086944444	0.035	0.0	0.133333333	0.0	0	0.1266666669999999	1.5	0.32	0.0	0.554825
26925	5814	0	0	1	3	1	1	1.0	1	2013	3	6	3	10.5	48	1	1	1	2036	0.653333333	0.2069444439999999	0.248055556	0.0	0.194166667	0.0	0	0.159722222	1.5	0.58	0.0	0.175652
26934	5814	1	1	4	3	1	1	1.0	1	2013	3	6	3	13.0	24	1	1	1	2036	0.639166667	0.192222222	0.2319444439999999	0.0	0.183333333	0.0	0	0.1844444439999999	1.5	0.56	0.0	0.1837349999999999
26939	5815	0	1	4	3	1	5	0.0	1	2013	3	6	3	16.0	30	1	0	1	783	0.2444444439999999	0.076944444	0.075833333	0.0	0.1	0.0	0	0.073888889	0.0	0.19	0.0	0.120301
26960	5818	3	1	1	2	6	3	0.0	1	2013	3	6	3	15.66666667	15	1	0	0	892	0.296666667	0.104444444	0.165555556	0.0	0.088888889	0.0	0	0.123333333	0.0	0.26	0.0	0.108108
26993	5827	0	1	3	5	1	1	1.0	1	2013	3	8	5	18.25	41	0	1	1	16685	3.956388889	1.340833333	0.070277778	0.433333333	0.0	0.1166666669999999	1	0.93	4.7	2.92	0.0	0.589307
27019	5832	1	1	1	5	1	1	1.0	1	2013	3	8	5	12.5	52	0	0	1	574	0.159444444	0.0536111109999999	0.1011111109999999	0.0	0.024166667	0.0	0	0.064722222	1.5	0.15	0.0	0.351931
27022	5832	1	4	1	5	1	1	1.0	1	2013	3	8	5	15.5	52	0	0	1	500	0.138611111	0.048888889	0.075	0.0	0.019722222	0.0	0	0.037777778	1.5	0.1	0.0	0.161765
27023	5832	1	5	1	1	1	1	1.0	1	2013	3	8	5	17.5	52	0	0	1	455	0.1775	0.0575	0.1191666669999999	0.0	0.024166667	0.0	0	0.059722222	1.5	0.14	0.0	0.390698
27089	5849	0	2	1	5	5	1	1.0	1	2013	3	10	7	12.76666667	33	0	1	1	1734	0.471111111	0.141666667	0.142777778	0.0	0.163888889	0.0	0	0.1255555559999999	1.5	0.43	0.0	0.331858
27123	5857	0	2	4	5	1	1	1.0	1	2013	3	11	1	13.83333333	36	1	1	1	445	0.118333333	0.040555556	0.065	0.0	0.018055556	0.0	0	0.036944444	1.5	0.1	0.0	0.218045
27139	5860	2	1	3	2	1	3	0.0	1	2013	3	12	2	15.0	14	0	0	1	4457	1.075833333	0.304722222	0.1819444439999999	0.0	0.4013888889999999	0.08	1	0.307222222	0.0	0.86	0.0	0.283906
27143	5861	0	0	4	2	6	1	1.0	1	2013	3	12	2	10.0	39	1	1	2	1412	0.357777778	0.098611111	0.220277778	0.0	0.016666667	0.0	0	0.082777778	1.5	0.25	0.0	0.0369128
27160	5867	0	0	3	1	1	1	1.0	1	2013	3	13	3	6.833333333	33	1	1	2	11944	2.9255555560000004	0.806666667	0.231111111	0.2166666669999999	0.593888889	0.1005555559999999	1	0.762222222	4.4	2.11	10.5	0.656706
27181	5874	0	1	3	4	6	1	1.0	1	2013	3	14	4	15.0	23	0	1	0	10748	2.471388889	0.775833333	0.0875	0.45	0.0	0.1166666669999999	1	0.6577777779999999	2.8	1.65	10.5	0.626689
27185	5875	0	2	3	3	6	1	0.0	1	2013	3	14	4	15.5	34	1	1	0	2465	0.665	0.233611111	0.271111111	0.083333333	0.0	0.0	0	0.322777778	1.5	0.64	0.0	0.390706
27238	5883	1	4	4	3	1	5	0.0	1	2013	3	15	5	22.0	79	1	1	1	5260	1.449444444	0.409722222	0.282777778	0.0	0.452222222	0.1866666669999999	1	0.310277778	0.0	1.06	0.0	0.125336
27239	5884	0	0	3	1	6	1	1.0	1	2013	3	15	5	6.5	44	1	0	0	6482	1.461388889	0.540555556	0.226666667	0.2666666669999999	0.0	0.0	0	0.483611111	2.9	1.22	0.0	0.6295229999999999
27243	5884	2	0	3	1	6	2	0.0	1	2013	3	15	5	12.0	16	1	0	0	6482	1.461388889	0.540555556	0.226666667	0.2666666669999999	0.0	0.0	0	0.656111111	1.2	1.37	10.5	0.776884
27247	5885	0	2	4	3	2	1	1.0	1	2013	3	15	5	12.0	54	0	1	2	1047	0.295	0.1	0.1447222219999999	0.0	0.088888889	0.0	0	0.108888889	1.5	0.2	0.0	0.137755
27256	5887	0	1	3	5	6	1	1.0	1	2013	3	16	6	16.01666667	30	0	1	0	5106	1.154444444	0.449444444	0.093333333	0.1166666669999999	0.15	0.083333333	1	0.378888889	3.9	0.8	10.5	0.578446
27283	5891	0	3	3	3	6	1	1.0	1	2013	3	17	7	18.0	29	0	0	0	1825	0.465	0.156111111	0.274166667	0.0	0.103888889	0.0	0	0.170833333	1.5	0.37	0.0	0.422764
27297	5892	4	1	1	3	6	4	1.0	1	2013	3	17	7	14.5	21	1	0	0	2496	0.641944444	0.214722222	0.108888889	0.0	0.206666667	0.0	0	0.224166667	1.5	0.49	0.0	0.5762079999999999
27315	5896	1	2	4	4	1	1	1.0	1	2013	3	18	1	9.666666667	50	0	1	2	1137	0.280555556	0.095277778	0.103333333	0.0	0.083333333	0.0	0	0.076666667	1.5	0.22	0.0	0.0833333
27338	5902	0	9	4	3	2	1	1.0	1	2013	3	19	2	19.0	45	1	1	2	4025	1.1905555559999998	0.3775	0.151944444	0.0	0.323611111	0.0	0	0.253611111	1.5	0.75	0.0	0.1916759999999999
27357	5906	2	0	2	3	1	1	1.0	1	2013	3	20	3	17.5	34	0	1	1	9813	2.294444444	0.791666667	0.125	0.433333333	0.258333333	0.083333333	1	0.653611111	3.9	2.01	0.0	0.764556
27365	5908	0	2	4	4	1	1	1.0	1	2013	3	21	4	8.833333332999999	38	1	1	2	1288	0.415	0.1325	0.157777778	0.0	0.1325	0.0	0	0.140555556	1.5	0.38	0.0	0.1917
27398	5913	0	0	2	1	1	1	1.0	1	2013	3	22	5	9.25	43	0	1	1	490	0.139166667	0.039722222	0.081388889	0.0	0.033333333	0.0	0	0.0511111109999999	1.5	0.13	0.0	0.108696
27409	5917	1	0	1	2	6	4	1.0	1	2013	3	22	5	8.583333332999999	32	1	0	0	526	0.181666667	0.051666667	0.1047222219999999	0.0	0.033333333	0.0	0	0.050833333	1.5	0.13	0.0	0.0710383
27452	5927	0	1	2	1	1	1	1.0	1	2013	3	25	1	19.5	29	0	1	2	1826	0.503611111	0.203611111	0.0866666669999999	0.0	0.2	0.0	0	0.151944444	1.5	0.4	0.0	0.767824
27466	5928	2	4	3	3	6	3	0.0	1	2013	3	25	1	18.0	15	1	0	0	3159	0.8361111109999999	0.300555556	0.046666667	0.0	0.393055556	0.0	0	0.273333333	0.0	0.6	10.5	0.54065
27468	5929	0	0	3	3	6	1	1.0	1	2013	3	26	2	8.0	45	1	0	0	11609	2.810555556	0.826666667	0.110555556	0.416666667	0.218333333	0.2663888889999999	1	0.7263888890000001	4.8	1.88	10.5	0.665774
27487	5935	0	3	3	3	6	5	0.0	2	2013	4	1	1	15.75	75	1	0	0	5451	1.3608333330000002	0.456111111	0.078611111	0.25	0.137222222	0.166666667	1	0.424166667	0.0	1.37	0.0	0.578913
27489	5936	0	1	3	5	1	1	1.0	2	2013	4	1	1	14.5	41	1	1	1	6694	1.655833333	0.6180555560000001	0.058333333	0.3	0.0	0.15	1	0.4069444439999999	3.0	1.29	0.0	0.4170649999999999
27490	5936	1	0	4	3	1	1	1.0	2	2013	4	1	1	13.83333333	41	0	1	1	10316	2.383888889	0.817777778	0.088888889	0.15	0.7727777779999999	0.1772222219999999	2	0.566666667	4.5	1.84	0.0	0.546569
27503	5940	0	3	4	3	3	5	0.0	2	2013	4	1	1	18.0	61	0	1	1	760	0.222777778	0.052777778	0.1255555559999999	0.0	0.066666667	0.0	0	0.0625	0.0	0.17	0.0	0.1111109999999999
27526	5945	0	1	4	4	2	1	1.0	2	2013	4	2	2	11.0	28	0	1	1	4428	1.127222222	0.421388889	0.081666667	0.2	0.0	0.0	0	0.179722222	1.5	0.62	0.0	0.162287
27533	5946	1	1	3	3	6	3	0.0	2	2013	4	2	2	11.66666667	14	1	0	0	1478	0.427777778	0.1172222219999999	0.029444444	0.0	0.1675	0.0	0	0.111388889	0.0	0.29	0.0	0.187032
27578	5957	5	1	4	5	1	5	0.0	2	2013	4	3	3	12.0	8	0	0	1	2061	0.525833333	0.198055556	0.184166667	0.033333333	0.0	0.0	0	0.243055556	0.0	0.62	0.0	0.313143
27579	5957	5	2	4	3	1	5	0.0	2	2013	4	3	3	14.5	8	0	0	1	4637	1.277777778	0.4083333329999999	0.2094444439999999	0.4	0.0	0.133333333	1	0.3952777779999999	0.0	1.15	0.0	0.3492619999999999
27605	5964	0	1	3	1	1	1	1.0	2	2013	4	4	4	18.0	30	0	1	1	2767	0.6425	0.170277778	0.131944444	0.0	0.296388889	0.0	0	0.238333333	1.5	0.61	0.0	0.2983679999999999
27641	5976	2	1	4	1	2	1	1.0	2	2013	4	4	4	18.75	29	0	1	1	11696	2.794166667	0.875	0.178611111	0.3833333329999999	0.366666667	0.1	1	0.6719444440000001	4.8	1.72	0.0	0.535345
27643	5977	0	1	4	1	1	1	1.0	2	2013	4	4	4	16.0	42	0	1	2	7616	1.7955555559999998	0.608055556	0.262222222	0.166666667	0.083333333	0.15	1	0.409722222	3.2	1.22	0.0	0.361356
27695	5991	0	0	4	3	1	5	0.0	2	2013	4	5	5	11.5	79	1	1	2	17057	4.123611111000001	1.333888889	0.349166667	0.0	1.230555556	0.371111111	2	0.527222222	0.0	2.72	0.0	0.203899
27708	5994	1	1	3	1	2	1	1.0	2	2013	4	6	6	19.0	48	1	1	1	5585	1.390555556	0.461111111	0.074166667	0.0	0.619444444	0.083333333	1	0.410555556	3.0	0.93	0.0	0.404601
27713	5996	0	0	4	3	1	5	0.0	2	2013	4	6	6	15.0	91	1	1	2	10991	2.78	0.87	0.137777778	0.0	0.6725	0.1180555559999999	1	0.3775	0.0	1.57	0.0	0.0986018999999999
27717	5997	0	3	4	3	1	5	0.0	2	2013	4	6	6	16.0	73	0	1	1	1081	0.288055556	0.096666667	0.071944444	0.0	0.05	0.0	0	0.052222222	0.0	0.19	0.0	0.0904255
27721	5997	1	2	4	3	1	5	0.0	2	2013	4	6	6	10.25	73	1	1	1	2190	0.503611111	0.138055556	0.037222222	0.0	0.133333333	0.0	0	0.107777778	0.0	0.34	0.0	0.2036079999999999
27723	5997	1	4	4	5	1	5	0.0	2	2013	4	6	6	16.25	73	1	1	1	851	0.259722222	0.076111111	0.175277778	0.0	0.021666667	0.0	0	0.0502777779999999	0.0	0.17	0.0	0.0939227
27759	6002	0	1	4	5	1	1	1.0	2	2013	4	6	6	13.66666667	41	0	1	2	1042	0.295277778	0.101388889	0.208611111	0.0	0.025	0.0	0	0.096388889	1.5	0.24	0.0	0.21902
27761	6002	0	4	4	3	1	1	1.0	2	2013	4	6	6	22.16666667	41	0	1	2	7930	1.837222222	0.504444444	0.227777778	0.283333333	0.1222222219999999	0.166666667	1	0.366111111	3.0	1.38	0.0	0.22003
27770	6002	2	0	4	3	1	3	0.0	2	2013	4	6	6	13.5	13	0	0	2	1475	0.371388889	0.1155555559999999	0.287777778	0.016666667	0.0	0.0	0	0.131944444	0.75	0.36	0.0	0.145263
27806	6007	0	1	1	3	6	5	0.0	2	2013	4	6	6	18.2	25	0	0	0	586	0.196944444	0.071666667	0.0511111109999999	0.0	0.044444444	0.0	0	0.0891666669999999	0.0	0.21	0.0	0.28972
27808	6008	1	0	1	3	2	1	1.0	2	2013	4	6	6	13.5	46	1	1	1	355	0.124166667	0.075277778	0.045555556	0.0	0.022777778	0.0	0	0.063055556	1.5	0.15	0.0	0.101322
27813	6009	0	1	4	3	1	1	1.0	2	2013	4	6	6	13.18333333	53	1	1	1	2866	0.762777778	0.2638888889999999	0.3363888889999999	0.083333333	0.0	0.0	0	0.236666667	1.5	0.61	0.0	0.4143189999999999
27832	6013	1	5	1	5	6	1	1.0	2	2013	4	6	6	16.0	30	0	1	1	463	0.126944444	0.048888889	0.0611111109999999	0.016666667	0.0	0.0	0	0.053333333	2.4	0.1	10.5	0.546875
27834	6014	0	3	4	3	1	5	0.0	2	2013	4	7	7	14.66666667	66	0	1	1	1425	0.38	0.1075	0.064444444	0.0	0.111111111	0.0	0	0.093333333	0.0	0.28	0.0	0.0654762
27835	6014	0	4	4	3	1	5	0.0	2	2013	4	7	7	17.66666667	66	0	1	1	1425	0.373055556	0.090555556	0.070833333	0.0	0.093888889	0.0	0	0.088055556	0.0	0.28	0.0	0.044164
27864	6023	2	1	4	5	1	1	1.0	2	2013	4	7	7	20.16666667	24	0	0	1	1535	0.430833333	0.1225	0.115277778	0.0	0.056666667	0.0	0	0.0847222219999999	1.5	0.28	0.0	0.0557376999999999
27868	6024	3	0	4	3	1	1	1.0	2	2013	4	7	7	12.0	22	1	1	1	23272	5.1902777780000005	1.529722222	0.253611111	0.666666667	0.0	0.233333333	1	1.073055556	2.6	3.73	0.0	0.5267930000000001
27884	6030	0	0	4	3	2	1	1.0	2	2013	4	7	7	15.0	33	0	1	1	2820	0.663888889	0.214166667	0.062222222	0.0	0.187222222	0.0627777779999999	1	0.1591666669999999	3.0	0.39	0.0	0.233857
27912	6038	0	3	2	3	6	1	1.0	2	2013	4	8	1	19.0	48	0	1	0	2714	0.633888889	0.240555556	0.103888889	0.0	0.297777778	0.0	0	0.1866666669999999	1.5	0.46	0.0	0.25744
27944	6050	0	0	4	3	2	1	1.0	2	2013	4	9	2	18.5	40	0	1	2	6809	1.6833333330000002	0.470277778	0.143888889	0.2	0.2166666669999999	0.066666667	1	0.449722222	3.2	1.15	0.0	0.4373069999999999
27979	6058	1	3	4	3	2	1	1.0	2	2013	4	9	2	17.06666667	19	1	0	1	2004	0.513888889	0.161666667	0.1172222219999999	0.0	0.25	0.1	1	0.105555556	3.0	0.29	0.0	0.436842
28008	6064	5	0	1	3	1	5	0.0	2	2013	4	10	3	14.0	9	0	0	2	455	0.194722222	0.045	0.045277778	0.0	0.036111111	0.0	0	0.014722222	0.0	0.06	0.0	0.245283
28028	6068	1	2	4	3	2	5	0.0	2	2013	4	10	3	12.5	69	1	1	1	985	0.315	0.105277778	0.216944444	0.0	0.030555556	0.0	0	0.083055556	0.0	0.2	0.0	0.100334
28029	6068	1	3	4	3	2	5	0.0	2	2013	4	10	3	12.83333333	69	1	1	1	985	0.3075	0.098888889	0.217777778	0.0	0.028611111	0.0	0	0.072777778	0.0	0.19	0.0	0.137405
28044	6074	7	1	3	2	6	4	0.5	2	2013	4	11	4	17.0	18	1	0	0	28247	6.3386111110000005	2.091111111	0.490277778	0.833333333	0.0	0.083333333	1	1.6180555559999998	2.6	4.49	10.5	0.6199140000000001
28055	6077	0	0	4	3	1	5	0.0	2	2013	4	11	4	10.0	68	0	1	2	6955	1.7327777780000002	0.599166667	0.106111111	0.1	0.3266666669999999	0.2166666669999999	1	0.329444444	0.0	1.23	0.0	0.315346
28060	6078	0	2	4	3	1	1	1.0	2	2013	4	11	4	10.41666667	49	1	1	1	928	0.301388889	0.099444444	0.113888889	0.0	0.066666667	0.0	0	0.084444444	1.5	0.22	0.0	0.128289
28070	6080	1	1	3	3	1	5	0.0	2	2013	4	12	5	16.0	77	1	0	1	16496	4.0425	1.195	0.233055556	0.566666667	0.0	0.166666667	1	1.229722222	0.0	3.3	0.0	0.662977
28074	6081	0	3	3	3	6	5	0.0	2	2013	4	12	5	18.0	63	1	0	0	3513	0.859722222	0.276944444	0.184722222	0.183333333	0.0	0.0	0	0.258611111	0.0	0.59	0.0	0.3952739999999999
28076	6082	2	1	3	3	6	3	0.0	2	2013	4	12	5	17.75	15	1	0	0	713	0.208611111	0.051944444	0.073333333	0.0	0.122777778	0.0	0	0.0633333329999999	0.0	0.13	0.0	0.320175
28080	6083	0	1	2	4	1	1	1.0	2	2013	4	12	5	17.5	35	0	1	1	4252	1.0725	0.374444444	0.056944444	0.0	0.5030555560000001	0.117777778	1	0.345555556	3.0	0.9	0.0	0.269293
28088	6087	0	0	4	3	1	1	1.0	2	2013	4	12	5	12.0	57	1	1	1	1313	0.392222222	0.118888889	0.175	0.0	0.093611111	0.0	0	0.111111111	1.5	0.31	0.0	0.295
28099	6088	0	1	4	3	1	5	0.0	2	2013	4	12	5	15.83333333	87	1	1	2	4195	1.144722222	0.341388889	0.061944444	0.0	0.542222222	0.1	1	0.2663888889999999	0.0	0.86	0.0	0.1793529999999999
28127	6092	1	5	4	4	2	1	1.0	2	2013	4	12	5	16.0	33	1	1	2	1928	0.539166667	0.146944444	0.203055556	0.0	0.126388889	0.0	0	0.120833333	1.5	0.32	0.0	0.296552
28160	6102	0	1	3	3	1	5	0.0	2	2013	4	13	6	10.41666667	84	0	1	1	4104	0.981944444	0.340277778	0.1225	0.0	0.2166666669999999	0.0	0	0.2216666669999999	0.0	0.71	0.0	0.280702
28190	6109	0	1	4	3	1	1	1.0	2	2013	4	13	6	19.0	60	1	1	1	6770	1.613888889	0.430555556	0.1255555559999999	0.0	0.526388889	0.22	2	0.316388889	4.5	1.02	0.0	0.273924
28214	6118	0	1	4	3	1	1	1.0	2	2013	4	13	6	11.0	39	1	1	2	4604	1.133333333	0.308611111	0.209166667	0.066666667	0.183333333	0.183333333	1	0.2163888889999999	3.0	0.72	0.0	0.213094
28227	6119	4	2	4	3	1	3	0.0	2	2013	4	13	6	16.58333333	14	1	0	2	1128	0.260277778	0.07	0.080277778	0.0	0.083333333	0.0	0	0.0711111109999999	0.0	0.19	0.0	0.222656
28229	6121	0	0	4	3	1	5	0.0	2	2013	4	13	6	10.0	63	0	1	1	2652	0.640277778	0.199444444	0.088888889	0.0	0.173888889	0.0	0	0.169166667	0.0	0.51	0.0	0.3940889999999999
28243	6122	0	3	4	5	1	5	0.0	2	2013	4	14	7	17.0	74	0	1	2	16366	3.893055556	1.284722222	0.218611111	0.7333333329999999	0.0	0.2	2	0.823333333	0.0	3.64	0.0	0.4908909999999999
28245	6122	0	5	4	3	1	5	0.0	2	2013	4	14	7	0.0	74	0	1	2	3372	0.917222222	0.3363888889999999	0.143888889	0.1	0.0288888889999999	0.133333333	1	0.156944444	0.0	0.57	0.0	0.130973
28246	6122	1	1	4	5	1	5	0.0	2	2013	4	14	7	17.0	72	1	1	2	16366	3.893055556	1.284722222	0.218611111	0.7333333329999999	0.0	0.2	2	0.823333333	0.0	3.64	0.0	0.4908909999999999
28259	6125	0	1	4	5	2	1	1.0	2	2013	4	14	7	14.5	33	1	1	1	7244	1.761944444	0.571388889	0.082222222	0.133333333	0.091944444	0.15	1	0.3444444439999999	3.79	1.04	0.0	0.2209679999999999
28264	6125	1	0	4	3	2	1	1.0	2	2013	4	14	7	10.75	32	0	1	1	3674	0.928055556	0.290555556	0.109166667	0.0	0.311111111	0.1222222219999999	1	0.2225	3.0	0.56	0.0	0.289638
28279	6128	1	0	4	3	1	4	1.0	2	2013	4	14	7	15.0	52	0	1	2	2388	0.535277778	0.140833333	0.262777778	0.0	0.2	0.0	0	0.117777778	1.5	0.36	0.0	0.0613208
28293	6130	1	3	4	3	1	1	1.0	2	2013	4	14	7	17.83333333	57	1	1	1	2083	0.513055556	0.126944444	0.143333333	0.0	0.083333333	0.0	0	0.102777778	1.5	0.36	0.0	0.183784
28302	6132	0	0	4	3	1	1	1.0	2	2013	4	14	7	11.83333333	34	1	1	1	1209	0.299444444	0.1475	0.064722222	0.0	0.1011111109999999	0.0	0	0.095	1.5	0.23	0.0	0.652047
28336	6141	0	0	4	2	1	1	1.0	2	2013	4	15	1	8.333333332999999	52	0	1	1	1324	0.5125	0.211666667	0.408888889	0.0	0.066666667	0.0	0	0.164722222	1.5	0.44	0.0	0.349073
28360	6145	1	0	3	1	1	4	1.0	2	2013	4	15	1	6.0	61	0	1	2	19109	4.747222222	1.49	0.480555556	0.783333333	0.0	0.15	1	0.7819444440000001	4.55	3.29	0.0	0.26714
28383	6149	0	4	4	3	2	1	1.0	2	2013	4	15	1	16.75	46	1	1	1	2264	0.531388889	0.1747222219999999	0.2491666669999999	0.0	0.209166667	0.0	0	0.232777778	1.5	0.5	0.0	0.494033
28394	6149	3	3	4	3	2	3	0.0	2	2013	4	15	1	19.01666667	14	1	0	1	2264	0.534166667	0.1819444439999999	0.313055556	0.0	0.2	0.0	0	0.211666667	0.0	0.48	0.0	0.564304
28402	6152	0	0	1	3	6	1	0.0	2	2013	4	15	1	15.0	35	0	0	0	662	0.178611111	0.060277778	0.107777778	0.0	0.0313888889999999	0.0	0	0.065833333	0.0	0.14	0.0	0.0801688
28409	6155	0	1	4	5	1	1	1.0	2	2013	4	15	1	9.083333333	28	1	1	2	693	0.194166667	0.053333333	0.128055556	0.0	0.028055556	0.0	0	0.0575	1.5	0.15	0.0	0.275362
28415	6156	0	2	4	1	2	1	1.0	2	2013	4	15	1	12.83333333	52	0	1	2	1610	0.4402777779999999	0.133611111	0.155833333	0.0	0.1291666669999999	0.0	0	0.109166667	1.5	0.28	0.0	0.0890585
28477	6165	1	1	1	5	1	2	0.0	2	2013	4	16	2	13.33333333	17	1	0	2	661	0.190277778	0.056388889	0.153888889	0.0	0.015277778	0.0	0	0.085277778	0.0	0.18	0.0	0.286645
28485	6167	0	2	3	3	1	5	0.0	2	2013	4	16	2	13.0	70	0	0	1	13374	3.065	0.965277778	0.225555556	0.5166666670000001	0.0	0.1	1	0.790277778	0.0	2.48	10.5	0.394728
28518	6174	2	1	1	2	1	2	0.0	2	2013	4	16	2	15.83333333	16	1	0	1	445	0.123055556	0.026388889	0.089444444	0.0	0.026666667	0.0	0	0.034722222	0.0	0.09	0.0	0.136
28543	6180	0	8	4	5	1	1	1.0	2	2013	4	17	3	15.41666667	43	1	1	1	4515	1.064722222	0.332777778	0.176388889	0.0	0.407222222	0.0855555559999999	1	0.243611111	3.0	0.83	0.0	0.234892
28553	6180	2	4	4	3	1	5	0.0	2	2013	4	17	3	18.33333333	8	0	0	1	4200	0.969444444	0.304722222	0.0897222219999999	0.0	0.479722222	0.1	1	0.224444444	0.0	0.78	0.0	0.2351489999999999
28555	6180	3	2	4	5	1	5	0.0	2	2013	4	17	3	15.5	6	0	0	1	2463	0.607777778	0.185555556	0.253333333	0.0	0.275	0.0	0	0.136666667	0.0	0.44	0.0	0.237805
28557	6180	3	4	4	3	1	5	0.0	2	2013	4	17	3	18.33333333	6	0	0	1	4200	0.969444444	0.304722222	0.0897222219999999	0.0	0.479722222	0.1	1	0.224444444	0.0	0.78	0.0	0.2351489999999999
28571	6187	0	0	4	3	6	5	0.0	2	2013	4	17	3	9.0	87	0	0	0	773	0.216111111	0.083333333	0.145277778	0.0	0.082222222	0.0	0	0.1	0.0	0.21	0.0	0.277778
28578	6188	1	1	4	5	2	1	1.0	2	2013	4	17	3	12.41666667	42	1	1	1	220	0.069722222	0.0430555559999999	0.0388888889999999	0.0	0.016666667	0.0	0	0.054166667	1.5	0.08	0.0	0.0205127999999999
28584	6191	0	0	4	1	1	1	1.0	2	2013	4	17	3	12.0	35	0	1	1	2195	0.5513888889999999	0.16	0.136111111	0.0	0.166666667	0.0	0	0.178055556	1.5	0.43	0.0	0.3634949999999999
28588	6191	1	2	3	2	1	1	1.0	2	2013	4	17	3	11.5	30	1	1	1	1384	0.381666667	0.111111111	0.076666667	0.0	0.127777778	0.0	0	0.120277778	1.5	0.31	0.0	0.115473
28596	6192	0	4	4	3	1	5	0.0	2	2013	4	17	3	22.75	82	1	1	2	8665	1.999722222	0.581666667	0.076666667	0.083333333	0.361666667	0.138333333	1	0.31	0.0	1.29	0.0	0.094086
28600	6193	0	3	3	1	6	1	1.0	2	2013	4	17	3	22.0	59	1	0	0	4602	1.041944444	0.338055556	0.247222222	0.0	0.261944444	0.0	0	0.226944444	1.5	0.87	0.0	0.429621
28615	6197	1	2	4	3	1	1	1.0	2	2013	4	17	3	19.0	31	1	1	2	4538	1.212777778	0.384166667	0.29	0.1	0.0	0.0	0	0.263611111	1.5	0.87	0.0	0.369863
28616	6197	1	3	4	3	1	1	1.0	2	2013	4	17	3	21.0	31	1	1	2	4538	1.186944444	0.3508333329999999	0.293888889	0.1	0.0	0.0	0	0.236666667	1.5	0.85	0.0	0.151408
28625	6198	4	0	3	2	2	3	0.0	2	2013	4	17	3	8.416666667000001	11	1	0	2	1697	0.407222222	0.157222222	0.172777778	0.0	0.085833333	0.0	0	0.134722222	0.0	0.31	0.0	0.22268
28630	6200	1	3	3	5	1	4	0.5	2	2013	4	17	3	17.0	25	1	0	1	1415	0.319444444	0.162777778	0.093611111	0.066666667	0.0	0.0	0	0.179722222	1.15	0.41	0.0	0.516229
28639	6202	1	1	2	1	1	1	1.0	2	2013	4	18	4	18.5	37	0	1	1	7963	1.834722222	0.632777778	0.2688888889999999	0.25	0.0	0.1	1	0.712777778	2.9	1.6	0.0	0.7443489999999999
28684	6212	1	1	4	5	1	1	1.0	2	2013	4	19	5	7.783333333	32	1	0	1	859	0.273611111	0.141388889	0.145555556	0.0	0.033055556	0.0	0	0.057222222	1.5	0.17	0.0	0.1456309999999999
28695	6215	0	1	4	5	1	1	1.0	2	2013	4	19	5	8.25	46	0	1	1	1038	0.265833333	0.1197222219999999	0.094722222	0.0	0.142777778	0.0	0	0.1436111109999999	1.5	0.34	0.0	0.257253
28704	6215	3	1	4	5	1	5	0.0	2	2013	4	19	5	8.25	10	0	0	1	1038	0.265833333	0.1197222219999999	0.094722222	0.0	0.142777778	0.0	0	0.1436111109999999	0.0	0.34	0.0	0.257253
28707	6216	0	1	2	4	6	1	1.0	2	2013	4	19	5	12.5	46	0	0	0	5234	1.2338888890000002	0.4058333329999999	0.156388889	0.0	0.434722222	0.0	0	0.334722222	1.5	0.9	0.0	0.552697
28724	6220	1	0	3	1	1	1	1.0	2	2013	4	19	5	6.5	48	1	0	2	1175	0.285555556	0.120833333	0.094722222	0.0	0.072222222	0.0	0	0.093333333	1.5	0.29	0.0	0.345238
28729	6221	0	1	4	2	1	1	1.0	2	2013	4	19	5	8.333333332999999	40	1	1	1	3595	0.8480555559999999	0.255833333	0.1436111109999999	0.0	0.345555556	0.0	0	0.256944444	1.5	0.67	0.0	0.2075679999999999
28740	6222	1	0	4	1	1	1	1.0	2	2013	4	19	5	6.5	56	0	1	1	14989	4.5475	1.308055556	0.185	0.6333333329999999	0.2166666669999999	0.333333333	2	0.775833333	4.3	2.84	0.0	0.471894
28747	6224	0	0	4	4	1	1	1.0	2	2013	4	19	5	6.5	44	0	1	1	15408	3.623055556	1.102777778	0.253611111	0.283333333	0.833333333	0.183333333	1	0.750833333	4.0	2.48	0.0	0.27007
28758	6225	1	1	3	1	1	1	1.0	2	2013	4	19	5	17.41666667	33	1	0	1	7832	1.7975	0.5347222220000001	0.152222222	0.233333333	0.0	0.0	0	0.6180555560000001	3.3	1.63	10.5	0.579775
28770	6227	1	4	4	2	1	1	1.0	2	2013	4	20	6	12.01666667	54	0	1	1	1958	0.447222222	0.166944444	0.178333333	0.0	0.138888889	0.0	0	0.116388889	1.5	0.4	0.0	0.145585
28773	6227	2	0	4	2	2	2	0.0	2	2013	4	20	6	9.0	16	1	0	1	1958	0.476666667	0.2047222219999999	0.230833333	0.0	0.166666667	0.0	0	0.1186111109999999	0.0	0.36	0.0	0.0655738
28792	6231	2	1	1	4	6	4	1.0	2	2013	4	20	6	17.0	28	1	0	0	1519	0.408888889	0.163888889	0.154722222	0.0	0.150555556	0.0	0	0.165555556	1.5	0.42	0.0	0.365772
28818	6238	0	2	4	3	1	1	1.0	2	2013	4	20	6	15.5	58	1	1	2	6987	1.735	0.5377777779999999	0.153055556	0.0	0.7905555559999999	0.1	1	0.420833333	3.0	1.36	0.0	0.304951
28824	6240	0	0	4	3	2	1	1.0	2	2013	4	20	6	9.0	60	1	1	2	4201	0.953611111	0.2469444439999999	0.136388889	0.0	0.239166667	0.0	0	0.2	1.5	0.57	0.0	0.268056
28827	6240	1	1	4	3	2	1	1.0	2	2013	4	20	6	9.833333333	60	0	1	2	4201	0.997222222	0.293611111	0.155833333	0.0	0.2575	0.0	0	0.204166667	1.5	0.57	0.0	0.244898
28838	6243	0	0	4	3	1	1	1.0	2	2013	4	21	7	13.0	50	1	1	2	3779	0.994722222	0.300555556	0.127777778	0.0	0.257222222	0.0	0	0.152222222	1.5	0.57	0.0	0.240876
28846	6247	0	0	4	3	1	5	0.0	2	2013	4	21	7	13.5	72	0	1	2	15813	3.735	1.153333333	0.148055556	0.9	0.2144444439999999	0.183333333	2	0.641944444	0.0	2.51	0.0	0.344007
28897	6254	3	2	3	3	6	3	0.0	2	2013	4	21	7	13.0	12	0	0	0	3090	0.7272222220000001	0.2047222219999999	0.145	0.0	0.248611111	0.0	0	0.196111111	0.0	0.53	0.0	0.504249
28898	6254	3	3	3	3	6	3	0.0	2	2013	4	21	7	18.0	12	0	0	0	3090	0.7222222220000001	0.249722222	0.126388889	0.0	0.327222222	0.0	0	0.223055556	0.0	0.58	0.0	0.5056039999999999
28902	6254	5	1	1	3	6	5	0.0	2	2013	4	21	7	12.5	6	1	0	0	454	0.112222222	0.026666667	0.0627777779999999	0.0	0.027777778	0.0	0	0.0430555559999999	0.0	0.1	0.0	0.3548389999999999
28906	6256	0	1	4	5	1	5	0.0	2	2013	4	21	7	10.5	65	1	1	2	943	0.2469444439999999	0.091666667	0.124444444	0.0	0.059722222	0.0	0	0.0991666669999999	0.0	0.24	0.0	0.308123
28915	6259	0	3	4	3	1	4	1.0	2	2013	4	22	1	9.333333333	50	1	1	2	1017	0.252222222	0.08	0.189722222	0.0	0.016666667	0.0	0	0.0675	1.5	0.19	0.0	0.0864197999999999
28918	6260	1	1	4	1	1	1	1.0	2	2013	4	22	1	17.0	24	1	1	1	8500	2.003333333	0.614166667	0.2175	0.0	0.473888889	0.136666667	1	0.380555556	3.0	1.27	0.0	0.253285
28921	6261	3	0	4	3	1	5	0.0	2	2013	4	22	1	22.5	5	1	0	1	19423	5.052777778	1.545833333	0.075	0.983333333	0.0	0.1166666669999999	1	0.6911111109999999	0.0	3.36	0.0	0.368167
28931	6264	0	1	4	5	2	1	1.0	2	2013	4	22	1	12.08333333	46	1	1	2	2100	0.570277778	0.175833333	0.323611111	0.0	0.090277778	0.0	0	0.136666667	1.5	0.35	0.0	0.180894
28960	6269	0	1	4	5	1	1	1.0	2	2013	4	22	1	17.5	42	0	1	1	423	0.205555556	0.055555556	0.150555556	0.0	0.05	0.0	0	0.1186111109999999	1.5	0.26	0.0	0.42623
28961	6269	0	3	4	3	1	1	1.0	2	2013	4	22	1	18.16666667	42	0	1	1	4246	1.13	0.413055556	0.2875	0.133333333	0.0	0.0	0	0.322222222	2.5	0.97	0.0	0.4068969999999999
28968	6270	1	0	3	5	6	1	1.0	2	2013	4	22	1	8.833333332999999	27	1	1	0	3288	0.806666667	0.274444444	0.193055556	0.05	0.0	0.0	0	0.277222222	2.9	0.62	10.5	0.636273
28970	6271	1	0	4	2	1	1	1.0	2	2013	4	22	1	8.5	38	1	1	1	959	0.259444444	0.079444444	0.114444444	0.0	0.051944444	0.0	0	0.058888889	1.5	0.17	0.0	0.0141509
28999	6277	1	0	3	1	6	1	1.0	2	2013	4	23	2	7.166666667	52	0	0	0	16096	3.4855555560000004	0.956944444	0.2425	0.3833333329999999	0.0	0.0	0	0.838333333	4.7	2.48	10.5	0.580186
29001	6277	2	0	3	2	6	2	0.0	2	2013	4	23	2	7.75	17	1	0	0	6883	1.586944444	0.4602777779999999	0.159444444	0.15	0.3	0.15	1	0.333611111	0.85	1.0	0.0	0.301415
29005	6278	0	4	4	4	1	1	1.0	2	2013	4	23	2	15.16666667	48	1	1	2	926	0.2797222219999999	0.0991666669999999	0.128055556	0.0	0.12	0.0	0	0.0891666669999999	1.5	0.21	0.0	0.23676
29013	6280	1	0	3	1	1	1	1.0	2	2013	4	23	2	7.666666667	37	1	1	1	19377	4.271388889	1.3580555559999998	0.218611111	0.433333333	0.395555556	0.283333333	2	1.283333333	7.7	3.48	0.0	0.709091
29041	6286	4	0	3	2	2	3	0.0	2	2013	4	23	2	7.0	12	1	0	1	9518	2.239166667	0.848333333	0.195555556	0.4	0.214722222	0.097777778	1	0.593055556	0.85	1.52	0.0	0.7653399999999999
29042	6286	4	1	3	2	2	3	0.0	2	2013	4	23	2	16.08333333	12	1	0	1	9518	2.279166667	0.893333333	0.208611111	0.366666667	0.189722222	0.1166666669999999	1	0.588333333	0.75	1.5	0.0	0.7544850000000001
29043	6287	0	0	4	1	6	1	1.0	2	2013	4	23	2	7.5	59	1	0	0	4529	0.983055556	0.308888889	0.240277778	0.033333333	0.183333333	0.1166666669999999	1	0.306111111	3.2	0.74	0.0	0.430127
29061	6291	1	0	1	2	6	1	1.0	2	2013	4	23	2	8.25	26	1	0	0	1074	0.255	0.0736111109999999	0.041944444	0.0	0.096944444	0.0	0	0.0461111109999999	1.5	0.15	0.0	0.0542169
29070	6292	1	1	1	3	1	5	0.0	2	2013	4	23	2	16.25	60	0	1	1	814	0.235277778	0.083333333	0.172777778	0.0	0.026111111	0.0	0	0.053055556	0.0	0.16	0.0	0.0314136
29071	6293	0	0	1	3	1	5	0.0	2	2013	4	23	2	10.5	65	1	1	1	596	0.156388889	0.054722222	0.1022222219999999	0.0	0.036111111	0.0	0	0.059722222	0.0	0.13	0.0	0.0697674
29092	6295	3	0	4	3	1	5	0.0	2	2013	4	23	2	8.25	8	0	0	1	635	0.143055556	0.047777778	0.010277778	0.0	0.059444444	0.0	0	0.026111111	0.0	0.09	0.0	0.0531914999999999
29097	6296	0	2	3	3	1	1	1.0	2	2013	4	23	2	12.75	38	1	1	2	1885	0.496388889	0.1725	0.083888889	0.0	0.1744444439999999	0.0	0	0.165555556	1.5	0.43	0.0	0.266779
29102	6297	1	1	4	3	1	5	0.0	2	2013	4	23	2	10.51666667	70	0	1	1	2977	0.7261111109999999	0.1769444439999999	0.1863888889999999	0.0	0.144444444	0.0	0	0.1072222219999999	0.0	0.41	0.0	0.4404149999999999
29122	6301	1	0	3	4	1	1	1.0	2	2013	4	24	3	7.75	50	1	1	1	10465	2.571111111	0.771388889	0.250277778	0.0	0.921944444	0.1	1	0.7061111109999999	3.0	2.15	0.0	0.5137689999999999
29129	6302	0	5	4	3	1	1	1.0	2	2013	4	24	3	23.25	59	1	1	2	7538	1.758888889	0.626388889	0.227222222	0.0	0.411388889	0.0	0	0.3175	1.5	1.2	0.0	0.125109
29146	6307	0	2	4	3	2	1	1.0	2	2013	4	24	3	20.0	27	0	1	1	3856	0.943611111	0.299444444	0.115	0.0	0.316388889	0.0	0	0.2047222219999999	1.5	0.57	0.0	0.210312
29155	6309	2	0	3	1	6	1	1.0	2	2013	4	24	3	8.5	30	0	0	0	15874	3.4455555560000004	0.994722222	0.146666667	0.45	0.15	0.166666667	1	0.464444444	4.3	2.23	0.0	0.538876
29157	6310	0	2	1	3	2	1	1.0	2	2013	4	24	3	10.5	33	1	1	2	3135	0.752777778	0.2125	0.092777778	0.0	0.2166666669999999	0.0	0	0.135277778	1.5	0.42	0.0	0.0882957
29185	6314	2	0	3	1	6	1	1.0	2	2013	4	24	3	8.333333332999999	27	1	1	0	9328	2.158055556	0.713888889	0.3383333329999999	0.3	0.0	0.1	1	0.984722222	4.4	2.22	10.5	0.767842
29214	6323	0	1	4	1	1	5	0.0	2	2013	4	25	4	3.75	62	0	1	1	4675	1.093888889	0.310555556	0.105833333	0.0	0.190277778	0.0	0	0.195	0.0	0.7	0.0	0.148148
29244	6331	0	3	4	5	2	1	1.0	2	2013	4	25	4	10.25	49	1	1	2	4902	1.266388889	0.4275	0.166944444	0.066666667	0.333333333	0.133333333	1	0.322777778	3.0	0.88	0.0	0.380379
29246	6331	0	5	1	3	2	1	1.0	2	2013	4	25	4	11.0	49	1	1	2	855	0.260277778	0.074722222	0.096388889	0.0	0.068055556	0.0	0	0.048333333	1.5	0.14	0.0	0.327586
29259	6331	2	3	4	2	2	2	0.0	2	2013	4	25	4	17.43333333	16	1	0	2	4648	1.089166667	0.388611111	0.136666667	0.0	0.451944444	0.185	1	0.294166667	0.0	0.72	0.0	0.353163
29273	6334	0	2	3	4	1	1	1.0	2	2013	4	26	5	10.0	37	0	1	1	13830	3.096388889	1.189166667	0.243333333	0.7	0.0	0.0	0	0.8844444440000001	1.5	2.51	10.5	0.760992
29284	6335	1	1	4	5	1	1	1.0	2	2013	4	26	5	17.83333333	48	1	1	1	4006	0.9475	0.265833333	0.1397222219999999	0.0	0.5297222220000001	0.0	0	0.344722222	1.5	0.9	0.0	0.423046
29337	6345	2	0	2	3	2	1	1.0	2	2013	4	26	5	14.0	25	0	1	1	2342	0.563055556	0.194722222	0.127222222	0.0	0.212222222	0.0	0	0.1744444439999999	1.5	0.36	0.0	0.318471
29340	6345	3	1	4	5	2	1	1.0	2	2013	4	26	5	19.5	28	0	1	1	1549	0.386111111	0.128055556	0.148055556	0.083333333	0.0	0.0	0	0.151666667	2.4	0.33	0.0	0.52381
29357	6347	2	2	1	3	2	3	0.0	2	2013	4	26	5	18.75	15	0	0	2	1324	0.3125	0.114444444	0.068611111	0.0	0.114166667	0.0	0	0.1275	0.0	0.28	0.0	0.37037
29358	6347	2	3	1	3	2	3	0.0	2	2013	4	26	5	21.5	15	0	0	2	1324	0.312777778	0.135	0.1041666669999999	0.0	0.095277778	0.0	0	0.131111111	0.0	0.3	0.0	0.279661
29360	6347	3	1	1	5	2	3	0.0	2	2013	4	26	5	15.0	13	1	0	2	1333	0.315277778	0.106944444	0.145	0.0	0.066666667	0.0	0	0.078888889	0.0	0.19	0.0	0.0352113
29377	6350	0	0	4	1	1	1	1.0	2	2013	4	26	5	6.5	56	0	1	1	18806	4.485555556	1.353055556	0.2663888889999999	0.666666667	0.2125	0.183333333	2	1.024444444	5.4	3.53	0.0	0.6597069999999999
29407	6353	3	5	4	3	1	3	0.0	2	2013	4	26	5	18.66666667	14	1	0	1	2494	0.68	0.243055556	0.173333333	0.0	0.222222222	0.0	0	0.1425	0.0	0.5	0.0	0.401559
29410	6354	0	4	4	3	1	5	0.0	2	2013	4	27	6	17.5	62	1	1	2	3390	0.8494444440000001	0.272777778	0.090833333	0.0	0.288888889	0.0	0	0.2094444439999999	0.0	0.65	0.0	0.282493
29417	6354	1	5	4	5	1	5	0.0	2	2013	4	27	6	17.0	62	0	1	2	426	0.185	0.097777778	0.148055556	0.0	0.016666667	0.0	0	0.080277778	0.0	0.21	0.0	0.0553633
29452	6363	1	3	3	5	6	5	0.0	2	2013	4	27	6	14.41666667	68	0	1	0	2554	0.638333333	0.2188888889999999	0.045	0.0	0.298055556	0.0	0	0.221111111	0.0	0.59	0.0	0.236181
29463	6366	0	0	1	3	6	1	1.0	2	2013	4	28	7	12.0	37	1	1	0	265	0.069722222	0.024722222	0.0269444439999999	0.0	0.0141666669999999	0.0	0	0.028333333	1.5	0.06	0.0	0.166667
29473	6367	1	2	4	3	2	1	1.0	2	2013	4	28	7	10.91666667	51	1	1	2	4120	1.164722222	0.3363888889999999	0.169166667	0.0	0.2666666669999999	0.0	0	0.175833333	1.5	0.58	0.0	0.0774092
29491	6370	1	1	3	5	6	1	1.0	2	2013	4	28	7	16.5	50	1	1	0	3669	0.843333333	0.265833333	0.1769444439999999	0.083333333	0.0	0.0	0	0.248055556	2.4	0.67	0.0	0.433371
29500	6372	0	0	1	3	6	1	1.0	2	2013	4	28	7	12.0	29	1	0	0	3568	0.943611111	0.315555556	0.272222222	0.0	0.309166667	0.0	0	0.215555556	1.5	0.62	0.0	0.492268
29511	6375	0	0	3	3	1	5	0.0	2	2013	4	28	7	11.0	61	1	1	2	1858	0.5066666670000001	0.171666667	0.114444444	0.0	0.154722222	0.0	0	0.153333333	0.0	0.45	0.0	0.324275
29516	6376	1	3	3	1	6	1	1.0	2	2013	4	29	1	19.25	48	0	1	0	6267	1.563611111	0.581111111	0.134444444	0.35	0.0	0.083333333	1	0.423611111	2.4	1.05	0.0	0.586885
29541	6381	1	0	4	2	1	1	1.0	2	2013	4	29	1	8.75	40	1	1	1	2064	0.5061111110000001	0.168333333	0.283611111	0.0	0.1	0.0	0	0.180277778	1.5	0.45	0.0	0.167951
29570	6384	2	3	4	4	1	1	1.0	2	2013	4	29	1	11.5	22	0	1	1	1900	0.472222222	0.156944444	0.031111111	0.066666667	0.0	0.0	0	0.165277778	1.5	0.44	0.0	0.1428569999999999
29571	6384	2	4	4	4	1	1	1.0	2	2013	4	29	1	12.75	22	0	1	1	1900	0.473888889	0.141944444	0.0313888889999999	0.05	0.0	0.0	0	0.105555556	1.5	0.33	0.0	0.1842109999999999
29572	6384	2	7	3	1	1	1	1.0	2	2013	4	29	1	19.33333333	22	0	1	1	6902	1.677777778	0.490555556	0.173055556	0.083333333	0.316666667	0.083333333	1	0.335	3.0	1.14	0.0	0.178275
29575	6385	0	1	3	3	2	1	1.0	2	2013	4	30	2	11.5	40	1	1	1	1068	0.296944444	0.085277778	0.061944444	0.0	0.1047222219999999	0.0	0	0.073333333	1.5	0.17	0.0	0.212121
29583	6386	0	0	4	3	1	1	1.0	2	2013	4	30	2	8.583333332999999	53	1	1	1	3023	0.829722222	0.284166667	0.208333333	0.0	0.248611111	0.0	0	0.225555556	1.5	0.72	0.0	0.380542
29590	6387	0	8	1	3	1	5	0.0	2	2013	4	30	2	15.0	71	0	1	2	1323	0.426666667	0.130833333	0.2397222219999999	0.0	0.083333333	0.0	0	0.1172222219999999	0.0	0.32	0.0	0.170616
29602	6390	0	6	4	3	1	5	0.0	2	2013	4	30	2	22.5	64	1	1	2	3082	0.7777777779999999	0.29	0.259722222	0.0	0.183333333	0.0	0	0.250833333	0.0	0.63	0.0	0.509413
29610	6391	3	1	3	5	6	2	0.0	2	2013	4	30	2	15.0	16	1	0	0	3760	0.789166667	0.223611111	0.0511111109999999	0.0	0.525	0.0	0	0.255277778	0.0	0.58	0.0	0.500544
29620	6394	0	2	4	2	6	1	1.0	2	2013	4	30	2	18.0	46	1	0	0	3566	0.8655555559999999	0.304722222	0.189444444	0.066666667	0.131944444	0.139444444	1	0.235277778	3.9	0.6	0.0	0.4876029999999999
29640	6399	0	1	3	4	6	1	1.0	2	2013	4	30	2	14.75	36	0	1	0	1169	0.298055556	0.0991666669999999	0.035555556	0.0	0.210555556	0.0	0	0.131666667	1.5	0.27	10.5	0.626582
29646	6402	0	1	4	2	1	1	1.0	2	2013	5	1	3	8.166666667000001	37	0	1	2	2183	0.486111111	0.141388889	0.166944444	0.0	0.148055556	0.0	0	0.131944444	1.5	0.36	0.0	0.0821053
29662	6405	1	0	1	2	6	5	0.0	2	2013	5	1	3	8.333333332999999	10	0	0	0	1553	0.495833333	0.171666667	0.211666667	0.0	0.1005555559999999	0.0	0	0.120555556	0.0	0.32	0.0	0.334101
29672	6408	0	0	4	2	1	1	1.0	2	2013	5	1	3	8.5	58	0	1	1	953	0.233888889	0.1030555559999999	0.1838888889999999	0.0	0.050833333	0.0	0	0.092777778	1.5	0.24	0.0	0.134731
29677	6408	0	6	4	2	1	1	1.0	2	2013	5	1	3	14.41666667	58	0	1	1	3487	0.931944444	0.372222222	0.248333333	0.0	0.3475	0.0	0	0.236666667	1.5	0.72	0.0	0.185446
29685	6408	3	1	3	2	1	2	0.0	2	2013	5	1	3	18.0	16	0	0	1	909	0.265833333	0.133888889	0.2238888889999999	0.0	0.044722222	0.0	0	0.109166667	0.0	0.26	0.0	0.195929
29695	6409	3	1	3	2	1	3	0.0	2	2013	5	1	3	15.0	14	1	0	1	2461	0.616111111	0.193055556	0.055833333	0.0	0.476666667	0.0	0	0.228333333	0.0	0.56	0.0	0.0754258
29702	6412	0	0	3	2	6	5	0.0	2	2013	5	1	3	9.25	69	0	0	0	8005	1.871111111	0.812222222	0.1425	0.416666667	0.0	0.1	1	0.720555556	0.0	1.56	10.5	0.768312
29718	6416	1	2	3	3	3	1	1.0	2	2013	5	2	4	18.0	50	1	0	1	6217	1.615555556	0.563611111	0.063611111	0.483333333	0.0	0.1	1	0.486666667	2.9	1.27	0.0	0.438356
29727	6418	0	1	4	1	1	1	1.0	2	2013	5	2	4	23.25	40	1	1	2	23128	5.665	1.759722222	0.838333333	0.0	1.325	0.566666667	3	0.851944444	6.0	3.75	0.0	0.218455
29735	6420	2	1	1	2	1	5	0.0	2	2013	5	2	4	15.5	9	0	0	1	838	0.254444444	0.068333333	0.215555556	0.0	0.0258333329999999	0.0	0	0.0575	0.0	0.18	0.0	0.183575
29736	6421	0	2	2	3	1	5	0.0	2	2013	5	2	4	14.0	66	0	1	2	22663	5.158055556	1.647777778	0.121388889	0.7666666670000001	0.097222222	0.283333333	2	1.175	0.0	4.14	0.0	0.604492
29745	6421	1	5	4	3	1	5	0.0	2	2013	5	2	4	19.33333333	63	1	1	2	4820	1.136388889	0.384722222	0.2175	0.0	0.466666667	0.0	0	0.347222222	0.0	0.86	0.0	0.4808
29767	6427	0	1	3	3	6	1	1.0	2	2013	5	3	5	11.5	30	0	1	0	1651	0.363888889	0.1175	0.064722222	0.0	0.1325	0.0	0	0.113611111	1.5	0.26	0.0	0.273839
29778	6430	2	1	1	5	2	5	0.0	2	2013	5	3	5	15.33333333	13	0	0	2	5232	1.246388889	0.413888889	0.225833333	0.0	0.6325	0.061944444	1	0.273333333	0.0	0.78	0.0	0.136179
29788	6431	1	2	1	3	2	1	1.0	2	2013	5	3	5	17.25	53	0	1	1	1096	0.248611111	0.0705555559999999	0.1913888889999999	0.0	0.030555556	0.0	0	0.1030555559999999	1.5	0.17	0.0	0.2210239999999999
29790	6431	2	1	1	5	2	4	1.0	2	2013	5	3	5	16.0	18	1	0	1	1007	0.254722222	0.110833333	0.153055556	0.033333333	0.0	0.0	0	0.194722222	1.6	0.28	10.5	0.482168
29795	6432	2	0	2	4	6	1	1.0	2	2013	5	3	5	8.0	20	0	0	0	8022	1.876111111	0.573333333	0.202777778	0.15	0.355	0.1	1	0.551111111	3.2	1.32	0.0	0.559476
29799	6433	1	0	4	3	1	5	0.0	2	2013	5	3	5	14.0	72	0	1	1	2503	0.706666667	0.185555556	0.2238888889999999	0.0	0.156944444	0.0	0	0.148333333	0.0	0.48	0.0	0.093633
29809	6436	0	1	1	5	1	1	1.0	2	2013	5	3	5	19.25	23	0	1	1	932	0.262777778	0.12	0.160555556	0.033333333	0.0	0.0	0	0.192222222	2.4	0.45	0.0	0.998555
29821	6438	1	1	3	2	6	2	0.0	2	2013	5	4	6	16.0	17	0	0	0	2805	0.739722222	0.2275	0.075277778	0.0	0.2263888889999999	0.0	0	0.2347222219999999	0.0	0.52	0.0	0.44497
29836	6439	2	2	4	3	1	5	0.0	2	2013	5	4	6	18.08333333	9	0	0	1	2843	0.8344444440000001	0.256944444	0.165277778	0.0	0.277222222	0.0	0	0.154444444	0.0	0.52	0.0	0.307554
29838	6440	0	0	4	3	1	1	1.0	2	2013	5	4	6	17.83333333	37	1	1	1	1225	0.280277778	0.100833333	0.1891666669999999	0.0	0.05	0.0	0	0.0891666669999999	1.5	0.22	0.0	0.17134
29867	6446	0	1	1	5	6	1	1.0	2	2013	5	4	6	15.0	31	0	1	0	1539	0.406666667	0.134722222	0.211666667	0.0	0.108888889	0.0	0	0.136666667	1.5	0.32	0.0	0.138211
29898	6451	2	0	4	3	2	5	0.0	2	2013	5	6	1	15.0	6	1	0	2	1571	0.4158333329999999	0.129444444	0.128055556	0.0	0.1	0.0	0	0.077222222	0.0	0.25	0.0	0.0611511
29904	6453	1	2	1	5	1	1	1.0	2	2013	5	6	1	14.5	46	0	1	2	1173	0.319444444	0.172777778	0.029166667	0.033333333	0.0	0.083333333	1	0.158333333	2.4	0.37	0.0	0.570175
29929	6460	0	0	4	3	1	1	1.0	2	2013	5	6	1	11.0	59	0	1	1	5098	1.339722222	0.360555556	0.34	0.1166666669999999	0.0	0.0	0	0.254722222	1.5	0.9	0.0	0.0567067
29930	6460	0	1	4	3	1	1	1.0	2	2013	5	6	1	19.75	59	0	1	1	5098	1.350555556	0.383055556	0.3419444439999999	0.1166666669999999	0.0	0.0	0	0.255277778	1.5	0.95	0.0	0.155604
29938	6461	1	3	4	3	1	1	1.0	2	2013	5	6	1	14.25	53	1	1	1	2333	0.7130555559999999	0.215277778	0.278055556	0.0	0.140277778	0.0	0	0.148055556	1.5	0.47	0.0	0.170732
29977	6470	2	0	4	3	1	5	0.0	2	2013	5	6	1	14.0	7	1	0	2	9143	2.104722222	0.7383333329999999	0.106388889	0.2666666669999999	0.076111111	0.15	1	0.3908333329999999	0.0	1.38	0.0	0.421464
29979	6470	3	0	4	3	1	5	0.0	2	2013	5	6	1	14.0	5	1	0	2	9143	2.104722222	0.7383333329999999	0.106388889	0.2666666669999999	0.076111111	0.15	1	0.3908333329999999	0.0	1.38	0.0	0.421464
29989	6473	0	1	1	5	6	1	1.0	2	2013	5	7	2	11.0	29	1	0	0	850	0.199444444	0.065555556	0.045277778	0.0	0.1475	0.0	0	0.06	1.5	0.14	0.0	0.1064809999999999
30042	6483	0	0	4	3	1	1	0.0	2	2013	5	7	2	12.5	52	1	1	1	1980	0.49	0.216944444	0.228611111	0.0	0.188333333	0.0	0	0.216944444	0.0	0.57	0.0	0.49936
30059	6485	2	1	3	2	1	2	0.0	2	2013	5	8	3	15.0	17	0	0	1	10603	2.485555556	0.8513888890000001	0.382222222	0.183333333	0.191944444	0.1166666669999999	1	0.474166667	0.75	1.64	0.0	0.110135
30062	6486	0	2	4	3	1	5	0.0	2	2013	5	8	3	13.33333333	73	1	1	1	1524	0.428611111	0.126388889	0.223055556	0.0	0.037777778	0.0	0	0.083611111	0.0	0.31	0.0	0.0730897
30065	6486	1	1	3	3	1	5	0.0	2	2013	5	8	3	12.5	81	0	1	1	12308	3.000277778	1.008333333	0.073888889	0.5166666670000001	0.1866666669999999	0.333333333	2	0.694722222	0.0	2.07	0.0	0.348261
30080	6489	2	0	3	4	1	4	1.0	2	2013	5	8	3	9.0	22	1	1	1	14832	3.556666667	1.229444444	0.233888889	0.6166666670000001	0.0	0.0	0	1.038055556	2.65	2.72	10.5	0.5365270000000001
30088	6492	0	0	3	4	1	5	0.0	2	2013	5	8	3	9.0	67	1	1	1	3969	1.045	0.3266666669999999	0.2872222219999999	0.0	0.348888889	0.0	0	0.266111111	0.0	0.8	0.0	0.243215
30095	6493	2	3	3	3	1	1	1.0	2	2013	5	8	3	16.75	41	0	0	1	3018	0.679444444	0.1747222219999999	0.06	0.0	0.1838888889999999	0.0	0	0.138611111	1.5	0.48	0.0	0.2044089999999999
30104	6494	3	1	4	2	1	3	0.0	2	2013	5	8	3	17.75	11	1	0	1	980	0.26	0.115	0.206388889	0.0	0.048333333	0.0	0	0.072777778	0.0	0.18	0.0	0.274809
30126	6499	0	2	3	3	6	1	1.0	2	2013	5	9	4	17.75	41	0	1	0	1686	0.4058333329999999	0.141666667	0.082222222	0.0	0.105555556	0.0	0	0.085	1.5	0.27	0.0	0.392157
30133	6502	1	0	1	3	1	1	0.0	2	2013	5	9	4	9.0	70	0	1	2	1914	0.488333333	0.161111111	0.203055556	0.0	0.133333333	0.0	0	0.171388889	0.0	0.54	0.0	0.192869
30190	6516	0	2	3	3	1	5	0.0	2	2013	5	9	4	18.25	69	1	1	2	4427	1.126111111	0.369444444	0.0775	0.0	0.434444444	0.095	1	0.34	0.0	0.89	0.0	0.658497
30194	6517	0	4	1	3	6	1	1.0	2	2013	5	9	4	19.58333333	57	0	1	0	2552	0.615833333	0.1975	0.0433333329999999	0.0	0.37	0.0	0	0.241388889	1.5	0.5	0.0	0.678941
30209	6518	1	5	4	5	2	1	1.0	2	2013	5	10	5	20.41666667	41	0	1	1	581	0.204166667	0.085833333	0.098611111	0.0	0.0375	0.0	0	0.066111111	1.5	0.15	0.0	0.10084
30218	6519	1	3	4	3	1	5	0.0	2	2013	5	10	5	11.66666667	74	0	1	1	4911	1.154444444	0.4475	0.283888889	0.0	0.333333333	0.2	1	0.225277778	0.0	0.91	0.0	0.188656
30241	6524	0	2	4	5	6	1	0.5	2	2013	5	10	5	18.91666667	53	1	0	0	4898	1.183055556	0.379444444	0.197777778	0.0	0.428333333	0.0	0	0.366944444	0.75	0.83	0.0	0.66162
30245	6526	0	0	3	1	6	1	1.0	2	2013	5	10	5	7.0	23	1	0	0	3229	0.756111111	0.188611111	0.1988888889999999	0.0	0.301111111	0.0	0	0.140555556	1.5	0.46	0.0	0.270751
30252	6529	0	0	3	1	6	5	0.0	2	2013	5	10	5	7.666666667	63	0	0	0	8896	2.177222222	0.703333333	0.098055556	0.0	0.835	0.0	0	0.478888889	0.0	1.42	0.0	0.662993
30260	6531	1	1	4	3	1	1	1.0	2	2013	5	10	5	11.16666667	29	1	1	1	1687	0.485555556	0.138888889	0.223055556	0.0	0.096388889	0.0	0	0.125	1.5	0.36	0.0	0.0888888999999999
30290	6539	0	0	3	4	6	1	1.0	2	2013	5	10	5	9.0	33	1	0	0	15929	3.733055556	1.283333333	0.3544444439999999	0.5	0.0	0.0	0	1.050277778	3.9	2.92	10.5	0.673896
30299	6543	0	0	3	2	6	1	1.0	2	2013	5	10	5	8.5	22	1	0	0	3532	0.8502777779999999	0.38	0.303611111	0.15	0.0	0.0	0	0.433611111	2.4	0.83	10.5	0.680974
30302	6544	0	0	4	3	6	1	1.0	2	2013	5	10	5	11.5	38	0	1	0	6644	1.6025	0.470277778	0.384722222	0.0	0.5594444439999999	0.0	0	0.381666667	1.5	1.03	0.0	0.366084
30307	6544	1	0	1	2	6	1	1.0	2	2013	5	10	5	8.25	30	1	0	0	859	0.213333333	0.081666667	0.1072222219999999	0.0	0.0725	0.0	0	0.071388889	1.5	0.15	0.0	0.381323
30312	6544	2	1	1	2	6	3	0.0	2	2013	5	10	5	15.58333333	11	0	0	0	859	0.215555556	0.100833333	0.07	0.0	0.099444444	0.0	0	0.140833333	0.0	0.24	0.0	0.325444
30318	6545	0	3	3	3	1	1	1.0	2	2013	5	10	5	0.0	45	1	1	1	1014	0.2525	0.076666667	0.182222222	0.0	0.052777778	0.0	0	0.081111111	1.5	0.26	0.0	0.291096
30333	6550	0	0	4	3	1	1	1.0	2	2013	5	11	6	14.0	34	1	1	1	3186	0.7666666670000001	0.223611111	0.208333333	0.0	0.201388889	0.0	0	0.2275	1.5	0.65	0.0	0.369963
30368	6562	1	1	3	3	6	3	0.0	2	2013	5	11	6	17.66666667	12	0	0	0	1909	0.4719444439999999	0.1447222219999999	0.229166667	0.0	0.068611111	0.0	0	0.1175	0.0	0.31	0.0	0.236407
30392	6568	0	2	1	3	1	1	1.0	2	2013	5	12	7	12.33333333	32	1	1	2	1102	0.252222222	0.100277778	0.1022222219999999	0.0	0.0461111109999999	0.0	0	0.093888889	1.5	0.25	0.0	0.195266
30397	6570	0	0	3	3	6	4	0.5	2	2013	5	12	7	8.5	45	1	1	0	3490	0.915833333	0.2825	0.126388889	0.0	0.285277778	0.1	1	0.208333333	1.5	0.63	0.0	0.204
30399	6570	3	0	3	3	6	5	0.0	2	2013	5	12	7	8.5	10	0	0	0	3490	0.915833333	0.2825	0.126388889	0.0	0.285277778	0.1	1	0.208333333	0.0	0.63	0.0	0.204
30425	6575	1	1	4	3	2	1	1.0	2	2013	5	12	7	19.75	42	1	1	1	11440	2.773888889	0.819722222	0.178333333	0.183333333	0.21	0.066666667	1	0.395555556	3.0	1.62	0.0	0.154494
30463	6583	1	1	4	5	1	1	1.0	2	2013	5	12	7	12.5	40	1	1	1	14017	3.234722222	1.0525	0.17	0.483333333	0.366666667	0.35	2	0.841666667	5.6	2.58	0.0	0.380198
30464	6583	1	2	4	3	1	1	1.0	2	2013	5	12	7	16.0	40	1	1	1	7030	1.595833333	0.528333333	0.4625	0.0	0.456944444	0.0	0	0.410555556	1.5	1.24	0.0	0.395805
30482	6586	1	1	1	5	1	1	1.0	2	2013	5	13	1	9.0	38	1	0	1	1389	0.3852777779999999	0.134166667	0.213055556	0.0	0.0525	0.0	0	0.123888889	1.5	0.33	0.0	0.275785
30524	6594	0	1	3	5	6	4	1.0	2	2013	5	14	2	19.33333333	25	0	0	1	7926	2.021666667	0.683333333	0.283055556	0.3833333329999999	0.0	0.0	0	0.451111111	1.0	1.43	0.0	0.659483
30526	6594	1	1	4	1	6	1	1.0	2	2013	5	14	2	18.0	34	0	0	1	6249	1.446944444	0.478611111	0.113611111	0.283333333	0.0	0.0	0	0.281111111	2.9	0.94	0.0	0.5988140000000001
30536	6596	0	3	4	1	1	1	1.0	2	2013	5	14	2	21.5	59	0	1	1	1907	0.473055556	0.190277778	0.186111111	0.0	0.1	0.0	0	0.130833333	1.5	0.36	0.0	0.403397
30548	6596	4	0	3	2	1	3	0.0	2	2013	5	14	2	8.366666667	15	1	0	1	2809	0.7280555559999999	0.219722222	0.25	0.15	0.0	0.0	0	0.225833333	0.85	0.58	0.0	0.607626
30565	6599	1	1	4	5	1	5	0.0	2	2013	5	14	2	14.0	77	0	1	1	4511	1.129166667	0.331944444	0.330277778	0.0	0.2666666669999999	0.0	0	0.248611111	0.0	0.91	0.0	0.132961
30569	6600	0	2	1	3	6	1	1.0	2	2013	5	14	2	17.91666667	40	0	1	0	559	0.151944444	0.0841666669999999	0.0308333329999999	0.0	0.069166667	0.0	0	0.088888889	1.5	0.17	0.0	0.509375
30610	6607	1	7	4	4	1	1	1.0	2	2013	5	15	3	15.5	52	0	1	2	3653	0.926111111	0.327777778	0.052777778	0.0	0.341388889	0.074722222	1	0.185555556	3.0	0.73	0.0	0.303892
30620	6609	0	3	3	3	1	5	0.0	2	2013	5	15	3	14.0	64	0	1	1	7747	1.839166667	0.627222222	0.153333333	0.2666666669999999	0.1175	0.102777778	1	0.5852777779999999	0.0	1.46	10.5	0.480778
30656	6614	1	0	3	1	2	1	1.0	2	2013	5	15	3	8.0	41	1	1	1	3921	0.920555556	0.314444444	0.185	0.133333333	0.0	0.0	0	0.285277778	2.4	0.6	10.5	0.7273609999999999
30693	6627	0	2	1	3	6	1	1.0	2	2013	5	16	4	16.91666667	38	1	1	0	948	0.251666667	0.065277778	0.087777778	0.0	0.1	0.0	0	0.1036111109999999	1.5	0.21	0.0	0.434316
30694	6628	0	0	4	3	1	5	0.0	2	2013	5	16	4	19.0	31	0	1	1	8125	1.893611111	0.6325	0.0922222219999999	0.0	0.5325	0.166666667	1	0.373611111	0.0	1.32	0.0	0.413383
30710	6630	3	1	3	2	6	2	0.0	2	2013	5	16	4	12.33333333	17	1	0	0	1640	0.43	0.146666667	0.0425	0.0	0.171111111	0.0	0	0.178055556	0.0	0.38	0.0	0.354134
30727	6635	1	0	3	1	1	1	1.0	2	2013	5	16	4	7.0	58	1	0	1	14532	3.329444444	1.136944444	0.2369444439999999	0.5166666670000001	0.0	0.083333333	1	0.934722222	3.3	2.77	0.0	0.598811
30729	6636	1	2	1	2	1	1	1.0	2	2013	5	16	4	15.0	42	1	1	1	837	0.217777778	0.098888889	0.187777778	0.0	0.0375	0.0	0	0.116111111	1.5	0.29	0.0	0.1076559999999999
30759	6642	2	1	3	2	6	1	1.0	2	2013	5	17	5	16.91666667	19	1	0	0	3033	0.791111111	0.2319444439999999	0.180277778	0.066666667	0.0	0.0	0	0.2288888889999999	1.7	0.54	0.0	0.5679609999999999
30764	6643	1	1	3	1	1	5	0.0	2	2013	5	17	5	18.0	25	0	1	1	16865	4.081666667	1.195833333	0.198611111	0.7666666670000001	0.0	0.15	1	0.999444444	0.0	3.2	0.0	0.404947
30772	6645	0	2	3	3	1	1	1.0	2	2013	5	17	5	18.25	48	1	0	1	2599	0.666944444	0.1819444439999999	0.1475	0.0	0.242222222	0.0	0	0.2372222219999999	1.5	0.57	0.0	0.3922719999999999
30788	6648	0	1	3	5	6	1	1.0	2	2013	5	17	5	17.5	48	0	1	0	16434	4.051666667	1.189444444	0.254722222	0.566666667	0.0	0.1166666669999999	1	1.121666667	3.9	2.92	10.5	0.690441
30847	6658	2	2	1	3	1	3	0.0	2	2013	5	17	5	16.5	14	1	0	1	849	0.187777778	0.076111111	0.0627777779999999	0.0	0.0675	0.0	0	0.06	0.0	0.15	0.0	0.226852
30864	6662	1	0	3	3	1	5	0.0	2	2013	5	18	6	10.5	10	1	0	2	3511	0.8916666670000001	0.270833333	0.1	0.0	0.230555556	0.095555556	1	0.1963888889999999	0.0	0.61	0.0	0.168317
30900	6670	0	2	4	3	1	1	1.0	2	2013	5	18	6	17.01666667	47	1	1	2	18938	4.681944444	1.355833333	0.101944444	0.7666666670000001	0.141666667	0.2166666669999999	2	0.625555556	3.0	5.14	0.0	0.286856
30901	6670	0	3	3	3	1	1	1.0	2	2013	5	18	6	18.16666667	47	1	1	2	8496	1.964444444	0.5508333329999999	0.037777778	0.0	0.678333333	0.1266666669999999	1	0.3952777779999999	3.0	1.48	0.0	0.334505
30903	6671	0	0	4	3	1	1	1.0	2	2013	5	19	7	8.5	55	0	1	2	2792	0.695555556	0.213611111	0.111388889	0.0	0.168888889	0.0	0	0.138333333	1.5	0.51	0.0	0.0863453999999999
30912	6675	0	0	4	3	6	5	0.0	2	2013	5	19	7	17.75	27	1	0	0	1747	0.428611111	0.151666667	0.193055556	0.0	0.240833333	0.0	0	0.195555556	0.0	0.45	0.0	0.389205
30928	6679	0	1	2	3	6	4	1.0	2	2013	5	19	7	10.1	22	1	1	0	851	0.2369444439999999	0.103888889	0.136111111	0.0	0.048055556	0.0	0	0.088888889	1.5	0.2	0.0	0.040625
30943	6680	1	0	1	3	1	5	0.0	2	2013	5	19	7	11.58333333	60	1	1	2	3592	0.8344444440000001	0.305833333	0.176111111	0.0	0.235	0.0	0	0.245	0.0	0.68	0.0	0.512472
30954	6683	0	2	4	5	1	1	1.0	2	2013	5	19	7	10.41666667	26	1	1	1	4122	0.956388889	0.265	0.184166667	0.0	0.305833333	0.0	0	0.2375	1.5	0.67	0.0	0.278363
30975	6685	1	3	4	3	6	1	1.0	2	2013	5	19	7	20.0	54	0	0	0	2463	0.6769444440000001	0.206111111	0.1155555559999999	0.0	0.15	0.0	0	0.151388889	1.5	0.41	0.0	0.315596
30982	6686	0	2	4	1	1	1	1.0	2	2013	5	19	7	14.0	30	0	1	2	1872	0.410555556	0.138611111	0.028333333	0.0	0.194722222	0.0	0	0.138611111	1.5	0.34	0.0	0.673347
31008	6693	0	2	1	5	2	1	1.0	2	2013	5	20	1	14.41666667	22	1	1	2	200	0.060277778	0.0308333329999999	0.028333333	0.0	0.021944444	0.0	0	0.034166667	1.5	0.05	0.0	0.105691
31019	6695	1	0	4	2	1	3	0.0	2	2013	5	20	1	8.5	11	0	0	1	4733	1.192222222	0.416666667	0.124722222	0.1166666669999999	0.242777778	0.373888889	2	0.315277778	0.0	0.88	0.0	0.372687
31031	6696	3	2	4	3	1	5	0.0	2	2013	5	20	1	18.0	9	1	0	2	845	0.2394444439999999	0.079722222	0.1222222219999999	0.033333333	0.0	0.0	0	0.064722222	0.0	0.19	0.0	0.107296
31053	6702	1	0	3	1	1	1	1.0	2	2013	5	20	1	7.25	51	1	1	1	5644	1.329722222	0.345	0.033333333	0.0	0.3388888889999999	0.083333333	1	0.300555556	3.0	0.89	0.0	0.666359
31057	6703	0	0	2	1	6	1	1.0	2	2013	5	20	1	4.166666667	39	0	1	0	4672	1.166944444	0.438333333	0.167777778	0.0	0.266944444	0.1016666669999999	1	0.256111111	3.0	0.78	0.0	0.328633
31069	6705	0	1	3	3	6	5	0.0	2	2013	5	21	2	17.0	52	0	0	0	16131	3.8	1.083611111	0.132222222	0.533333333	0.0	0.133333333	1	0.805	0.0	2.36	0.0	0.565562
31073	6705	2	1	3	2	6	2	0.0	2	2013	5	21	2	14.0	17	0	0	0	1888	0.644166667	0.205	0.2625	0.0	0.199722222	0.0	0	0.128888889	0.0	0.39	0.0	0.148707
31078	6706	3	0	1	1	6	1	1.0	2	2013	5	21	2	12.5	28	0	0	0	1161	0.294722222	0.138611111	0.091388889	0.0	0.083333333	0.0	0	0.0841666669999999	1.5	0.22	0.0	0.20462
31102	6711	1	3	4	5	2	4	1.0	2	2013	5	21	2	8.75	40	0	1	2	1770	0.456666667	0.141666667	0.0825	0.0	0.125	0.0	0	0.1072222219999999	1.5	0.26	0.0	0.261658
31135	6716	0	1	1	1	6	1	1.0	2	2013	5	21	2	19.0	51	1	0	0	792	0.2166666669999999	0.058333333	0.135277778	0.0	0.059722222	0.0	0	0.0711111109999999	1.5	0.15	0.0	0.0195312999999999
31153	6722	0	0	4	1	1	1	1.0	2	2013	5	21	2	13.0	40	0	1	1	1957	0.456111111	0.164166667	0.0925	0.033333333	0.176111111	0.1	1	0.127777778	3.0	0.36	0.0	0.0804348
31175	6726	1	5	4	2	1	1	1.0	2	2013	5	22	3	16.83333333	44	1	1	1	4476	1.298611111	0.4513888889999999	0.375	0.0	0.346388889	0.183055556	1	0.339444444	3.0	1.25	0.0	0.343699
31180	6727	0	2	4	2	5	1	1.0	2	2013	5	22	3	8.666666667000001	45	1	1	2	977	0.350277778	0.095555556	0.1005555559999999	0.0	0.1066666669999999	0.0	0	0.136111111	1.5	0.38	0.0	0.440816
31185	6727	1	1	4	1	5	1	1.0	2	2013	5	22	3	15.0	42	0	1	2	3792	1.066111111	0.341388889	0.412222222	0.066666667	0.0	0.0	0	0.285277778	1.5	1.03	0.0	0.357352
31194	6728	0	3	4	5	1	1	1.0	2	2013	5	22	3	15.51666667	43	1	1	1	6286	1.463055556	0.554444444	0.121111111	0.3	0.0	0.083333333	1	0.528333333	2.4	1.24	0.0	0.685068
31235	6735	1	0	3	2	6	3	0.0	2	2013	5	22	3	7.333333333	13	0	0	0	7587	1.786944444	0.62	0.360833333	0.183333333	0.1186111109999999	0.166666667	1	0.524166667	1.05	1.28	0.0	0.674086
31292	6747	0	2	4	3	1	1	1.0	2	2013	5	23	4	18.5	59	0	1	2	3147	0.769166667	0.213055556	0.1025	0.0	0.283333333	0.0	0	0.2191666669999999	1.5	0.59	0.0	0.334601
31306	6749	2	0	4	2	1	5	0.0	2	2013	5	23	4	8.25	7	0	0	2	2096	0.591944444	0.203611111	0.264722222	0.0	0.230833333	0.0	0	0.151388889	0.0	0.44	0.0	0.444037
31311	6749	3	0	3	2	1	3	0.0	2	2013	5	23	4	7.0	13	1	0	2	2584	0.914444444	0.288611111	0.1475	0.0	0.218333333	0.128055556	1	0.138055556	0.0	0.55	0.0	0.0804829
31330	6754	0	1	3	5	6	5	0.0	2	2013	5	24	5	11.0	73	0	1	0	3000	0.7697222220000001	0.298611111	0.148055556	0.0	0.330833333	0.0	0	0.238333333	0.0	0.63	0.0	0.493007
31345	6757	1	0	4	2	2	1	1.0	2	2013	5	24	5	15.33333333	48	0	1	2	925	0.31	0.110555556	0.185555556	0.0	0.09	0.0	0	0.110555556	1.5	0.23	0.0	0.0904523
31360	6760	1	2	1	3	1	5	0.0	2	2013	5	24	5	16.41666667	63	1	1	1	368	0.090833333	0.035	0.038333333	0.0	0.06	0.0	0	0.0252777779999999	0.0	0.06	0.0	0.230769
31368	6761	1	0	3	3	1	5	0.0	2	2013	5	24	5	14.0	52	0	0	1	1314	0.3677777779999999	0.1005555559999999	0.080277778	0.0	0.106944444	0.0	0	0.101944444	0.0	0.28	0.0	0.0817439
31383	6764	0	5	1	1	6	4	0.5	2	2013	5	24	5	19.0	30	0	1	0	563	0.164444444	0.048055556	0.076111111	0.0	0.028333333	0.0	0	0.0475	0.75	0.11	0.0	0.210526
31387	6765	0	1	3	1	6	1	1.0	2	2013	5	24	5	0.0	25	1	0	0	4189	1.019722222	0.296388889	0.051666667	0.0	0.3533333329999999	0.183333333	1	0.318888889	3.0	0.75	0.0	0.71777
31418	6767	3	0	1	2	1	5	0.0	2	2013	5	24	5	8.25	5	1	0	1	1057	0.233611111	0.096666667	0.185555556	0.0	0.0325	0.0	0	0.085	0.0	0.22	0.0	0.366013
31450	6773	0	2	1	3	6	1	1.0	2	2013	5	25	6	14.0	28	1	0	0	2483	0.6416666670000001	0.217222222	0.230833333	0.0	0.334166667	0.0	0	0.2072222219999999	1.5	0.48	0.0	0.223861
31457	6774	0	1	3	1	6	1	1.0	2	2013	5	25	6	23.25	27	1	1	0	14745	3.358333333	1.254444444	0.1166666669999999	0.533333333	0.0375	0.2	2	0.8605555559999999	4.3	2.9	10.5	0.584248
31458	6775	0	0	4	3	1	1	1.0	2	2013	5	25	6	9.666666667	37	1	1	1	4942	1.265833333	0.365833333	0.079722222	0.083333333	0.4158333329999999	0.1166666669999999	1	0.306388889	3.0	1.2	0.0	0.331822
31463	6775	1	1	4	1	1	1	1.0	2	2013	5	25	6	18.75	40	0	0	1	7117	1.896666667	0.6088888889999999	0.160555556	0.333333333	0.233333333	0.166666667	2	0.346111111	3.0	1.34	0.0	0.29374
31473	6776	3	1	3	1	1	1	1.0	2	2013	5	25	6	19.08333333	28	0	1	1	11228	2.619166667	0.864166667	0.313055556	0.4	0.0	0.0	0	0.8175	2.8	2.12	0.0	0.617397
31495	6782	4	1	4	3	2	2	0.0	2	2013	5	26	7	20.58333333	16	0	0	1	1313	0.3358333329999999	0.147777778	0.239166667	0.016666667	0.0	0.0	0	0.112222222	0.75	0.29	0.0	0.60396
31519	6786	3	2	4	3	1	5	0.0	2	2013	5	26	7	14.0	9	0	0	1	968	0.305555556	0.102777778	0.12	0.0	0.0625	0.0	0	0.098888889	0.0	0.24	0.0	0.2106739999999999
31527	6788	1	2	3	3	2	1	1.0	2	2013	5	27	1	14.5	45	0	1	2	5702	1.4216666669999998	0.481388889	0.153888889	0.166666667	0.0	0.0	0	0.316388889	1.5	0.8	0.0	0.385426
31531	6790	0	1	1	3	6	5	0.0	2	2013	5	27	1	12.83333333	74	0	0	0	497	0.105555556	0.0302777779999999	0.035555556	0.0	0.033333333	0.0	0	0.037222222	0.0	0.08	0.0	0.126866
31556	6794	0	1	4	3	2	1	1.0	2	2013	5	27	1	18.16666667	45	1	1	2	1226	0.313055556	0.153055556	0.152222222	0.0	0.084444444	0.0	0	0.085277778	1.5	0.18	0.0	0.348534
31618	6804	3	0	4	3	2	5	0.0	2	2013	5	28	2	14.0	7	0	0	2	7371	1.665	0.498888889	0.103888889	0.0	0.25	0.0	0	0.2144444439999999	0.0	0.83	0.0	0.1373059999999999
31632	6809	2	0	1	3	6	3	0.0	2	2013	5	28	2	12.0	12	0	0	0	991	0.259722222	0.076666667	0.136388889	0.0	0.09	0.0	0	0.066111111	0.0	0.17	0.0	0.264706
31637	6810	0	4	4	3	1	5	0.0	2	2013	5	28	2	13.0	67	0	1	1	1099	0.295555556	0.1125	0.123888889	0.0	0.066666667	0.0	0	0.119444444	0.0	0.29	0.0	0.218605
31647	6812	0	0	4	3	1	5	0.0	2	2013	5	28	2	15.0	30	1	0	1	6355	1.5725	0.543888889	0.0886111109999999	0.0	0.645	0.088333333	1	0.336666667	0.0	1.08	0.0	0.2400989999999999
31661	6816	0	2	3	3	6	1	1.0	2	2013	5	28	2	15.5	47	0	0	0	7912	1.821944444	0.571666667	0.148055556	0.0	0.566666667	0.0	0	0.3458333329999999	1.5	1.26	0.0	0.318875
31665	6818	0	2	3	3	6	5	0.0	2	2013	5	28	2	14.5	62	1	0	0	1862	0.52	0.175555556	0.231666667	0.0	0.2	0.0	0	0.176388889	0.0	0.39	0.0	0.348031
31683	6823	1	1	4	3	1	1	1.0	2	2013	5	29	3	15.5	57	1	0	1	1165	0.312777778	0.0775	0.115	0.0	0.161666667	0.0	0	0.062222222	1.5	0.21	0.0	0.00892857
31700	6825	1	1	3	3	1	3	0.0	2	2013	5	29	3	15.5	15	0	0	2	1827	0.478611111	0.1475	0.263611111	0.0	0.097222222	0.0	0	0.18	0.0	0.48	0.0	0.2978389999999999
31704	6826	0	1	4	3	1	5	0.0	2	2013	5	29	3	12.25	78	0	1	2	2239	0.639166667	0.178333333	0.261111111	0.0	0.183333333	0.0	0	0.1819444439999999	0.0	0.59	0.0	0.2030529999999999
31705	6827	0	0	3	3	1	1	1.0	2	2013	5	29	3	10.0	44	1	1	2	8667	2.041944444	0.7825	0.1005555559999999	0.2	0.669166667	0.15	1	0.46	3.79	1.52	0.0	0.439614
31726	6832	0	4	1	3	2	5	0.0	2	2013	5	29	3	13.0	69	1	1	2	1430	0.379166667	0.152222222	0.153611111	0.0	0.065555556	0.0	0	0.143055556	0.0	0.28	0.0	0.194175
31729	6833	0	4	1	3	1	1	1.0	2	2013	5	29	3	19.75	28	1	1	1	491	0.135277778	0.033611111	0.0625	0.0	0.025	0.0	0	0.056944444	1.5	0.16	0.0	0.15122
31735	6835	0	0	4	1	1	1	1.0	2	2013	5	29	3	8.5	51	1	1	1	13786	3.314444444	1.010277778	0.4525	0.3	0.35	0.1166666669999999	1	0.728611111	3.9	2.87	0.0	0.6439189999999999
31743	6837	0	1	3	3	6	1	1.0	2	2013	5	29	3	11.5	25	0	1	0	3824	1.208611111	0.3433333329999999	0.113055556	0.0	0.296388889	0.0	0	0.1888888889999999	1.5	0.65	0.0	0.466176
31782	6849	0	0	4	1	1	1	1.0	2	2013	5	31	5	8.0	40	0	1	2	11604	2.9025	0.906666667	0.365	0.6166666670000001	0.0	0.066666667	1	0.491388889	2.4	2.09	0.0	0.400791
31784	6850	0	0	3	3	6	5	0.0	2	2013	5	31	5	14.0	87	1	0	0	2417	0.5902777779999999	0.233333333	0.024166667	0.0	0.155	0.0	0	0.143888889	0.0	0.39	0.0	0.397683
31786	6851	0	0	3	1	1	1	1.0	2	2013	5	31	5	8.0	40	0	1	2	14947	3.346944444	1.047222222	0.145833333	0.45	0.0	0.1	1	0.925833333	6.7	2.48	10.5	0.6246619999999999
31791	6853	0	1	4	5	1	1	1.0	2	2013	5	31	5	15.5	54	1	1	1	874	0.210277778	0.111388889	0.109722222	0.0	0.041111111	0.0	0	0.075555556	1.5	0.17	0.0	0.125
31849	6871	0	0	1	3	3	1	1.0	2	2013	5	31	5	16.5	56	1	1	2	1882	0.5119444439999999	0.136666667	0.098611111	0.0	0.1555555559999999	0.0	0	0.1397222219999999	1.5	0.38	0.0	0.534791
31859	6872	0	3	3	2	1	1	1.0	2	2013	5	31	5	17.0	39	1	1	1	23096	5.425833333	1.759166667	0.298611111	0.316666667	0.091666667	0.133333333	1	0.8272222220000001	5.5	3.85	10.5	0.501007
31881	6874	3	0	3	3	6	5	0.0	2	2013	6	1	6	13.0	5	0	0	0	2077	0.526388889	0.198333333	0.138888889	0.0	0.170555556	0.0	0	0.108611111	0.0	0.34	0.0	0.0690537
31900	6880	0	1	3	4	6	5	0.0	2	2013	6	1	6	15.58333333	38	1	0	0	18784	4.338888889	1.265277778	0.229166667	0.716666667	0.280555556	0.2166666669999999	2	0.919166667	0.0	3.06	0.0	0.519492
31901	6880	0	2	3	4	6	5	0.0	2	2013	6	1	6	17.5	38	1	0	0	3820	0.953611111	0.283611111	0.183333333	0.083333333	0.094166667	0.0922222219999999	1	0.255833333	0.0	0.65	0.0	0.284473
31902	6880	0	3	3	4	6	5	0.0	2	2013	6	1	6	1.5	38	1	0	0	3820	0.978333333	0.301944444	0.218333333	0.0	0.2097222219999999	0.098333333	1	0.2025	0.0	0.6	0.0	0.176955
31947	6891	1	0	3	3	6	1	1.0	2	2013	6	2	7	10.5	31	0	1	0	8569	2.082777778	0.7225	0.104444444	0.0	0.5741666670000001	0.0	0	0.238611111	1.5	1.07	0.0	0.282887
31961	6895	1	0	1	3	6	5	0.0	2	2013	6	2	7	10.0	76	0	0	0	346	0.1436111109999999	0.066944444	0.12	0.0	0.016111111	0.0	0	0.054444444	0.0	0.11	0.0	0.122449
31970	6898	0	4	4	3	1	1	1.0	2	2013	6	2	7	22.0	29	1	0	1	2521	0.644444444	0.201666667	0.180833333	0.0	0.133333333	0.0	0	0.169166667	1.5	0.48	0.0	0.215107
31984	6899	1	4	1	3	2	5	0.0	2	2013	6	2	7	13.5	73	0	1	2	1085	0.278888889	0.094722222	0.151388889	0.0	0.0436111109999999	0.0	0	0.097222222	0.0	0.18	0.0	0.302857
31989	6900	0	3	4	3	1	1	1.0	2	2013	6	2	7	21.0	30	0	1	1	2635	0.718611111	0.190833333	0.258611111	0.0	0.164444444	0.0	0	0.195555556	1.5	0.54	0.0	0.0951705
31994	6901	0	4	4	3	1	1	1.0	2	2013	6	2	7	20.33333333	44	0	1	1	2346	0.5225	0.163333333	0.130277778	0.0	0.128611111	0.0	0	0.155277778	1.5	0.45	0.0	0.286225
31996	6901	1	0	4	3	1	1	1.0	2	2013	6	2	7	12.66666667	37	1	1	1	9242	2.597222222	0.688888889	0.2775	0.25	0.204166667	0.066666667	1	0.273611111	3.0	1.3	0.0	0.341117
32011	6903	2	1	4	1	2	1	1.0	2	2013	6	3	1	20.0	39	0	1	1	11655	2.7180555560000004	0.8969444440000001	0.175	0.183333333	0.327777778	0.25	2	0.5791666670000001	4.5	1.57	0.0	0.300719
32066	6914	0	3	1	3	6	1	1.0	2	2013	6	3	1	17.5	31	0	0	0	1397	0.347777778	0.115277778	0.13	0.0	0.12	0.0	0	0.089444444	1.5	0.23	0.0	0.0621118
32068	6915	0	2	1	5	6	1	1.0	2	2013	6	3	1	16.0	41	0	1	0	2774	0.6325	0.170555556	0.024444444	0.0	0.322222222	0.1	1	0.178611111	3.0	0.49	0.0	0.272162
32069	6916	0	1	4	5	1	1	1.0	2	2013	6	3	1	8.666666667000001	45	1	1	1	1531	0.405	0.113055556	0.193611111	0.0	0.061944444	0.0	0	0.104444444	1.5	0.29	0.0	0.1968089999999999
32099	6924	2	0	1	2	6	5	0.0	2	2013	6	4	2	8.25	7	1	0	0	1014	0.297777778	0.087777778	0.175833333	0.033333333	0.0	0.0	0	0.09	0.0	0.23	0.0	0.108025
32106	6925	0	3	4	3	1	1	1.0	2	2013	6	4	2	19.0	43	0	1	1	1242	0.351111111	0.140833333	0.128055556	0.0	0.075	0.0	0	0.098333333	1.5	0.26	0.0	0.169492
32115	6926	0	1	4	5	2	5	0.0	2	2013	6	4	2	9.833333333	65	1	1	2	1334	0.345	0.1072222219999999	0.1694444439999999	0.033333333	0.0	0.0	0	0.0675	0.0	0.19	0.0	0.1975309999999999
32173	6937	0	0	4	1	1	1	1.0	2	2013	6	4	2	7.0	36	1	1	1	3856	0.932222222	0.259444444	0.119444444	0.0	0.4458333329999999	0.2166666669999999	1	0.163888889	3.0	0.59	0.0	0.3305079999999999
32176	6937	1	1	4	1	1	1	1.0	2	2013	6	4	2	17.83333333	37	0	1	1	3856	0.945	0.302222222	0.195833333	0.0	0.260833333	0.2	1	0.215	3.0	0.7	0.0	0.334625
32179	6938	0	2	2	3	6	1	1.0	2	2013	6	4	2	14.0	24	0	0	0	878	0.2397222219999999	0.080555556	0.115833333	0.0	0.041111111	0.0	0	0.056944444	1.5	0.16	0.0	0.24878
32196	6942	0	2	4	5	2	5	0.0	2	2013	6	4	2	14.33333333	61	1	1	1	10487	2.656388889	0.819722222	0.14	0.133333333	0.796388889	0.2191666669999999	2	0.331944444	0.0	1.88	0.0	0.216736
32197	6942	0	3	4	3	2	5	0.0	2	2013	6	4	2	16.5	61	1	1	1	1898	0.489166667	0.190555556	0.109722222	0.0	0.153055556	0.0	0	0.130555556	0.0	0.32	0.0	0.240426
32213	6946	1	1	1	3	1	1	1.0	2	2013	6	5	3	10.41666667	28	1	1	1	295	0.0875	0.034722222	0.029166667	0.0	0.018611111	0.0	0	0.026388889	1.5	0.07	0.0	0.2947369999999999
32218	6947	0	3	4	3	1	1	1.0	2	2013	6	5	3	18.5	48	1	1	2	6081	1.533333333	0.466388889	0.043888889	0.0	0.638333333	0.0	0	0.307222222	1.5	1.03	0.0	0.322785
32223	6948	0	1	4	3	1	5	0.0	2	2013	6	5	3	11.25	50	0	1	2	2542	0.605833333	0.164166667	0.094166667	0.0	0.1875	0.0	0	0.139166667	0.0	0.45	0.0	0.271457
32231	6951	0	1	4	2	1	2	0.0	2	2013	6	5	3	16.0	17	0	1	1	3271	0.8530555559999999	0.243888889	0.193055556	0.0	0.408611111	0.0	0	0.183055556	0.0	0.57	0.0	0.210926
32235	6952	3	1	1	2	1	2	0.0	2	2013	6	5	3	15.0	16	1	0	2	972	0.312222222	0.0736111109999999	0.235833333	0.0	0.063888889	0.0	0	0.065833333	0.0	0.21	0.0	0.0
32237	6953	0	5	1	3	6	1	1.0	2	2013	6	5	3	15.0	50	1	0	0	696	0.183611111	0.059166667	0.075833333	0.0	0.0461111109999999	0.0	0	0.061666667	1.5	0.15	0.0	0.045045
32245	6956	0	0	3	1	1	1	1.0	2	2013	6	5	3	6.0	40	0	1	1	6384	1.464166667	0.4033333329999999	0.259444444	0.0	0.411388889	0.0	0	0.3575	1.5	1.05	0.0	0.5003890000000001
32274	6962	3	5	3	3	2	1	1.0	2	2013	6	6	4	18.75	57	0	1	1	1544	0.428055556	0.126944444	0.225	0.0	0.058333333	0.0	0	0.093888889	1.5	0.25	0.0	0.186391
32290	6966	0	0	4	1	2	1	1.0	2	2013	6	6	4	7.75	56	1	1	2	4361	1.013888889	0.275	0.2213888889999999	0.0	0.378333333	0.0	0	0.2894444439999999	1.5	0.66	0.0	0.277351
32315	6972	2	2	2	3	6	2	0.0	2	2013	6	6	4	20.33333333	17	0	0	0	2156	0.481111111	0.148611111	0.036944444	0.0	0.205555556	0.0	0	0.1180555559999999	0.0	0.31	0.0	0.4329409999999999
32326	6974	0	1	1	1	1	1	1.0	2	2013	6	6	4	17.5	36	1	1	1	734	0.2463888889999999	0.088888889	0.188611111	0.0	0.022222222	0.0	0	0.13	1.5	0.26	0.0	0.2350429999999999
32347	6977	1	1	3	1	1	1	1.0	2	2013	6	6	4	17.0	36	0	0	1	8132	2.0413888890000003	0.616388889	0.193333333	0.133333333	0.366666667	0.1166666669999999	1	0.4725	3.2	1.82	0.0	0.495591
32360	6979	3	3	4	3	2	3	0.0	2	2013	6	6	4	18.0	13	1	0	2	1024	0.420833333	0.1422222219999999	0.359166667	0.0	0.066666667	0.0	0	0.15	0.0	0.34	0.0	0.198148
32389	6986	3	0	3	2	2	1	0.0	2	2013	6	7	5	10.0	18	1	0	1	9461	2.305	0.780277778	0.031666667	0.0	0.8141666670000001	0.155833333	1	0.412222222	0.0	1.3	0.0	0.33558
32410	6990	0	4	3	5	1	1	1.0	2	2013	6	7	5	22.0	32	1	0	1	1435	0.375833333	0.1375	0.055277778	0.0	0.119444444	0.0	0	0.098611111	1.5	0.28	0.0	0.35493
32435	6991	4	0	1	2	1	3	0.0	2	2013	6	7	5	8.0	12	0	0	1	820	0.3569444439999999	0.1436111109999999	0.2319444439999999	0.0	0.055555556	0.0	0	0.106388889	0.0	0.27	0.0	0.27154
32495	7005	0	8	1	3	2	1	1.0	2	2013	6	8	6	16.0	20	1	1	2	968	0.263611111	0.080833333	0.121944444	0.0	0.0705555559999999	0.0	0	0.0975	1.5	0.2	0.0	0.139601
32496	7005	0	9	1	3	2	1	1.0	2	2013	6	8	6	16.66666667	20	1	1	2	968	0.286666667	0.1072222219999999	0.141666667	0.0	0.041388889	0.0	0	0.1041666669999999	1.5	0.2	0.0	0.168
32509	7005	1	12	4	3	2	1	1.0	2	2013	6	8	6	2.75	21	1	1	2	7547	1.848888889	0.604166667	0.206111111	0.0	0.51	0.088333333	1	0.466111111	3.0	1.14	0.0	0.482718
32514	7007	0	0	4	3	1	1	0.0	2	2013	6	8	6	10.0	69	0	1	2	6096	1.550555556	0.394444444	0.241388889	0.0	0.346666667	0.0	0	0.238611111	0.0	0.97	0.0	0.231665
32525	7009	1	3	4	3	1	1	1.0	2	2013	6	8	6	11.5	46	0	1	1	2766	0.684722222	0.190555556	0.0991666669999999	0.0	0.127777778	0.0	0	0.165277778	1.5	0.5	0.0	0.122689
32534	7012	0	0	1	3	1	1	1.0	2	2013	6	8	6	11.0	47	1	1	2	587	0.1694444439999999	0.066666667	0.114722222	0.0	0.033611111	0.0	0	0.0605555559999999	1.5	0.14	0.0	0.422018
32536	7012	1	1	3	3	1	2	0.0	2	2013	6	8	6	11.91666667	17	0	0	2	1631	0.431388889	0.123055556	0.1166666669999999	0.0	0.1866666669999999	0.0	0	0.133055556	0.0	0.33	0.0	0.524008
32552	7016	2	1	1	2	1	3	0.0	2	2013	6	8	6	12.25	13	0	0	1	879	0.224166667	0.075	0.065833333	0.0	0.062222222	0.0	0	0.051666667	0.0	0.15	0.0	0.27957
32567	7020	0	3	4	3	1	5	0.0	2	2013	6	8	6	17.0	73	0	1	1	1930	0.461111111	0.118333333	0.046944444	0.0	0.133333333	0.0	0	0.096111111	0.0	0.3	0.0	0.277457
32581	7022	2	0	3	3	6	5	0.0	2	2013	6	9	7	16.0	7	1	0	0	3320	0.8919444440000001	0.304722222	0.306111111	0.0	0.1772222219999999	0.0	0	0.164444444	0.0	0.63	0.0	0.336149
32604	7026	1	5	4	3	1	5	0.0	2	2013	6	9	7	16.0	39	1	0	1	3572	0.950833333	0.296944444	0.166666667	0.0	0.301111111	0.0	0	0.2022222219999999	0.0	0.67	0.0	0.289835
32613	7029	0	0	3	1	6	1	1.0	2	2013	6	9	7	7.0	30	1	1	0	6887	1.6233333330000002	0.613611111	0.098333333	0.333333333	0.0	0.0	0	0.240833333	2.4	0.99	0.0	0.432526
32620	7030	0	7	1	3	1	1	1.0	2	2013	6	9	7	17.76666667	31	0	1	1	708	0.241111111	0.094166667	0.160555556	0.0	0.066666667	0.0	0	0.140833333	1.5	0.35	0.0	0.495069
32628	7032	0	2	4	5	1	1	1.0	2	2013	6	9	7	11.75	32	0	1	1	2823	0.671666667	0.220277778	0.198333333	0.0	0.179722222	0.0	0	0.2163888889999999	1.5	0.59	0.0	0.170732
32688	7045	1	5	4	3	1	5	0.0	2	2013	6	10	1	17.25	74	0	1	2	5854	1.5169444440000002	0.4583333329999999	0.459166667	0.0	0.283333333	0.0	0	0.319722222	0.0	1.28	0.0	0.389227
32712	7049	2	0	4	3	1	1	1.0	2	2013	6	10	1	8.5	59	1	1	1	5625	1.381388889	0.484166667	0.115833333	0.0	0.363611111	0.1775	1	0.309444444	3.0	0.97	0.0	0.5260319999999999
32722	7051	0	1	4	3	1	1	1.0	2	2013	6	10	1	11.83333333	57	1	1	2	3500	0.7827777779999999	0.2419444439999999	0.123611111	0.0	0.298888889	0.0	0	0.199444444	1.5	0.62	0.0	0.349582
32727	7051	0	6	4	3	1	1	1.0	2	2013	6	10	1	20.0	57	1	1	2	10862	2.4677777780000003	0.7080555559999999	0.2638888889999999	0.35	0.0	0.133333333	1	0.532222222	2.29	1.63	0.0	0.420668
32733	7052	1	3	3	3	1	5	0.0	2	2013	6	10	1	15.0	67	1	0	1	804	0.192777778	0.069722222	0.098333333	0.0	0.016666667	0.0	0	0.059444444	0.0	0.15	0.0	0.116822
32735	7053	0	1	4	1	1	1	1.0	2	2013	6	10	1	20.58333333	52	1	1	1	7541	1.755	0.604166667	0.3433333329999999	0.0	0.3833333329999999	0.0	0	0.298333333	1.5	1.16	0.0	0.291434
32745	7054	2	0	4	1	1	1	1.0	2	2013	6	10	1	8.5	28	0	1	1	8466	2.122222222	0.744166667	0.170277778	0.0	0.5	0.0	0	0.501111111	1.5	1.57	0.0	0.374723
32767	7058	1	0	3	1	6	1	1.0	2	2013	6	10	1	8.5	33	0	1	0	2435	0.633611111	0.226944444	0.250277778	0.0	0.128611111	0.0	0	0.2525	1.5	0.51	0.0	0.605061
32780	7063	0	0	3	3	6	1	1.0	2	2013	6	10	1	12.0	58	0	0	0	5550	1.342222222	0.484722222	0.295277778	0.0	0.2638888889999999	0.1166666669999999	1	0.297777778	3.0	0.85	0.0	0.189366
32844	7076	1	1	4	1	1	1	1.0	2	2013	6	11	2	17.2	58	0	1	2	5518	1.4444444440000002	0.477777778	0.0352777779999999	0.0	0.49	0.066666667	1	0.3677777779999999	3.0	1.09	0.0	0.333837
32859	7078	1	1	3	3	2	2	0.0	2	2013	6	11	2	13.5	16	0	0	2	2699	0.656388889	0.206666667	0.236666667	0.0	0.188611111	0.0	0	0.171111111	0.0	0.43	0.0	0.300325
32899	7081	3	1	4	2	1	5	0.0	2	2013	6	11	2	17.91666667	6	0	0	2	958	0.231388889	0.0825	0.154722222	0.0	0.058333333	0.0	0	0.079166667	0.0	0.19	0.0	0.0385965
32903	7082	0	5	1	3	6	1	1.0	2	2013	6	11	2	18.16666667	34	1	1	1	1189	0.3125	0.124444444	0.215	0.0	0.057222222	0.0	0	0.093888889	1.5	0.22	0.0	0.236686
32914	7085	2	0	4	2	2	5	0.0	2	2013	6	11	2	7.333333333	7	0	0	2	8385	2.067777778	0.562222222	0.115277778	0.0	0.818333333	0.127222222	1	0.269444444	0.0	1.04	0.0	0.304124
32915	7085	2	2	4	3	2	5	0.0	2	2013	6	11	2	17.0	7	0	0	2	7844	1.940833333	0.616944444	0.0855555559999999	0.0	0.776666667	0.083333333	1	0.279166667	0.0	1.03	0.0	0.168159
32918	7086	0	0	4	3	1	1	1.0	2	2013	6	11	2	12.5	45	1	1	2	9400	2.151666667	0.6083333329999999	0.039444444	0.0	0.474722222	0.208055556	1	0.310833333	3.0	1.28	0.0	0.173369
32927	7087	0	0	4	3	1	5	0.0	2	2013	6	11	2	10.0	68	1	1	2	4478	1.046944444	0.3508333329999999	0.158611111	0.0	0.283333333	0.0	0	0.229166667	0.0	0.73	0.0	0.193939
32934	7088	1	1	4	4	2	1	1.0	2	2013	6	11	2	11.0	42	0	1	2	5926	1.415833333	0.3983333329999999	0.142777778	0.0	0.495	0.0	0	0.327222222	1.5	0.93	0.0	0.248727
32942	7090	0	0	4	1	1	5	0.0	2	2013	6	11	2	7.0	69	1	1	2	6941	1.683611111	0.487222222	0.134444444	0.0	0.527222222	0.1166666669999999	1	0.366944444	0.0	1.31	0.0	0.346707
32958	7093	1	7	4	4	1	1	1.0	2	2013	6	11	2	13.5	25	1	1	1	1920	0.503888889	0.1694444439999999	0.208333333	0.0	0.203888889	0.0	0	0.148055556	1.5	0.39	0.0	0.0938086
32980	7101	0	0	4	4	6	1	1.0	2	2013	6	12	3	8.75	56	1	1	2	2770	0.8977777779999999	0.271666667	0.131666667	0.0	0.496944444	0.071666667	1	0.296666667	3.0	0.69	0.0	0.366105
32991	7102	2	0	3	1	1	1	1.0	2	2013	6	12	3	15.0	34	1	0	1	3537	0.861666667	0.285555556	0.105277778	0.166666667	0.0	0.1166666669999999	1	0.275833333	3.9	0.69	0.0	0.637462
33001	7105	0	1	4	1	1	1	1.0	2	2013	6	12	3	0.5	24	1	1	2	3801	1.0069444440000002	0.302777778	0.321944444	0.0	0.138888889	0.0	0	0.1988888889999999	1.5	0.69	0.0	0.171788
33047	7117	0	3	4	5	1	5	0.0	2	2013	6	13	4	12.25	71	1	1	2	5184	1.250555556	0.445	0.427777778	0.15	0.0	0.0	0	0.287777778	0.0	0.96	0.0	0.440154
33048	7117	0	4	4	3	1	5	0.0	2	2013	6	13	4	12.41666667	71	1	1	2	3696	0.993055556	0.278333333	0.055555556	0.0	0.4008333329999999	0.0	0	0.2713888889999999	0.0	0.75	0.0	0.174002
33088	7126	0	0	2	2	6	4	1.0	2	2013	6	13	4	8.25	22	1	1	0	2193	0.531388889	0.144444444	0.121111111	0.0	0.270833333	0.0	0	0.168055556	1.5	0.37	0.0	0.6380170000000001
33120	7131	0	3	4	5	1	5	0.0	2	2013	6	13	4	19.66666667	61	1	1	1	563	0.115833333	0.048611111	0.0575	0.0	0.044444444	0.0	0	0.049722222	0.0	0.11	0.0	0.307263
33124	7132	0	1	1	3	2	1	1.0	2	2013	6	14	5	6.5	59	0	1	1	829	0.2613888889999999	0.0975	0.158333333	0.0	0.051944444	0.0	0	0.1072222219999999	1.5	0.23	0.0	0.0880828999999999
33134	7134	2	0	3	1	1	1	1.0	2	2013	6	14	5	7.666666667	23	0	1	1	20602	5.015277778	1.5252777780000002	0.4825	0.5	0.0	0.183333333	1	1.188055556	3.6	3.72	0.0	0.57704
33139	7136	0	0	4	5	2	5	0.0	2	2013	6	14	5	11.0	68	1	1	2	10374	3.011388889	0.928333333	1.02	0.0	0.6166666670000001	0.066666667	1	0.433333333	0.0	1.65	0.0	0.195513
33161	7139	1	1	4	3	1	5	0.0	2	2013	6	14	5	20.91666667	71	0	1	1	6419	1.769722222	0.6647222220000001	0.208611111	0.0	0.360277778	0.073055556	1	0.321388889	0.0	1.16	0.0	0.101124
33230	7151	0	4	3	3	1	1	1.0	2	2013	6	15	6	22.33333333	43	0	1	2	11839	2.801944444	0.917222222	0.132777778	0.316666667	0.066666667	0.166666667	2	0.6280555560000001	4.3	1.92	0.0	0.559045
33273	7156	1	1	1	5	6	3	0.0	2	2013	6	15	6	12.75	15	0	0	0	1198	0.323333333	0.25	0.226666667	0.0	0.073333333	0.0	0	0.151666667	0.0	0.35	0.0	0.362637
33278	7156	2	4	1	3	6	5	0.0	2	2013	6	15	6	17.35	5	1	0	0	704	0.194166667	0.082777778	0.110833333	0.0	0.083333333	0.0	0	0.076388889	0.0	0.17	0.0	0.501818
33279	7157	0	0	3	1	2	4	0.5	2	2013	6	15	6	7.5	44	0	1	1	10788	2.444166667	0.8575	0.160833333	0.583333333	0.0	0.0	0	0.520833333	1.6	1.45	10.5	0.519467
33292	7162	0	0	3	3	1	1	1.0	2	2013	6	16	7	18.0	48	0	1	2	7389	1.772777778	0.5541666670000001	0.230833333	0.0	0.504444444	0.0	0	0.495833333	1.5	1.63	0.0	0.461625
33302	7163	1	2	4	3	1	5	0.0	2	2013	6	16	7	19.5	65	0	1	1	7136	1.73	0.576388889	0.230277778	0.2	0.096666667	0.15	1	0.3988888889999999	0.0	1.21	0.0	0.255571
33311	7165	0	1	3	5	6	5	0.0	2	2013	6	16	7	13.33333333	57	0	1	0	1095	0.334166667	0.085277778	0.079722222	0.0	0.071944444	0.0	0	0.090833333	0.0	0.23	0.0	0.314985
33320	7169	0	1	3	5	6	5	0.0	2	2013	6	16	7	14.66666667	33	0	1	0	12650	2.858055556	0.981944444	0.0425	0.35	0.045277778	0.25	2	0.766388889	0.0	1.97	0.0	0.4954689999999999
33338	7175	1	1	3	3	6	1	1.0	2	2013	6	16	7	16.0	49	0	0	0	901	0.224722222	0.07	0.038333333	0.0	0.0625	0.0	0	0.054166667	1.5	0.14	0.0	0.1282049999999999
33339	7175	2	0	3	3	6	3	0.0	2	2013	6	16	7	9.333333333	12	1	0	0	901	0.2191666669999999	0.056111111	0.093888889	0.0	0.051388889	0.0	0	0.045277778	0.0	0.13	0.0	0.0981595
33351	7179	0	1	1	5	1	1	1.0	2	2013	6	16	7	14.41666667	51	1	1	2	631	0.186944444	0.114166667	0.1066666669999999	0.0	0.0577777779999999	0.0	0	0.114722222	1.5	0.27	0.0	0.2857139999999999
33358	7179	1	3	4	3	1	1	1.0	2	2013	6	16	7	18.0	55	0	1	2	18412	4.3386111110000005	1.3891666669999998	0.167777778	0.8	0.2191666669999999	0.25	1	0.996111111	4.3	3.02	0.0	0.6268819999999999
33364	7182	0	0	3	1	6	1	1.0	2	2013	6	16	7	6.0	36	1	1	0	12533	2.846388889	1.008611111	0.083333333	0.0	0.904166667	0.245833333	2	0.5347222220000001	4.5	1.91	0.0	0.380779
33371	7183	0	0	4	3	2	1	1.0	2	2013	6	16	7	10.0	35	0	1	1	610	0.364166667	0.094722222	0.3291666669999999	0.0	0.041666667	0.0	0	0.156111111	1.5	0.45	0.0	0.0338078
33390	7188	0	1	3	1	6	1	1.0	2	2013	6	17	1	15.5	32	1	0	0	16918	4.914444444	1.344722222	0.041666667	0.6	0.375555556	0.3833333329999999	2	0.6130555560000001	4.3	2.66	0.0	0.510648
33396	7190	1	0	4	1	1	1	1.0	2	2013	6	17	1	22.0	49	0	1	1	3939	0.96	0.275	0.3263888889999999	0.0	0.380555556	0.0	0	0.18	1.5	0.64	0.0	0.100309
33432	7198	0	1	4	1	1	1	1.0	2	2013	6	17	1	16.75	33	0	1	1	4396	1.301388889	0.388055556	0.4175	0.0	0.166666667	0.0	0	0.213888889	1.5	0.78	0.0	0.0935065
33435	7198	3	0	1	2	1	5	0.0	2	2013	6	17	1	8.0	7	1	0	1	464	0.136111111	0.046944444	0.065555556	0.0	0.027222222	0.0	0	0.0388888889999999	0.0	0.1	0.0	0.207143
33439	7199	0	3	4	3	1	1	1.0	2	2013	6	17	1	18.16666667	55	1	1	2	2962	0.7538888890000001	0.203333333	0.434444444	0.033333333	0.0	0.0	0	0.148055556	1.7	0.48	0.0	0.170732
33454	7203	0	0	3	3	6	4	0.5	2	2013	6	17	1	9.5	58	0	1	0	1618	0.378055556	0.110555556	0.051666667	0.0	0.100277778	0.0	0	0.131944444	0.75	0.29	0.0	0.454737
33473	7208	0	0	1	4	6	1	1.0	2	2013	6	18	2	7.0	24	0	0	0	1184	0.359722222	0.123333333	0.082777778	0.0	0.103333333	0.0	0	0.0897222219999999	1.5	0.27	0.0	0.0123839
33487	7211	0	1	1	1	1	5	0.0	2	2013	6	18	2	20.0	39	0	1	1	410	0.082222222	0.015833333	0.009444444	0.0	0.018888889	0.0	0	0.0194444439999999	0.0	0.06	0.0	0.228571
33488	7211	0	2	3	3	1	5	0.0	2	2013	6	18	2	21.0	39	0	1	1	3785	0.8925	0.255833333	0.013888889	0.0	0.371388889	0.0	0	0.2425	0.0	0.7	0.0	0.247423
33502	7213	1	5	4	3	6	1	1.0	2	2013	6	18	2	13.25	39	0	0	0	1092	0.283333333	0.1266666669999999	0.101388889	0.0	0.083055556	0.0	0	0.113055556	1.5	0.32	0.0	0.201474
33506	7214	0	2	3	3	6	5	0.0	2	2013	6	18	2	10.41666667	84	1	0	0	1003	0.274166667	0.114444444	0.230277778	0.0	0.027777778	0.0	0	0.052222222	0.0	0.16	0.0	0.202128
33510	7215	0	3	3	3	1	1	1.0	2	2013	6	18	2	22.0	38	1	1	2	8105	2.004722222	0.648055556	0.184166667	0.3	0.15	0.083333333	1	0.526666667	3.9	1.54	0.0	0.5358649999999999
33521	7219	0	0	4	3	1	5	0.0	2	2013	6	18	2	11.0	71	0	1	1	3238	0.9975	0.278611111	0.263333333	0.0	0.259166667	0.0	0	0.213888889	0.0	0.7	0.0	0.150649
33525	7219	1	0	4	3	1	5	0.0	2	2013	6	18	2	11.0	67	1	1	1	3238	0.9975	0.278611111	0.263333333	0.0	0.259166667	0.0	0	0.213888889	0.0	0.7	0.0	0.150649
33537	7223	0	2	1	3	1	5	0.0	2	2013	6	18	2	14.53333333	67	0	1	1	623	0.1555555559999999	0.048055556	0.07	0.0	0.028333333	0.0	0	0.035	0.0	0.11	0.0	0.0555556
33543	7223	2	1	2	3	1	4	0.5	2	2013	6	18	2	14.16666667	21	0	0	1	3214	0.910277778	0.310833333	0.1913888889999999	0.0	0.397222222	0.1	1	0.254166667	1.5	0.8	0.0	0.277596
33550	7224	2	1	1	5	1	1	1.0	2	2013	6	18	2	12.0	22	1	0	1	1247	0.307222222	0.099722222	0.0855555559999999	0.05	0.0	0.0	0	0.1255555559999999	2.4	0.27	10.5	0.632743
33562	7227	0	1	3	5	6	1	1.0	2	2013	6	18	2	8.833333332999999	43	1	0	0	2678	0.583333333	0.1541666669999999	0.043888889	0.0	0.150555556	0.0	0	0.165	1.5	0.39	0.0	0.476431
33563	7227	0	2	3	3	6	1	1.0	2	2013	6	18	2	9.5	43	1	0	0	2566	0.5952777779999999	0.165555556	0.085	0.0	0.240277778	0.0	0	0.169166667	1.5	0.42	0.0	0.65353
33572	7229	1	0	3	3	2	5	0.0	2	2013	6	19	3	12.0	58	1	0	1	2107	0.499444444	0.157777778	0.0861111109999999	0.0	0.416666667	0.0	0	0.208055556	0.0	0.36	0.0	0.365821
33574	7229	2	0	4	1	2	5	0.0	2	2013	6	19	3	11.0	35	0	1	1	4047	0.974166667	0.296944444	0.0841666669999999	0.0	0.433333333	0.1	1	0.313333333	0.0	0.64	0.0	0.274823
33597	7234	0	3	3	3	6	5	0.0	2	2013	6	19	3	11.75	44	1	0	0	947	0.289722222	0.091666667	0.063055556	0.0	0.055555556	0.0	0	0.1022222219999999	0.0	0.24	0.0	0.0108696
33662	7246	0	2	4	2	1	1	1.0	2	2013	6	20	4	8.216666667	47	1	1	2	1466	0.360277778	0.091666667	0.142777778	0.0	0.153333333	0.0	0	0.112777778	1.5	0.32	0.0	0.1330049999999999
33689	7247	1	3	4	3	1	1	1.0	2	2013	6	20	4	9.5	54	1	1	1	3156	0.741944444	0.426111111	0.299166667	0.1166666669999999	0.123333333	0.11	1	0.315833333	3.0	0.98	0.0	0.204925
33699	7248	0	0	3	2	6	1	1.0	2	2013	6	20	4	8.333333332999999	28	1	0	0	2443	0.571944444	0.206111111	0.0872222219999999	0.0	0.4694444439999999	0.0	0	0.195277778	1.5	0.45	0.0	0.429587
33713	7249	0	6	4	3	1	1	1.0	2	2013	6	20	4	20.25	43	0	1	2	1618	0.439166667	0.145	0.148611111	0.0	0.106388889	0.0	0	0.1375	1.5	0.37	0.0	0.2969699999999999
33730	7251	3	1	3	2	6	3	0.0	2	2013	6	20	4	15.66666667	15	1	0	0	1233	0.2825	0.105833333	0.0872222219999999	0.0	0.133333333	0.0	0	0.133333333	0.0	0.32	0.0	0.11875
33775	7257	0	7	4	5	2	1	1.0	2	2013	6	21	5	17.5	29	1	1	1	11852	2.816666667	0.970833333	0.123055556	0.416666667	0.0	0.133333333	1	0.735833333	3.9	1.83	0.0	0.537184
33792	7258	0	6	4	4	5	1	1.0	2	2013	6	21	5	17.33333333	28	0	1	2	10049	2.45	0.750833333	0.145	0.3833333329999999	0.255	0.133333333	1	0.7777777779999999	4.4	2.6	0.0	0.513929
33793	7259	0	0	3	2	6	1	1.0	2	2013	6	21	5	8.0	50	1	0	0	605	0.180833333	0.118888889	0.0511111109999999	0.0	0.038055556	0.0	0	0.061666667	1.5	0.17	0.0	0.13964
33817	7262	1	1	1	2	1	1	1.0	2	2013	6	21	5	8.333333332999999	48	1	1	1	586	0.126944444	0.026666667	0.072222222	0.0	0.03	0.0	0	0.0502777779999999	1.5	0.11	0.0	0.309392
33905	7273	2	1	1	5	1	3	0.0	2	2013	6	22	6	16.0	15	1	0	2	1202	0.328333333	0.128611111	0.221111111	0.016666667	0.0	0.0	0	0.168333333	0.75	0.34	10.5	0.589109
33911	7274	0	1	4	1	2	1	1.0	2	2013	6	22	6	16.0	35	0	1	1	11588	2.755	0.8855555559999999	0.305	0.65	0.0	0.083333333	1	0.7	2.8	1.72	0.0	0.5158729999999999
33928	7278	3	1	4	3	2	5	0.0	2	2013	6	22	6	19.0	6	1	0	1	7883	1.853611111	0.7475	0.3977777779999999	0.283333333	0.0	0.0	0	0.4658333329999999	0.0	1.34	0.0	0.455575
33948	7283	1	1	3	3	6	3	0.0	2	2013	6	22	6	12.0	11	0	0	0	1810	0.4538888889999999	0.165277778	0.1066666669999999	0.0	0.140555556	0.0	0	0.178611111	0.0	0.35	0.0	0.303266
33967	7285	1	3	3	3	6	1	1.0	2	2013	6	22	6	20.5	36	1	0	0	5133	1.406388889	0.3977777779999999	0.1197222219999999	0.0	0.4927777779999999	0.1166666669999999	1	0.234166667	3.0	0.87	0.0	0.271649
34013	7293	1	1	3	5	1	5	0.0	2	2013	6	23	7	11.16666667	71	0	1	1	3276	0.794444444	0.4108333329999999	0.230833333	0.0	0.3275	0.134444444	1	0.278888889	0.0	0.74	0.0	0.359562
34031	7297	0	1	4	3	2	5	0.0	2	2013	6	23	7	18.08333333	75	1	1	1	2032	0.5775	0.146944444	0.396111111	0.0	0.039166667	0.0	0	0.1166666669999999	0.0	0.45	0.0	0.147619
34041	7300	0	2	4	3	2	1	1.0	2	2013	6	23	7	12.0	55	0	1	2	1030	0.2688888889999999	0.127222222	0.139444444	0.05	0.0	0.0	0	0.1	1.5	0.23	0.0	0.194444
34059	7306	0	0	4	1	2	1	1.0	2	2013	6	24	1	6.5	50	0	1	1	3690	0.993333333	0.3433333329999999	0.120277778	0.233333333	0.0627777779999999	0.104444444	1	0.209166667	3.2	0.56	0.0	0.176627
34081	7310	2	1	3	5	1	1	1.0	2	2013	6	24	1	15.0	51	1	0	2	2581	0.780833333	0.2044444439999999	0.1375	0.0	0.233333333	0.0	0	0.1963888889999999	1.5	0.56	0.0	0.18529
34100	7316	1	5	1	3	1	1	1.0	2	2013	6	24	1	11.91666667	50	0	1	2	771	0.170555556	0.0433333329999999	0.041944444	0.0	0.016666667	0.0	0	0.0308333329999999	1.5	0.11	0.0	0.171171
34128	7321	0	5	3	1	6	1	1.0	2	2013	6	24	1	21.5	37	1	0	0	3082	0.792222222	0.33	0.118333333	0.0	0.25	0.0	0	0.200555556	1.5	0.53	0.0	0.112188
34134	7322	0	2	1	5	6	5	0.0	2	2013	6	24	1	13.83333333	66	0	1	0	866	0.195833333	0.080833333	0.076388889	0.0	0.07	0.0	0	0.065555556	0.0	0.15	0.0	0.4533899999999999
34153	7329	0	2	1	5	1	1	1.0	2	2013	6	25	2	9.583333333	45	1	1	1	1418	0.396944444	0.112777778	0.112222222	0.0	0.127777778	0.0	0	0.1186111109999999	1.5	0.4	0.0	0.168618
34173	7331	0	3	1	3	1	4	0.5	2	2013	6	25	2	18.5	32	0	0	1	433	0.198611111	0.072777778	0.145833333	0.0	0.033333333	0.0	0	0.075555556	0.75	0.17	0.0	0.433824
34181	7333	0	0	4	1	1	5	0.0	2	2013	6	25	2	4.0	56	0	1	1	3581	0.841666667	0.2625	0.271944444	0.0	0.158333333	0.0	0	0.200833333	0.0	0.61	0.0	0.0857538
34192	7336	3	1	3	2	6	3	0.0	2	2013	6	25	2	15.0	14	0	0	0	1347	0.283888889	0.110555556	0.108333333	0.0	0.066666667	0.0	0	0.1222222219999999	0.0	0.28	0.0	0.386364
34195	7337	0	0	3	3	6	1	1.0	2	2013	6	25	2	10.5	70	0	1	0	2838	0.7125	0.272777778	0.131666667	0.2166666669999999	0.0	0.0	0	0.233888889	1.5	0.57	0.0	0.699525
34228	7342	2	0	3	1	1	1	1.0	2	2013	6	25	2	8.5	22	1	0	1	8234	2.304722222	0.6180555560000001	0.232777778	0.2666666669999999	0.124722222	0.183333333	2	0.411111111	3.9	1.58	0.0	0.5716220000000001
34249	7345	0	9	3	3	1	5	0.0	2	2013	6	25	2	18.66666667	80	1	1	2	3734	0.885	0.2944444439999999	0.123888889	0.0	0.221111111	0.0	0	0.2325	0.0	0.69	0.0	0.240143
34302	7355	1	6	4	4	1	1	1.0	2	2013	6	26	3	16.58333333	57	1	1	2	3912	1.144444444	0.3544444439999999	0.249444444	0.0	0.4	0.0	0	0.287777778	1.5	0.82	0.0	0.275097
34326	7361	1	1	4	4	1	5	0.0	2	2013	6	26	3	18.83333333	61	0	1	1	995	0.253333333	0.13	0.1580555559999999	0.0	0.080833333	0.0	0	0.1	0.0	0.27	0.0	0.333333
34331	7362	1	1	4	5	1	1	1.0	2	2013	6	26	3	17.58333333	37	1	1	2	1234	0.2872222219999999	0.119444444	0.142777778	0.0	0.111111111	0.0	0	0.153055556	1.5	0.4	0.0	0.6951
34357	7366	0	8	3	5	6	1	0.5	2	2013	6	26	3	16.2	45	1	0	0	3294	0.766388889	0.2238888889999999	0.108611111	0.0	0.3544444439999999	0.0	0	0.258888889	0.75	0.6	0.0	0.256438
34434	7380	0	3	4	3	1	1	1.0	2	2013	6	27	4	12.33333333	46	1	1	2	1757	0.4069444439999999	0.115277778	0.135	0.0	0.168055556	0.0	0	0.095555556	1.5	0.3	0.0	0.337209
34435	7380	0	4	1	2	1	1	1.0	2	2013	6	27	4	15.33333333	46	1	1	2	369	0.1175	0.075833333	0.058888889	0.0	0.0233333329999999	0.0	0	0.041388889	1.5	0.13	0.0	0.0268455999999999
34446	7382	0	1	4	5	2	5	0.0	2	2013	6	27	4	12.0	64	0	1	2	10637	2.514166667	0.796111111	0.155833333	0.5	0.0	0.25	2	0.573055556	0.0	1.52	0.0	0.339312
34462	7387	0	1	4	3	1	5	0.0	2	2013	6	27	4	11.33333333	78	0	1	1	2323	0.536666667	0.187222222	0.105555556	0.0	0.1397222219999999	0.0	0	0.146666667	0.0	0.75	0.0	0.236742
34541	7403	1	3	3	3	6	1	1.0	2	2013	6	28	5	22.0	61	0	1	0	1839	0.481388889	0.206666667	0.0875	0.0	0.133333333	0.0	0	0.146388889	1.5	0.34	0.0	0.362429
34568	7409	2	1	3	5	1	3	0.0	2	2013	6	29	6	11.75	15	0	0	1	846	0.2	0.0475	0.0577777779999999	0.0	0.095833333	0.0	0	0.064166667	0.0	0.16	0.0	0.246753
34587	7410	3	0	1	3	6	1	1.0	2	2013	6	29	6	18.0	32	0	0	0	966	0.397222222	0.130555556	0.202777778	0.033333333	0.0	0.0	0	0.112777778	1.5	0.3	0.0	0.160099
34614	7417	0	0	3	3	6	1	1.0	2	2013	6	29	6	13.0	22	0	1	0	12237	2.706944444	0.970833333	0.1	0.3833333329999999	0.085	0.1222222219999999	1	0.661111111	4.3	2.09	10.5	0.62563
34617	7417	1	0	3	3	6	1	1.0	2	2013	6	29	6	13.0	22	1	0	0	12237	2.706944444	0.970833333	0.1	0.3833333329999999	0.085	0.1222222219999999	1	0.661111111	4.3	2.09	10.5	0.62563
34646	7423	0	3	3	3	1	1	1.0	2	2013	6	29	6	0.75	44	0	1	2	10564	2.564722222	0.962222222	0.360277778	0.0	0.801111111	0.0	0	0.6891666670000001	1.5	2.02	0.0	0.505844
34649	7425	0	0	2	3	1	1	1.0	2	2013	6	29	6	8.3	51	1	1	2	4805	1.170277778	0.370833333	0.111944444	0.1166666669999999	0.057222222	0.238611111	1	0.311944444	3.0	0.93	0.0	0.407836
34684	7430	0	2	4	3	1	1	1.0	2	2013	6	30	7	15.0	33	1	1	2	3904	1.005555556	0.299444444	0.062222222	0.0	0.25	0.0	0	0.232222222	1.5	0.7	0.0	0.228469
34690	7431	1	2	4	3	1	1	1.0	2	2013	6	30	7	14.0	46	1	1	1	1806	0.453611111	0.124444444	0.271111111	0.0	0.0525	0.0	0	0.114444444	1.5	0.36	0.0	0.0849515
34695	7431	2	5	4	3	1	3	0.0	2	2013	6	30	7	17.0	11	0	0	1	426	0.145555556	0.034722222	0.125833333	0.0	0.02	0.0	0	0.059722222	0.0	0.14	0.0	0.0697674
34718	7436	1	2	4	3	3	1	1.0	2	2013	6	30	7	18.16666667	52	1	1	1	9722	2.3325	0.734166667	0.195833333	0.2666666669999999	0.16	0.073333333	1	0.468055556	3.0	1.58	0.0	0.4183979999999999
34726	7437	0	1	4	3	6	4	1.0	2	2013	6	30	7	16.58333333	30	1	1	0	556	0.164444444	0.088055556	0.124444444	0.0	0.04	0.0	0	0.087777778	1.5	0.19	0.0	0.610759
34732	7438	0	0	3	3	6	1	1.0	2	2013	6	30	7	10.0	26	1	0	0	2994	0.761944444	0.245277778	0.125277778	0.0	0.222777778	0.0	0	0.185833333	1.5	0.54	0.0	0.254111
34737	7440	0	2	4	3	5	1	1.0	2	2013	6	30	7	12.25	45	1	1	2	1632	0.428333333	0.135	0.08	0.0	0.089444444	0.0	0	0.116944444	1.5	0.4	0.0	0.154394
34740	7440	2	0	4	3	2	5	0.0	2	2013	6	30	7	10.91666667	9	0	0	2	3300	0.8322222220000001	0.258333333	0.238888889	0.0	0.232222222	0.0	0	0.205833333	0.0	0.51	0.0	0.145749
34749	7441	1	3	1	3	5	1	1.0	2	2013	6	30	7	16.0	50	0	0	1	1874	0.468055556	0.1625	0.258888889	0.0	0.1566666669999999	0.0	0	0.164722222	1.5	0.59	0.0	0.141653
34760	7443	2	1	4	3	1	3	0.0	2	2013	6	30	7	21.66666667	15	0	0	1	4309	1.168333333	0.356388889	0.3383333329999999	0.0	0.180277778	0.0	0	0.205	0.0	0.75	0.0	0.0948508999999999
34791	7449	1	3	4	3	1	1	1.0	2	2013	7	1	1	19.75	25	1	1	2	3859	0.974166667	0.280833333	0.221111111	0.0	0.2047222219999999	0.0	0	0.173611111	1.5	0.67	0.0	0.0816
34830	7458	0	2	3	3	2	5	0.0	2	2013	7	1	1	14.0	75	0	1	1	2958	0.652222222	0.217777778	0.158888889	0.0	0.173611111	0.0	0	0.203055556	0.0	0.57	0.0	0.179207
34839	7461	0	1	3	5	1	1	1.0	2	2013	7	1	1	8.833333332999999	42	1	1	1	8378	1.976111111	0.6738888890000001	0.228055556	0.333333333	0.0	0.0	0	0.5875	3.5	1.59	10.5	0.540898
34872	7466	2	3	4	3	2	5	0.0	2	2013	7	1	1	19.16666667	9	1	0	1	1119	0.3075	0.0872222219999999	0.150833333	0.0	0.041944444	0.0	0	0.0775	0.0	0.19	0.0	0.0322581
34887	7470	0	5	3	3	6	1	1.0	2	2013	7	1	1	21.0	31	0	1	0	11478	2.7425	0.8575	0.286388889	0.5166666670000001	0.0	0.133333333	1	0.626388889	2.4	1.74	0.0	0.42306
34897	7471	1	1	3	1	1	1	1.0	2	2013	7	1	1	16.5	50	0	0	1	12291	3.125277778	0.907777778	0.3988888889999999	0.316666667	0.144444444	0.2166666669999999	1	0.6052777779999999	4.4	2.06	0.0	0.47453
34920	7476	0	0	3	1	1	1	1.0	2	2013	7	2	2	8.75	53	1	0	1	3974	1.007222222	0.336666667	0.093055556	0.0	0.4675	0.0	0	0.2675	1.5	0.82	0.0	0.198339
34922	7476	1	0	3	1	1	1	1.0	2	2013	7	2	2	7.5	54	0	1	1	18243	4.276666667	1.4122222219999998	0.222777778	0.6	0.0	0.183333333	1	1.2430555559999998	6.9	3.27	10.5	0.688715
34971	7485	1	1	4	4	5	1	1.0	2	2013	7	2	2	16.0	57	0	1	2	9961	2.201111111	0.7575	0.480555556	0.2166666669999999	0.0	0.0	0	0.534444444	2.8	2.09	0.0	0.5675680000000001
34978	7486	3	1	3	3	1	1	1.0	2	2013	7	2	2	16.75	18	1	0	1	2418	0.521111111	0.134444444	0.097777778	0.0	0.183333333	0.0	0	0.136111111	1.5	0.38	0.0	0.2265309999999999
34987	7487	3	3	3	5	6	2	0.0	2	2013	7	2	2	14.0	16	1	0	0	5548	1.365	0.433333333	0.067777778	0.0	0.7	0.0	0	0.347777778	0.0	1.02	0.0	0.2268369999999999
35006	7492	0	0	3	1	6	1	1.0	2	2013	7	2	2	15.25	51	1	1	0	2952	0.83	0.253055556	0.153888889	0.0	0.2072222219999999	0.0	0	0.1838888889999999	1.5	0.54	0.0	0.231118
35016	7493	1	0	4	2	1	1	1.0	2	2013	7	2	2	16.25	33	1	1	2	3587	0.8855555559999999	0.258055556	0.114166667	0.0	0.3677777779999999	0.0	0	0.2847222219999999	1.5	0.71	0.0	0.2126829999999999
35039	7500	1	1	3	1	1	1	1.0	2	2013	7	2	2	18.5	38	1	0	1	3972	1.066111111	0.312222222	0.119444444	0.0	0.6022222220000001	0.0	0	0.308888889	1.5	0.85	0.0	0.494604
35044	7501	2	2	4	3	6	1	1.0	2	2013	7	3	3	19.0	20	1	0	0	2137	0.531388889	0.150833333	0.2475	0.0	0.118333333	0.0	0	0.150833333	1.5	0.39	0.0	0.143646
35054	7504	0	0	4	1	1	1	0.0	2	2013	7	3	3	7.75	52	0	1	1	4046	0.982777778	0.278333333	0.123611111	0.0	0.3238888889999999	0.0	0	0.253333333	0.0	0.72	0.0	0.54057
35069	7505	0	11	4	4	1	1	1.0	2	2013	7	3	3	14.5	32	1	1	2	2680	0.661111111	0.2372222219999999	0.308888889	0.0	0.117777778	0.0	0	0.164444444	1.5	0.47	0.0	0.206081
35096	7510	0	6	1	2	1	1	1.0	2	2013	7	3	3	15.08333333	41	1	0	1	1035	0.29	0.080555556	0.189722222	0.0	0.033055556	0.0	0	0.075277778	1.5	0.25	0.0	0.0405904
35135	7519	0	2	3	5	2	5	0.0	2	2013	7	3	3	16.5	67	1	0	2	2164	0.560277778	0.253333333	0.280555556	0.1	0.0	0.0	0	0.255277778	0.0	0.46	10.5	0.623504
35137	7519	1	0	4	3	2	5	0.0	2	2013	7	3	3	13.0	65	0	1	2	1162	0.2844444439999999	0.082222222	0.114444444	0.0	0.088888889	0.0	0	0.067777778	0.0	0.17	0.0	0.184426
35161	7523	1	1	4	5	1	5	0.0	2	2013	7	4	4	12.0	62	1	1	2	3231	0.7886111109999999	0.2444444439999999	0.055277778	0.0	0.240555556	0.0	0	0.162777778	0.0	0.52	0.0	0.167235
35175	7525	2	1	4	3	3	4	1.0	2	2013	7	4	4	13.91666667	21	0	1	1	2205	0.5736111110000001	0.165833333	0.319722222	0.05	0.0	0.0	0	0.132222222	1.25	0.47	0.0	0.10084
35188	7529	0	4	4	3	1	1	1.0	2	2013	7	4	4	13.0	32	1	1	1	610	0.157222222	0.0461111109999999	0.093333333	0.0	0.015555556	0.0	0	0.0313888889999999	1.5	0.1	0.0	0.0353982
35214	7535	0	1	4	3	1	5	0.0	2	2013	7	4	4	12.0	63	0	1	1	2912	0.855555556	0.281388889	0.108888889	0.0	0.302222222	0.0	0	0.231666667	0.0	0.68	0.0	0.266187
35233	7538	0	1	4	1	1	1	1.0	2	2013	7	5	5	17.0	55	0	1	1	5285	1.300833333	0.425	0.108611111	0.0	0.783333333	0.0	0	0.428333333	1.5	1.13	0.0	0.452659
35235	7538	1	1	1	1	1	1	1.0	2	2013	7	5	5	16.25	53	1	0	1	830	0.2488888889999999	0.1197222219999999	0.1166666669999999	0.0	0.1022222219999999	0.0	0	0.163055556	1.5	0.38	0.0	0.647359
35252	7540	0	1	3	5	1	1	1.0	2	2013	7	5	5	9.75	45	1	1	2	9066	2.023055556	0.7463888890000001	0.128888889	0.483333333	0.0	0.0	0	0.6525	2.4	1.86	10.5	0.694764
35260	7542	0	2	4	3	1	1	1.0	2	2013	7	5	5	16.5	40	1	1	1	3501	0.874166667	0.285833333	0.243611111	0.1	0.0	0.0	0	0.179722222	1.7	0.57	0.0	0.251932
35315	7555	3	1	1	5	6	3	0.0	2	2013	7	5	5	14.75	12	0	0	0	516	0.1072222219999999	0.045	0.033888889	0.016666667	0.0	0.0	0	0.144444444	0.75	0.26	10.5	0.380769
35372	7569	1	1	4	3	1	1	1.0	2	2013	7	7	7	16.9	38	0	1	1	2671	0.6769444440000001	0.196111111	0.090555556	0.0	0.154722222	0.0	0	0.1166666669999999	1.5	0.41	0.0	0.0880952
35377	7571	0	0	1	3	6	1	1.0	2	2013	7	7	7	11.5	24	1	0	0	1404	0.3775	0.134722222	0.155833333	0.0	0.094166667	0.0	0	0.093611111	1.5	0.25	0.0	0.1246289999999999
35379	7571	0	2	3	3	6	1	1.0	2	2013	7	7	7	17.0	24	1	0	0	4492	1.153888889	0.339166667	0.070833333	0.0	0.480277778	0.066388889	1	0.330277778	3.0	0.86	0.0	0.563499
35380	7571	0	3	3	3	6	1	1.0	2	2013	7	7	7	20.0	24	1	0	0	4492	1.176111111	0.372222222	0.022222222	0.0	0.435555556	0.1166666669999999	1	0.2819444439999999	3.0	0.77	0.0	0.605911
35385	7572	1	0	3	3	6	3	0.0	2	2013	7	7	7	9.0	15	1	0	0	1084	0.2638888889999999	0.0866666669999999	0.149444444	0.0	0.033333333	0.0	0	0.045833333	0.0	0.15	0.0	0.187879
35389	7572	2	0	3	3	6	3	0.0	2	2013	7	7	7	9.0	13	0	0	0	1084	0.2638888889999999	0.0866666669999999	0.149444444	0.0	0.033333333	0.0	0	0.045833333	0.0	0.15	0.0	0.187879
35407	7576	0	0	3	3	6	5	0.0	2	2013	7	7	7	12.5	48	1	0	0	1671	0.470555556	0.156111111	0.188055556	0.0	0.233333333	0.0	0	0.151388889	0.0	0.36	0.0	0.284404
35414	7579	0	0	4	3	1	1	1.0	2	2013	7	7	7	11.5	59	1	1	2	3002	0.7719444440000001	0.198055556	0.293611111	0.0	0.208611111	0.146388889	1	0.181388889	3.0	0.55	0.0	0.124043
35415	7579	0	1	4	3	1	1	1.0	2	2013	7	7	7	12.0	59	1	1	2	3002	0.7869444440000001	0.205833333	0.485	0.0	0.123055556	0.0	0	0.189722222	1.5	0.55	0.0	0.0688141
35422	7581	0	0	3	1	1	1	1.0	2	2013	7	8	1	6.75	44	0	1	2	17072	4.068055556	1.240833333	0.191944444	0.7	0.154444444	0.083333333	1	0.8833333329999999	5.4	2.97	0.0	0.498742
35448	7585	1	2	3	3	1	1	1.0	2	2013	7	8	1	19.75	50	1	1	1	8058	1.914444444	0.6183333329999999	0.1866666669999999	0.0	0.366666667	0.0	0	0.317777778	1.5	1.37	0.0	0.27535
35458	7588	0	0	3	1	6	1	1.0	2	2013	7	8	1	9.0	27	0	1	0	11172	2.479166667	0.917777778	0.145833333	0.366666667	0.115	0.1	1	0.765277778	4.4	1.89	10.5	0.7125229999999999
35479	7591	0	5	4	3	2	4	1.0	2	2013	7	8	1	14.25	38	1	1	1	2105	0.471111111	0.1436111109999999	0.212777778	0.0	0.1722222219999999	0.1	1	0.146111111	3.0	0.34	0.0	0.262357
35488	7591	3	4	4	3	2	5	0.0	2	2013	7	8	1	17.75	6	1	0	1	2105	0.55	0.260277778	0.214166667	0.0	0.1888888889999999	0.083333333	1	0.1769444439999999	0.0	0.43	0.0	0.2229199999999999
35523	7600	0	0	3	1	6	1	1.0	2	2013	7	8	1	7.25	52	1	0	0	3524	0.843333333	0.281111111	0.1075	0.0	0.183333333	0.0	0	0.192777778	1.5	0.57	0.0	0.476945
35541	7604	0	2	3	5	6	1	1.0	2	2013	7	9	2	14.0	31	1	0	0	7546	1.773611111	0.501111111	0.076111111	0.2	0.114722222	0.083333333	1	0.407777778	3.0	1.17	0.0	0.290191
35552	7605	1	0	4	3	3	5	0.0	2	2013	7	9	2	14.0	72	1	0	1	13583	3.2580555560000004	0.953055556	0.217222222	0.0	0.943055556	0.098888889	1	0.600833333	0.0	2.22	0.0	0.69718
35560	7607	1	1	4	1	1	1	1.0	2	2013	7	9	2	17.5	35	0	1	1	5004	1.136944444	0.334722222	0.084444444	0.0	0.376944444	0.0	0	0.272777778	1.5	0.79	0.0	0.42668
35580	7611	1	0	4	1	1	1	1.0	2	2013	7	9	2	7.083333333	26	1	1	2	10439	2.512777778	0.806666667	0.243888889	0.366666667	0.110833333	0.197777778	2	0.6025	4.0	1.79	0.0	0.530659
35584	7612	0	3	1	1	6	1	1.0	2	2013	7	9	2	18.5	39	1	1	0	2082	0.4675	0.155	0.091944444	0.0	0.225	0.0	0	0.166666667	1.5	0.34	0.0	0.781667
35618	7619	3	0	4	1	1	1	1.0	2	2013	7	9	2	7.0	44	0	1	1	4915	1.19	0.357222222	0.140555556	0.15	0.144166667	0.133333333	1	0.218611111	3.2	0.77	0.0	0.240152
35665	7626	1	3	3	5	1	2	0.0	2	2013	7	10	3	16.5	16	0	0	2	1210	0.290833333	0.0861111109999999	0.158333333	0.0	0.080833333	0.0	0	0.0991666669999999	0.0	0.24	0.0	0.291317
35688	7630	2	1	3	3	6	2	0.0	2	2013	7	10	3	18.25	17	1	0	0	4244	1.061111111	0.414166667	0.248611111	0.2166666669999999	0.0	0.0	0	0.35	1.45	0.81	0.0	0.5428569999999999
35692	7631	0	3	4	1	2	1	1.0	2	2013	7	10	3	19.0	35	0	1	2	9269	2.170833333	0.68	0.420555556	0.3	0.0	0.0	0	0.3913888889999999	2.8	1.21	0.0	0.584102
35715	7638	1	2	4	3	1	1	1.0	2	2013	7	10	3	18.16666667	33	0	1	1	7880	1.885277778	0.5872222220000001	0.133611111	0.3	0.14	0.094722222	1	0.488888889	4.4	1.41	0.0	0.467614
35721	7638	4	1	3	4	1	5	0.0	2	2013	7	10	3	20.0	19	0	0	1	7085	1.853055556	0.595	0.120277778	0.416666667	0.105	0.25	2	0.416111111	0.0	1.28	0.0	0.631509
35780	7648	1	6	2	3	1	5	0.0	2	2013	7	11	4	20.75	74	0	1	2	3622	0.931111111	0.302777778	0.1825	0.083333333	0.093888889	0.183333333	1	0.167222222	0.0	0.62	0.0	0.0498339
35814	7657	0	0	2	3	6	1	0.0	2	2013	7	11	4	17.0	18	0	1	1	1626	0.401944444	0.1155555559999999	0.061666667	0.0	0.115	0.0	0	0.094166667	0.0	0.26	0.0	0.135693
35816	7657	2	0	1	1	6	1	1.0	2	2013	7	11	4	8.666666667000001	47	0	1	1	1347	0.333611111	0.096388889	0.034444444	0.0	0.055277778	0.0	0	0.074722222	1.5	0.21	0.0	0.185874
35849	7665	1	0	2	3	6	1	1.0	2	2013	7	12	5	8.0	31	0	0	0	1604	0.4083333329999999	0.154444444	0.1447222219999999	0.0	0.101944444	0.0	0	0.171111111	1.5	0.37	0.0	0.191558
35877	7671	4	3	4	3	1	3	0.0	2	2013	7	12	5	23.0	11	1	0	1	10165	2.5102777780000003	0.7788888890000001	0.158611111	0.0	0.7594444440000001	0.163611111	1	0.491666667	0.0	1.62	0.0	0.377401
35889	7673	0	4	3	3	1	1	1.0	2	2013	7	12	5	20.16666667	47	0	1	1	1480	0.322222222	0.080277778	0.214166667	0.0	0.025555556	0.0	0	0.0633333329999999	1.5	0.22	0.0	0.0789473999999999
35915	7675	1	2	1	5	6	1	1.0	2	2013	7	12	5	12.75	35	1	1	0	476	0.144444444	0.0608333329999999	0.0891666669999999	0.0	0.026111111	0.0	0	0.075	1.5	0.16	10.5	0.403704
35936	7678	1	5	1	3	6	1	1.0	2	2013	7	13	6	21.5	23	1	0	0	871	0.233333333	0.0775	0.159444444	0.0	0.047222222	0.0	0	0.096944444	1.5	0.25	0.0	0.169054
35941	7679	0	2	3	3	6	1	1.0	2	2013	7	13	6	10.5	48	1	0	0	1828	0.446666667	0.167222222	0.124444444	0.0	0.1166666669999999	0.0	0	0.138333333	1.5	0.32	0.0	0.313253
35947	7679	1	2	4	5	6	1	1.0	2	2013	7	13	6	12.0	51	0	1	0	1075	0.2625	0.0847222219999999	0.031111111	0.0	0.121388889	0.0	0	0.091944444	1.5	0.21	0.0	0.622356
35964	7682	0	1	1	5	1	5	0.0	2	2013	7	13	6	11.66666667	62	0	1	1	782	0.164722222	0.044722222	0.012777778	0.0	0.0705555559999999	0.0	0	0.081666667	0.0	0.16	0.0	0.459184
36012	7691	0	1	3	3	6	1	1.0	2	2013	7	13	6	22.0	32	1	1	0	4308	0.996944444	0.4008333329999999	0.154722222	0.2	0.0	0.0	0	0.217777778	2.4	0.61	0.0	0.446429
36018	7693	1	2	3	3	2	4	1.0	2	2013	7	13	6	12.2	44	0	1	1	4202	1.049722222	0.326944444	0.229722222	0.133333333	0.0	0.0	0	0.2688888889999999	1.0	0.66	0.0	0.445248
36023	7694	0	1	1	3	1	1	1.0	2	2013	7	13	6	9.3	44	0	1	1	1295	0.411388889	0.125833333	0.216944444	0.0	0.074166667	0.0	0	0.127222222	1.5	0.38	0.0	0.146288
36038	7696	0	6	1	3	6	1	1.0	2	2013	7	13	6	21.0	27	0	1	0	961	0.2666666669999999	0.091666667	0.155	0.0	0.065277778	0.0	0	0.105277778	1.5	0.22	0.0	0.4274409999999999
36039	7696	1	0	3	3	6	1	1.0	2	2013	7	13	6	13.0	25	1	1	0	11088	2.556388889	0.8452777779999999	0.2097222219999999	0.366666667	0.32	0.1166666669999999	1	0.798333333	3.9	1.95	10.5	0.664231
36044	7697	0	3	1	5	1	1	1.0	2	2013	7	13	6	19.5	30	0	0	1	2011	0.441388889	0.1172222219999999	0.0875	0.0	0.1447222219999999	0.0	0	0.111111111	1.5	0.3	0.0	0.715
36052	7697	1	4	3	3	1	1	1.0	2	2013	7	13	6	14.0	28	1	1	1	10403	2.408888889	0.765277778	0.105833333	0.333333333	0.083333333	0.2	2	0.695555556	3.9	2.05	0.0	0.642971
36071	7701	0	0	2	3	1	1	1.0	2	2013	7	14	7	10.5	48	1	1	2	3431	0.8522222220000001	0.251111111	0.396666667	0.0	0.1	0.0	0	0.181388889	1.5	0.64	0.0	0.119449
36096	7704	2	1	4	3	2	1	1.0	2	2013	7	14	7	14.0	47	1	1	1	2184	0.591666667	0.1675	0.263055556	0.05	0.0	0.0	0	0.116388889	1.5	0.35	0.0	0.169451
36108	7707	0	1	3	3	1	5	0.0	2	2013	7	14	7	15.66666667	60	1	1	2	17849	4.138055556	1.31	0.285277778	0.5	0.433333333	0.133333333	1	0.776388889	0.0	2.79	0.0	0.509123
36115	7709	1	0	4	3	1	5	0.0	2	2013	7	14	7	10.83333333	61	1	1	1	503	0.1375	0.056944444	0.105833333	0.0	0.015	0.0	0	0.052222222	0.0	0.15	0.0	0.0585106
36126	7710	1	5	3	3	6	1	1.0	2	2013	7	14	7	23.5	45	0	1	0	5453	1.408888889	0.437222222	0.136944444	0.0	0.338055556	0.0	0	0.2919444439999999	1.5	0.98	0.0	0.214082
36128	7711	0	4	1	3	6	5	0.0	2	2013	7	15	1	15.63333333	69	0	0	0	1196	0.303333333	0.0991666669999999	0.118888889	0.0	0.071666667	0.0	0	0.098333333	0.0	0.23	0.0	0.347458
36138	7713	0	1	3	3	1	5	0.0	2	2013	7	15	1	17.0	79	0	1	1	2169	0.583333333	0.153055556	0.251944444	0.0	0.172777778	0.0	0	0.163611111	0.0	0.44	0.0	0.2139219999999999
36143	7714	0	2	4	2	1	1	1.0	2	2013	7	15	1	15.33333333	46	1	1	1	1212	0.3752777779999999	0.131944444	0.295	0.0	0.027777778	0.0	0	0.091666667	1.5	0.28	0.0	0.157576
36149	7714	2	1	4	2	1	3	0.0	2	2013	7	15	1	15.33333333	12	1	0	1	1212	0.3752777779999999	0.131944444	0.295	0.0	0.027777778	0.0	0	0.091666667	0.0	0.28	0.0	0.157576
36165	7719	1	1	3	1	2	5	0.0	2	2013	7	15	1	17.0	63	0	1	1	4468	1.061944444	0.3569444439999999	0.171666667	0.083333333	0.0	0.0	0	0.358333333	0.0	0.72	10.5	0.416279
36179	7721	0	5	4	3	6	5	0.0	2	2013	7	15	1	21.83333333	70	1	0	0	2408	0.541666667	0.168888889	0.028333333	0.0	0.1166666669999999	0.0	0	0.082222222	0.0	0.32	0.0	0.2195949999999999
36203	7729	0	2	4	5	1	1	1.0	2	2013	7	16	2	8.0	49	1	1	2	5046	1.358611111	0.475	0.248333333	0.2666666669999999	0.0461111109999999	0.3	2	0.316388889	4.5	1.04	0.0	0.419666
36209	7729	2	0	3	2	1	2	0.0	2	2013	7	16	2	8.0	17	1	0	2	4384	1.1419444440000002	0.362777778	0.098333333	0.0	0.580555556	0.2047222219999999	2	0.298055556	0.0	0.85	0.0	0.385834
36210	7729	2	1	3	2	1	2	0.0	2	2013	7	16	2	15.91666667	17	1	0	2	4384	1.134722222	0.328333333	0.061388889	0.0	0.473888889	0.2216666669999999	2	0.276666667	0.0	0.89	0.0	0.27008
36233	7733	3	0	3	4	1	1	1.0	2	2013	7	16	2	13.5	20	1	0	1	2445	0.632777778	0.2491666669999999	0.114722222	0.0	0.146666667	0.0	0	0.153611111	1.5	0.44	0.0	0.2350809999999999
36240	7735	0	1	4	5	1	5	0.0	2	2013	7	16	2	13.75	62	1	1	2	4204	0.990277778	0.306388889	0.296388889	0.2	0.0	0.0	0	0.283611111	0.0	0.73	0.0	0.555338
36289	7745	0	1	2	4	6	1	1.0	2	2013	7	16	2	12.0	38	0	0	0	8313	1.943055556	0.763333333	0.313055556	0.333333333	0.0	0.0	0	0.542222222	2.4	1.37	10.5	0.749488
36299	7747	0	0	3	3	6	5	0.0	2	2013	7	17	3	12.0	75	1	0	0	4630	1.023611111	0.3	0.085833333	0.0	0.243055556	0.0	0	0.175277778	0.0	0.6	0.0	0.14897
36310	7750	1	0	1	1	1	1	1.0	2	2013	7	17	3	9.25	48	0	1	2	233	0.127222222	0.035555556	0.093333333	0.0	0.012222222	0.0	0	0.028611111	1.5	0.09	0.0	0.0970873999999999
36315	7750	3	2	1	2	1	3	0.0	2	2013	7	17	3	15.33333333	12	1	0	2	1885	0.4008333329999999	0.1186111109999999	0.175833333	0.0	0.0580555559999999	0.0	0	0.096944444	0.0	0.31	0.0	0.111748
36334	7755	0	3	4	1	1	1	1.0	2	2013	7	17	3	14.0	58	1	1	2	6600	1.568888889	0.531111111	0.108611111	0.3	0.1625	0.1166666669999999	1	0.415	4.3	1.12	0.0	0.390897
36352	7763	0	2	4	3	6	1	1.0	2	2013	7	17	3	9.083333333	34	1	1	2	1973	0.4875	0.163888889	0.226111111	0.0	0.135	0.0	0	0.1472222219999999	1.5	0.36	0.0	0.375472
36358	7763	1	0	4	1	1	1	1.0	2	2013	7	17	3	7.5	40	0	1	2	4417	1.0655555559999998	0.402222222	0.047777778	0.0	0.548888889	0.0	0	0.369444444	1.5	1.06	10.5	0.642857
36383	7768	0	4	1	3	1	1	1.0	2	2013	7	17	3	18.5	32	1	1	2	805	0.1794444439999999	0.056388889	0.08	0.0	0.033888889	0.0	0	0.058333333	1.5	0.14	0.0	0.109524
36412	7771	3	1	3	1	1	1	1.0	2	2013	7	17	3	19.5	30	1	1	2	14122	3.328333333	1.002222222	0.302777778	0.6333333329999999	0.0	0.166666667	1	0.714722222	2.8	2.35	0.0	0.454333
36463	7786	0	0	3	3	6	1	0.5	2	2013	7	18	4	16.5	47	1	0	0	1661	0.449166667	0.140277778	0.237777778	0.0	0.083333333	0.0	0	0.135	0.75	0.31	0.0	0.0761317
36474	7787	0	3	3	5	6	4	0.5	2	2013	7	18	4	10.5	44	1	1	0	4395	0.961666667	0.285833333	0.2347222219999999	0.1166666669999999	0.0	0.0	0	0.265555556	1.0	0.73	0.0	0.460251
36482	7788	0	0	4	3	1	5	0.0	2	2013	7	18	4	10.5	65	1	1	2	6171	1.668055556	0.556111111	0.184722222	0.0	0.466666667	0.1	1	0.328055556	0.0	1.15	0.0	0.176122
36490	7790	2	1	3	1	6	1	1.0	2	2013	7	18	4	23.75	45	0	0	0	14914	3.438888889	1.121666667	0.285555556	0.6	0.0	0.0	0	0.638055556	2.8	2.27	10.5	0.48498
36494	7792	1	0	1	3	1	1	1.0	2	2013	7	18	4	13.5	27	1	0	1	483	0.136111111	0.048333333	0.0352777779999999	0.0	0.033888889	0.0	0	0.0436111109999999	1.5	0.11	0.0	0.0573248
36499	7794	0	1	3	3	1	5	0.0	2	2013	7	18	4	20.75	39	0	1	2	25857	5.998611111000001	1.805277778	0.24	0.45	0.0	0.1	1	0.876388889	0.0	3.81	0.0	0.412995
36531	7798	4	3	3	3	1	2	0.0	2	2013	7	19	5	21.0	17	0	0	1	7864	1.926666667	0.557222222	0.066111111	0.2	0.139166667	0.1166666669999999	1	0.331111111	0.75	1.48	0.0	0.3380869999999999
36535	7800	0	1	1	5	1	1	1.0	2	2013	7	19	5	21.5	32	0	1	1	896	0.22	0.1436111109999999	0.0725	0.0	0.055	0.0	0	0.1180555559999999	1.5	0.3	0.0	0.654118
36549	7805	0	0	3	3	6	1	1.0	2	2013	7	19	5	13.5	34	1	0	0	2672	0.689722222	0.223333333	0.096666667	0.0	0.396666667	0.082777778	1	0.182777778	3.0	0.45	0.0	0.31459
36554	7806	0	3	3	1	6	1	1.0	2	2013	7	19	5	18.0	28	1	1	0	8119	2.006666667	0.705555556	0.233888889	0.2	0.1125	0.1166666669999999	1	0.69	4.4	1.5	10.5	0.746779
36566	7808	0	0	4	1	1	5	0.0	2	2013	7	19	5	8.5	52	1	0	1	3159	0.734722222	0.229444444	0.141666667	0.0	0.213611111	0.0	0	0.203333333	0.0	0.62	0.0	0.4808739999999999
36584	7811	0	2	4	4	1	5	0.0	2	2013	7	19	5	14.5	63	0	1	1	13749	3.31	1.038055556	0.133333333	0.316666667	0.382222222	0.333333333	2	0.640555556	0.0	2.83	0.0	0.4531659999999999
36598	7814	1	0	4	3	1	1	1.0	2	2013	7	20	6	10.33333333	45	0	1	1	1115	0.261944444	0.091944444	0.1191666669999999	0.0	0.065555556	0.0	0	0.073333333	1.5	0.21	0.0	0.159091
36602	7815	1	0	3	3	1	1	1.0	2	2013	7	20	6	15.0	29	0	1	1	12552	3.020277778	0.970555556	0.179722222	0.566666667	0.0	0.166666667	2	0.6908333329999999	2.8	2.17	0.0	0.5926819999999999
36619	7818	2	3	3	3	2	1	1.0	2	2013	7	20	6	18.5	27	1	0	1	2875	0.655	0.242777778	0.070833333	0.0	0.1722222219999999	0.0	0	0.211666667	1.5	0.63	0.0	0.233596
36625	7821	0	1	4	5	2	1	1.0	2	2013	7	20	6	7.266666667000001	50	0	1	1	7380	1.9475	0.654166667	0.079444444	0.0	0.666666667	0.2	1	0.3569444439999999	3.0	1.26	0.0	0.284825
36639	7824	0	0	3	3	6	5	0.0	2	2013	7	20	6	11.0	78	0	1	0	840	0.170277778	0.047777778	0.046388889	0.0	0.087777778	0.0	0	0.056111111	0.0	0.13	0.0	0.0891088999999999
36645	7825	0	2	3	5	1	1	1.0	2	2013	7	20	6	15.0	36	1	0	1	6220	1.665555556	0.4733333329999999	0.0313888889999999	0.2666666669999999	0.0	0.0	0	0.3963888889999999	2.4	1.27	10.5	0.496146
36669	7829	2	0	4	3	6	1	1.0	2	2013	7	20	6	11.0	59	1	0	0	12213	2.944166667	0.9	0.111666667	0.35	0.1191666669999999	0.2	2	0.648055556	5.29	1.93	0.0	0.2344619999999999
36676	7831	1	0	4	4	2	5	0.0	2	2013	7	20	6	7.0	27	0	1	1	10055	2.394166667	0.700555556	0.503888889	0.233333333	0.1166666669999999	0.1	1	0.34	0.0	1.49	0.0	0.244281
36699	7834	2	4	3	3	2	3	0.0	2	2013	7	20	6	16.5	14	1	0	1	3869	0.893333333	0.297777778	0.029166667	0.0	0.278333333	0.0	0	0.2263888889999999	0.0	0.64	0.0	0.439264
36704	7835	0	0	3	3	6	4	1.0	2	2013	7	20	6	12.75	23	1	0	0	6318	1.542222222	0.448611111	0.0586111109999999	0.0	0.6972222220000001	0.097222222	1	0.461666667	3.0	1.07	0.0	0.583032
36707	7835	0	6	4	5	6	4	1.0	2	2013	7	20	6	20.08333333	23	1	0	0	10451	2.525277778	0.742777778	0.152777778	0.233333333	0.35	0.108333333	1	0.601388889	3.35	2.08	0.0	0.468822
36741	7841	3	0	4	3	2	5	0.0	2	2013	7	21	7	13.0	7	0	0	1	2792	0.709722222	0.294166667	0.228333333	0.0	0.115277778	0.0	0	0.205	0.0	0.53	0.0	0.271003
36778	7845	0	1	1	3	2	1	1.0	2	2013	7	21	7	12.5	37	1	1	2	484	0.148611111	0.059444444	0.033611111	0.0	0.045833333	0.0	0	0.032777778	1.5	0.09	0.0	0.610169
36780	7846	0	3	4	3	1	1	1.0	2	2013	7	21	7	18.5	58	0	1	1	2493	0.7325	0.2641666669999999	0.328333333	0.0	0.15	0.0	0	0.166388889	1.5	0.53	0.0	0.307179
36785	7846	2	0	4	3	1	1	1.0	2	2013	7	21	7	18.5	28	0	1	1	2493	0.7325	0.2641666669999999	0.328333333	0.0	0.15	0.0	0	0.166388889	1.5	0.53	0.0	0.307179
36787	7847	0	1	1	3	1	1	1.0	2	2013	7	21	7	12.5	58	1	0	1	699	0.196111111	0.049444444	0.126111111	0.0	0.0580555559999999	0.0	0	0.074166667	1.5	0.17	0.0	0.0149813
36793	7848	1	1	4	3	1	5	0.0	2	2013	7	21	7	18.0	75	1	1	1	1134	0.305555556	0.0925	0.220277778	0.0	0.053333333	0.0	0	0.123055556	0.0	0.31	0.0	0.480813
36794	7848	2	0	4	3	1	1	1.0	2	2013	7	21	7	15.0	41	0	0	1	1134	0.295	0.0891666669999999	0.211666667	0.0	0.04	0.0	0	0.109166667	1.5	0.29	0.0	0.3180659999999999
36820	7858	0	3	4	1	2	1	1.0	2	2013	7	22	1	22.66666667	42	1	1	2	25838	5.765277778	1.723333333	0.195555556	0.933333333	0.0625	0.2	2	0.900833333	4.6	3.4	0.0	0.384212
36831	7860	0	1	4	5	1	1	1.0	2	2013	7	22	1	19.56666667	44	1	1	1	1653	0.402222222	0.198333333	0.121388889	0.0	0.066666667	0.0	0	0.095	1.5	0.3	0.0	0.2163739999999999
36845	7863	2	2	1	5	1	1	1.0	2	2013	7	22	1	12.53333333	31	1	0	1	355	0.068611111	0.016388889	0.029166667	0.0	0.021666667	0.0	0	0.023611111	1.5	0.06	10.5	0.8705879999999999
36863	7866	1	0	4	1	3	1	1.0	2	2013	7	22	1	7.0	52	1	0	1	2572	0.906944444	0.315277778	0.421388889	0.0	0.261666667	0.0	0	0.280833333	1.5	0.92	0.0	0.221563
36902	7872	0	1	3	5	6	5	0.0	2	2013	7	23	2	13.75	84	1	0	0	1421	0.299722222	0.093055556	0.059722222	0.05	0.0	0.0	0	0.065555556	0.0	0.18	0.0	0.372881
36905	7872	0	5	4	3	6	5	0.0	2	2013	7	23	2	23.5	84	1	0	0	6768	1.585555556	0.5922222220000001	0.260833333	0.233333333	0.0	0.0	0	0.464444444	0.0	1.11	0.0	0.464713
36943	7884	0	0	3	3	6	1	0.5	2	2013	7	24	3	12.0	46	0	1	0	1875	0.608611111	0.211111111	0.0861111109999999	0.0	0.183333333	0.0	0	0.1422222219999999	0.75	0.45	0.0	0.107422
36953	7885	1	3	1	2	1	1	1.0	2	2013	7	24	3	15.33333333	43	0	1	1	819	0.22	0.077222222	0.138055556	0.0	0.058333333	0.0	0	0.062222222	1.5	0.2	0.0	0.200893
36962	7887	0	6	1	3	5	1	1.0	2	2013	7	24	3	16.16666667	44	1	1	2	768	0.220555556	0.055555556	0.180833333	0.0	0.039722222	0.0	0	0.053055556	1.5	0.24	0.0	0.0628272
36968	7887	3	4	1	3	1	5	0.0	2	2013	7	24	3	16.16666667	10	1	0	2	768	0.220555556	0.055555556	0.180833333	0.0	0.039722222	0.0	0	0.053055556	0.0	0.18	0.0	0.0628272
36970	7887	4	4	1	3	1	5	0.0	2	2013	7	24	3	16.16666667	10	1	0	2	768	0.220555556	0.055555556	0.180833333	0.0	0.039722222	0.0	0	0.053055556	0.0	0.18	0.0	0.0628272
36971	7888	0	0	4	3	1	5	0.0	2	2013	7	24	3	16.0	74	0	1	1	6254	1.616388889	0.502777778	0.078333333	0.166666667	0.1744444439999999	0.25	2	0.375555556	0.0	1.12	0.0	0.548077
36972	7888	0	1	4	3	1	5	0.0	2	2013	7	24	3	20.0	74	0	1	1	6254	1.563333333	0.456944444	0.235	0.166666667	0.1	0.1166666669999999	1	0.306388889	0.0	1.04	0.0	0.436083
36985	7891	0	2	4	3	1	1	1.0	2	2013	7	24	3	19.83333333	31	1	1	2	1308	0.325555556	0.096111111	0.188055556	0.0	0.066666667	0.0	0	0.1475	1.5	0.46	0.0	0.246704
37034	7899	0	0	3	1	6	1	1.0	2	2013	7	24	3	8.0	31	0	1	0	6868	1.654444444	0.580277778	0.176388889	0.183333333	0.091666667	0.1	1	0.611666667	4.4	1.34	10.5	0.7638510000000001
37056	7905	0	0	4	1	1	1	1.0	2	2013	7	24	3	10.5	43	1	1	2	1231	0.337777778	0.145555556	0.0891666669999999	0.0	0.1186111109999999	0.0	0	0.120555556	1.5	0.37	0.0	0.126728
37063	7907	0	4	3	2	6	5	0.0	2	2013	7	24	3	14.5	63	1	0	0	2585	0.614166667	0.169166667	0.259722222	0.0	0.215833333	0.0	0	0.204166667	0.0	0.45	0.0	0.3537409999999999
37077	7911	1	1	4	5	1	5	0.0	2	2013	7	25	4	11.41666667	62	0	1	2	1186	0.308333333	0.116944444	0.180555556	0.0	0.0433333329999999	0.0	0	0.064722222	0.0	0.21	0.0	0.0643777
37096	7914	0	4	1	3	1	5	0.0	2	2013	7	25	4	12.83333333	63	0	1	1	2279	0.53	0.165833333	0.2738888889999999	0.033333333	0.0	0.0	0	0.155833333	0.0	0.46	0.0	0.4474149999999999
37107	7915	1	3	4	1	6	1	1.0	2	2013	7	25	4	14.58333333	59	0	1	1	4103	1.041388889	0.311666667	0.146111111	0.0	0.314722222	0.0	0	0.225277778	1.5	0.68	0.0	0.0517879
37109	7916	0	1	3	3	1	5	0.0	2	2013	7	25	4	12.83333333	72	1	1	1	4766	1.135	0.359444444	0.166666667	0.0	0.322777778	0.0	0	0.293055556	0.0	0.89	0.0	0.229384
37117	7918	1	1	3	3	1	5	0.0	2	2013	7	25	4	11.75	69	1	0	1	1212	0.271111111	0.073055556	0.1041666669999999	0.0	0.053888889	0.0	0	0.070277778	0.0	0.2	0.0	0.162055
37122	7920	0	3	3	3	1	5	0.0	2	2013	7	25	4	16.0	63	1	1	1	711	0.205833333	0.0922222219999999	0.040277778	0.0	0.111666667	0.0	0	0.123888889	0.0	0.25	0.0	0.163677
37130	7922	0	5	4	3	2	1	0.0	2	2013	7	25	4	0.0	52	1	1	1	11341	2.61	0.8108333329999999	0.1436111109999999	0.416666667	0.1036111109999999	0.1166666669999999	1	0.369444444	2.8	1.37	0.0	0.333083
37183	7929	3	2	4	5	1	1	1.0	2	2013	7	26	5	8.366666667	21	0	0	1	6859	1.655833333	0.529166667	0.108333333	0.15	0.320555556	0.2166666669999999	2	0.414722222	4.7	1.19	0.0	0.340924
37191	7932	0	0	3	4	6	1	1.0	2	2013	7	26	5	7.666666667	24	1	1	0	11102	2.741944444	0.8502777779999999	0.3425	0.483333333	0.177777778	0.166666667	2	0.6719444440000001	3.2	2.19	0.0	0.504341
37226	7942	2	0	1	1	1	1	1.0	2	2013	7	26	5	8.0	52	1	1	1	1419	0.349722222	0.105277778	0.021111111	0.0	0.1166666669999999	0.0	0	0.078888889	1.5	0.23	0.0	0.271127
37243	7946	0	2	1	3	6	1	1.0	2	2013	7	26	5	22.0	21	1	0	0	971	0.251388889	0.1036111109999999	0.104444444	0.0	0.038333333	0.0	0	0.069722222	1.5	0.19	0.0	0.390438
37246	7947	0	1	3	5	6	4	1.0	2	2013	7	26	5	17.0	22	0	0	0	3442	0.889166667	0.357222222	0.2375	0.133333333	0.0	0.083333333	1	0.293611111	1.6	0.69	10.5	0.512772
37247	7947	0	2	3	3	6	4	1.0	2	2013	7	26	5	22.0	22	0	0	0	3112	0.7355555559999999	0.3075	0.1411111109999999	0.0	0.247777778	0.0	0	0.211388889	1.5	0.57	0.0	0.6622859999999999
37274	7956	0	2	3	3	1	1	1.0	2	2013	7	27	6	16.0	44	1	1	1	1176	0.315277778	0.096944444	0.124444444	0.0	0.06	0.0	0	0.0975	1.5	0.24	0.0	0.230769
37275	7956	0	3	3	3	1	1	1.0	2	2013	7	27	6	17.0	44	1	1	1	1176	0.312222222	0.098055556	0.108333333	0.0	0.066666667	0.0	0	0.1016666669999999	1.5	0.25	0.0	0.144809
37306	7962	1	0	4	3	1	1	1.0	2	2013	7	28	7	10.0	36	0	1	1	2684	0.7080555559999999	0.1888888889999999	0.315	0.133333333	0.0	0.0	0	0.161666667	1.5	0.58	0.0	0.286942
37314	7963	1	0	3	3	1	1	1.0	2	2013	7	28	7	15.0	36	1	0	1	1262	0.395	0.161388889	0.146388889	0.0	0.090555556	0.0	0	0.153333333	1.5	0.41	0.0	0.188406
37316	7964	0	0	3	3	6	5	0.0	2	2013	7	28	7	11.0	79	0	1	0	6670	1.5655555559999998	0.5075	0.169166667	0.2166666669999999	0.316666667	0.133333333	1	0.347222222	0.0	1.06	0.0	0.2064
37352	7973	0	2	3	5	6	5	0.0	2	2013	7	28	7	16.83333333	66	1	1	0	2346	0.535833333	0.153055556	0.015555556	0.083333333	0.0	0.0	0	0.218055556	0.0	0.49	0.0	0.661147
37367	7980	0	3	4	3	3	5	0.0	2	2013	7	29	1	17.0	75	0	1	2	1721	0.4977777779999999	0.253888889	0.2725	0.0	0.0611111109999999	0.0	0	0.159722222	0.0	0.49	0.0	0.0956521999999999
37374	7982	0	3	1	3	1	5	0.0	2	2013	7	29	1	17.75	73	1	1	2	722	0.1863888889999999	0.081111111	0.070277778	0.0	0.100277778	0.0	0	0.054722222	0.0	0.14	0.0	0.121827
37417	7989	2	0	3	1	6	1	1.0	2	2013	7	29	1	7.5	27	0	0	0	4677	1.114722222	0.310277778	0.09	0.0	0.2	0.0	0	0.248333333	1.5	0.7	0.0	0.176734
37419	7990	0	0	3	4	6	1	1.0	2	2013	7	29	1	17.0	22	0	0	0	12261	2.8175	0.8269444440000001	0.323055556	0.55	0.0	0.0	0	0.8280555559999999	2.8	1.96	10.5	0.611875
37424	7991	1	1	3	3	1	1	0.5	2	2013	7	29	1	13.83333333	22	1	0	1	18538	4.164722222	1.415833333	0.194166667	0.6	0.314166667	0.2166666669999999	2	1.010833333	3.55	3.23	10.5	0.572685
37440	7996	0	0	1	1	6	1	1.0	2	2013	7	29	1	9.5	36	0	1	0	979	0.2819444439999999	0.088055556	0.196666667	0.0	0.0577777779999999	0.0	0	0.1047222219999999	1.5	0.23	0.0	0.116711
37453	7998	1	3	1	3	1	1	1.0	2	2013	7	29	1	15.25	26	1	0	1	958	0.265277778	0.1291666669999999	0.096666667	0.0	0.066666667	0.0	0	0.079722222	1.5	0.21	0.0	0.2857139999999999
37517	8011	0	0	4	3	1	5	0.0	2	2013	7	30	2	9.5	61	0	1	1	4018	0.953888889	0.281111111	0.093888889	0.0	0.223333333	0.2	1	0.195277778	0.0	0.69	0.0	0.443812
37521	8011	0	4	1	3	1	5	0.0	2	2013	7	30	2	19.25	61	0	1	1	859	0.213333333	0.049166667	0.032777778	0.0	0.027777778	0.0	0	0.053888889	0.0	0.15	0.0	0.0103092999999999
37523	8011	1	0	4	3	1	5	0.0	2	2013	7	30	2	14.0	60	1	0	1	4499	1.290277778	0.422222222	0.087777778	0.0	0.29	0.1	1	0.205555556	0.0	0.79	0.0	0.0648649
37529	8013	0	3	4	3	2	1	1.0	2	2013	7	30	2	23.0	23	0	1	1	2819	0.740833333	0.257777778	0.1216666669999999	0.0	0.2925	0.0	0	0.1772222219999999	1.5	0.5	0.0	0.4373039999999999
37538	8015	0	5	4	3	6	1	1.0	2	2013	7	31	3	19.75	21	1	0	0	1735	0.4175	0.1291666669999999	0.071944444	0.0	0.0886111109999999	0.0	0	0.116111111	1.5	0.31	0.0	0.117225
37543	8017	0	0	1	3	1	1	1.0	2	2013	7	31	3	19.0	41	1	1	2	1256	0.356388889	0.130277778	0.096944444	0.0	0.1	0.0	0	0.1011111109999999	1.5	0.28	0.0	0.214286
37544	8017	0	1	1	3	1	1	1.0	2	2013	7	31	3	19.5	41	1	1	2	1256	0.344722222	0.109722222	0.126944444	0.0	0.096666667	0.0	0	0.0875	1.5	0.25	0.0	0.180952
37585	8027	1	3	4	3	1	5	0.0	2	2013	7	31	3	18.5	65	1	1	2	1234	0.300555556	0.085277778	0.145277778	0.0	0.060277778	0.0	0	0.109444444	0.0	0.28	0.0	0.296954
37599	8031	2	0	4	1	2	1	1.0	2	2013	7	31	3	8.666666667000001	36	1	1	2	5244	1.235833333	0.393055556	0.096666667	0.0	0.551944444	0.0	0	0.359444444	1.5	1.07	0.0	0.439722
37637	8041	0	0	3	1	1	1	1.0	2	2013	8	1	4	7.566666667000001	42	0	1	2	9298	2.338888889	0.7538888890000001	0.1722222219999999	0.25	0.141666667	0.15	2	0.3883333329999999	3.9	1.54	0.0	0.276109
37684	8048	2	2	3	3	1	5	0.0	2	2013	8	2	5	18.75	5	0	0	1	1188	0.359722222	0.1825	0.168333333	0.1	0.0	0.0	0	0.127222222	0.0	0.37	0.0	0.388646
37696	8053	0	0	4	3	1	1	1.0	2	2013	8	2	5	14.5	42	1	1	2	3940	0.8816666670000001	0.261944444	0.126944444	0.083333333	0.211111111	0.1	1	0.308333333	3.0	0.84	0.0	0.308108
37698	8054	0	0	3	3	1	5	0.0	2	2013	8	2	5	15.0	70	1	1	2	953	0.238055556	0.0855555559999999	0.128888889	0.0	0.078888889	0.0	0	0.075833333	0.0	0.18	0.0	0.435897
37707	8056	1	3	3	1	6	4	1.0	2	2013	8	2	5	17.41666667	47	0	1	0	8508	2.004166667	0.661666667	0.127222222	0.35	0.097222222	0.152777778	1	0.623611111	3.7	1.37	10.5	0.52784
37716	8056	3	1	1	3	6	2	0.0	2	2013	8	2	5	10.0	16	1	0	0	814	0.191111111	0.111666667	0.129444444	0.0	0.033333333	0.0	0	0.070277778	0.0	0.15	0.0	0.15415
37720	8056	3	8	1	3	6	2	0.0	2	2013	8	2	5	20.91666667	16	1	0	0	1547	0.378333333	0.137777778	0.049722222	0.0	0.091666667	0.0	0	0.074444444	0.0	0.21	0.0	0.223881
37728	8059	0	0	1	3	1	1	1.0	2	2013	8	2	5	12.0	39	1	0	1	1740	0.5625	0.1472222219999999	0.145277778	0.066666667	0.0841666669999999	0.1166666669999999	1	0.223055556	3.0	0.69	0.0	0.188045
37731	8059	1	1	3	1	1	1	1.0	2	2013	8	2	5	18.0	41	0	1	1	14034	3.1730555560000004	1.05	0.307222222	0.566666667	0.0	0.1	1	0.8683333329999999	3.3	2.79	10.5	0.589571
37732	8060	0	0	4	1	1	5	0.0	2	2013	8	2	5	7.0	66	0	1	2	1715	0.4563888889999999	0.1425	0.2325	0.1	0.0	0.0	0	0.096944444	0.0	0.3	0.0	0.157593
37740	8062	0	0	1	3	6	1	1.0	2	2013	8	2	5	14.0	36	1	0	0	843	0.213333333	0.0711111109999999	0.080833333	0.0	0.054444444	0.0	0	0.091388889	1.5	0.17	0.0	0.2249239999999999
37776	8068	2	1	4	3	1	5	0.0	2	2013	8	3	6	18.5	8	0	0	1	4999	1.2469444440000002	0.420277778	0.073888889	0.0	0.4275	0.0	0	0.299722222	0.0	0.98	0.0	0.378128
37850	8083	0	6	4	3	1	1	1.0	2	2013	8	3	6	20.0	38	1	1	1	1666	0.4425	0.145	0.248611111	0.066666667	0.0	0.0	0	0.128888889	1.5	0.33	0.0	0.280172
37858	8083	2	1	4	3	1	5	0.0	2	2013	8	3	6	16.0	10	0	0	1	2002	0.568888889	0.179722222	0.313055556	0.033333333	0.0	0.0	0	0.17	0.0	0.43	0.0	0.24183
37873	8084	2	0	3	3	6	5	0.0	2	2013	8	3	6	12.0	7	1	0	0	3457	0.921111111	0.277777778	0.255555556	0.05	0.0	0.0	0	0.238611111	0.0	0.68	0.0	0.3981369999999999
37892	8087	2	0	4	1	1	1	1.0	2	2013	8	4	7	9.0	34	0	1	1	10116	2.406944444	0.793055556	0.076388889	0.166666667	0.378333333	0.145277778	2	0.351111111	4.5	1.69	0.0	0.275316
37899	8088	2	1	4	3	1	4	1.0	2	2013	8	4	7	21.75	19	1	1	1	3562	0.945	0.2925	0.31	0.0	0.339722222	0.166666667	1	0.184722222	3.0	0.62	0.0	0.0541353
37912	8091	1	2	3	3	2	5	0.0	2	2013	8	4	7	12.0	64	1	1	2	12420	3.012777778	0.975833333	0.2144444439999999	0.4	0.0	0.066666667	1	0.728888889	0.0	1.99	0.0	0.5373479999999999
37928	8096	1	2	4	3	1	5	0.0	2	2013	8	4	7	14.25	67	1	1	2	3173	0.935555556	0.2794444439999999	0.163888889	0.0	0.363333333	0.0	0	0.184166667	0.0	0.61	0.0	0.199095
37937	8099	0	0	4	4	6	1	1.0	2	2013	8	4	7	8.0	22	1	1	1	2003	0.605833333	0.182777778	0.162222222	0.0	0.1175	0.0	0	0.117777778	1.5	0.4	0.0	0.0683962
37957	8102	0	2	3	3	6	1	1.0	2	2013	8	4	7	15.5	28	0	0	0	2392	0.551666667	0.1844444439999999	0.161111111	0.0	0.205833333	0.0	0	0.1775	1.5	0.42	0.0	0.159624
37962	8103	0	4	1	3	1	4	1.0	2	2013	8	4	7	17.0	33	1	1	2	2085	0.5061111110000001	0.1725	0.0866666669999999	0.0	0.163055556	0.0	0	0.161388889	1.5	0.44	0.0	0.4182439999999999
37984	8110	0	2	1	3	1	1	1.0	2	2013	8	5	1	13.0	31	1	1	1	954	0.2425	0.0897222219999999	0.055277778	0.0	0.0536111109999999	0.0	0	0.098333333	1.5	0.21	0.0	0.107345
38025	8119	2	1	1	3	1	5	0.0	2	2013	8	5	1	12.0	6	0	0	1	1666	0.385555556	0.1266666669999999	0.07	0.0	0.166666667	0.0	0	0.109444444	0.0	0.31	0.0	0.149746
38035	8122	0	2	4	5	1	1	1.0	2	2013	8	5	1	10.66666667	30	1	1	2	1317	0.335555556	0.133055556	0.252222222	0.0	0.070833333	0.0	0	0.0872222219999999	1.5	0.28	0.0	0.235669
38069	8131	2	2	3	3	1	2	0.0	2	2013	8	6	2	13.0	16	0	0	1	13220	3.064166667	0.972777778	0.118888889	0.4	0.166666667	0.083333333	1	0.639444444	1.4	2.17	10.5	0.564292
38077	8133	0	1	4	5	1	1	1.0	2	2013	8	6	2	12.5	59	1	1	2	1533	0.369722222	0.116111111	0.146944444	0.0	0.088888889	0.0	0	0.081111111	1.5	0.24	0.0	0.0136985999999999
38079	8133	1	0	3	4	1	1	1.0	2	2013	8	6	2	7.75	27	1	1	2	9845	2.400833333	0.801111111	0.203888889	0.366666667	0.082777778	0.166666667	1	0.614166667	4.8	1.79	0.0	0.697422
38089	8134	2	0	3	3	2	3	0.0	2	2013	8	6	2	13.5	15	1	0	2	10507	2.399722222	0.926111111	0.068333333	0.433333333	0.133333333	0.066666667	1	0.4775	0.75	1.48	0.0	0.5299590000000001
38119	8143	1	5	3	3	6	1	1.0	2	2013	8	6	2	22.0	25	0	0	1	2059	0.510555556	0.151111111	0.1541666669999999	0.0	0.103888889	0.0	0	0.155833333	1.5	0.41	0.0	0.1140819999999999
38122	8143	3	0	4	1	6	1	1.0	2	2013	8	6	2	12.0	26	0	0	1	10610	2.523333333	0.798333333	0.2491666669999999	0.683333333	0.0	0.1	1	0.65	2.8	2.97	0.0	0.364957
38144	8147	0	0	3	1	1	1	1.0	2	2013	8	6	2	7.166666667	30	1	1	1	17349	4.005833333	1.238611111	0.220555556	0.583333333	0.0	0.0	0	1.161944444	5.09	3.08	10.5	0.785082
38154	8151	0	1	3	1	6	1	1.0	2	2013	8	6	2	21.0	35	0	0	0	8733	2.095555556	0.599166667	0.247777778	0.366666667	0.0	0.1166666669999999	1	0.536111111	2.4	1.45	0.0	0.320207
38191	8160	0	1	1	3	1	5	0.0	2	2013	8	7	3	8.533333333	69	0	1	2	1157	0.308055556	0.154444444	0.184722222	0.0	0.038333333	0.0	0	0.153333333	0.0	0.38	0.0	0.5054350000000001
38230	8170	0	0	1	3	2	1	1.0	2	2013	8	7	3	6.0	51	0	1	1	1768	0.440555556	0.099444444	0.198055556	0.0	0.073333333	0.0	0	0.081666667	1.5	0.27	0.0	0.0714286
38254	8172	3	0	1	3	1	2	0.0	2	2013	8	7	3	11.0	16	1	0	1	1352	0.359166667	0.108333333	0.1072222219999999	0.0	0.114722222	0.0	0	0.106111111	0.0	0.32	0.0	0.277487
38284	8176	0	3	3	3	6	1	1.0	2	2013	8	8	4	13.16666667	33	1	0	0	1407	0.354166667	0.099722222	0.1747222219999999	0.0	0.083333333	0.0	0	0.131111111	1.5	0.3	0.0	0.211864
38306	8180	1	6	2	3	6	1	1.0	2	2013	8	8	4	19.66666667	39	0	1	0	7746	1.985277778	0.6102777779999999	0.195277778	0.0	0.64	0.082222222	1	0.498055556	3.0	1.38	0.0	0.342443
38316	8183	1	0	4	3	1	1	1.0	2	2013	8	8	4	10.83333333	46	1	1	1	1275	0.324722222	0.085	0.245833333	0.0	0.036944444	0.0	0	0.094444444	1.5	0.25	0.0	0.120588
38323	8186	0	1	1	1	1	1	1.0	2	2013	8	8	4	19.16666667	38	1	1	1	2407	0.579444444	0.1963888889999999	0.082222222	0.0	0.180555556	0.0	0	0.158888889	1.5	0.47	0.0	0.316434
38338	8190	2	3	4	3	2	1	1.0	2	2013	8	9	5	2.333333333	23	0	0	2	15893	3.654444444	1.171666667	0.121388889	0.0	0.928888889	0.15	1	0.531666667	3.0	1.93	0.0	0.290491
38357	8196	0	1	4	4	2	1	1.0	2	2013	8	9	5	11.66666667	49	0	1	2	8358	1.952777778	0.6838888890000001	0.1866666669999999	0.233333333	0.1555555559999999	0.083333333	1	0.435555556	3.0	1.18	0.0	0.382015
38424	8209	0	2	3	3	1	1	1.0	2	2013	8	9	5	14.41666667	38	0	1	1	5273	1.218888889	0.365555556	0.201111111	0.0	0.309722222	0.0	0	0.384166667	1.5	1.06	0.0	0.535792
38434	8212	1	2	4	5	1	1	1.0	2	2013	8	10	6	21.0	30	1	1	1	19505	4.460555556	1.338055556	0.263611111	0.6333333329999999	0.0	0.1166666669999999	1	0.938055556	5.7	3.21	0.0	0.493633
38445	8215	0	1	1	3	1	1	1.0	2	2013	8	10	6	12.5	54	1	1	2	595	0.1769444439999999	0.080277778	0.080555556	0.0	0.021666667	0.0	0	0.0505555559999999	1.5	0.13	0.0	0.21978
38448	8215	1	2	4	3	2	1	1.0	2	2013	8	10	6	0.0	56	0	1	2	7385	1.717777778	0.505555556	0.166944444	0.0	0.5	0.15	1	0.403888889	3.0	1.07	0.0	0.430536
38472	8220	0	0	3	3	1	1	1.0	2	2013	8	10	6	12.5	47	1	1	2	1052	0.2688888889999999	0.111388889	0.028611111	0.0	0.1225	0.0	0	0.088055556	1.5	0.2	0.0	0.141956
38527	8236	0	0	3	3	1	1	1.0	2	2013	8	11	7	13.0	57	1	1	1	2475	0.6133333329999999	0.1913888889999999	0.302777778	0.0	0.161944444	0.0	0	0.163333333	1.5	0.47	0.0	0.29932
38578	8246	1	0	4	3	1	1	1.0	2	2013	8	12	1	8.5	29	1	1	2	1841	0.45	0.146111111	0.065555556	0.0	0.08	0.0	0	0.105555556	1.5	0.3	0.0	0.3578949999999999
38585	8247	1	1	4	5	1	1	1.0	2	2013	8	12	1	15.0	51	0	1	2	7221	1.783333333	0.5175	0.270555556	0.2	0.189444444	0.318888889	1	0.4733333329999999	3.79	1.33	0.0	0.273474
38599	8250	0	5	3	3	6	5	0.0	2	2013	8	12	1	17.5	73	1	0	0	1844	0.483888889	0.171666667	0.075833333	0.0	0.2225	0.0	0	0.200833333	0.0	0.48	0.0	0.272476
38603	8253	0	1	3	3	6	5	0.0	2	2013	8	12	1	11.0	46	1	0	0	1585	0.408611111	0.1222222219999999	0.1769444439999999	0.0	0.1072222219999999	0.0	0	0.121944444	0.0	0.31	0.0	0.166287
38631	8259	0	5	4	5	1	5	0.0	2	2013	8	13	2	19.66666667	80	0	1	2	3935	1.090833333	0.355277778	0.095	0.0	0.4	0.120833333	1	0.247222222	0.0	0.79	0.0	0.255056
38637	8261	1	1	4	1	1	1	1.0	2	2013	8	13	2	18.5	46	0	1	1	5876	1.518055556	0.488055556	0.43	0.25	0.0	0.0	0	0.3877777779999999	1.7	1.1	0.0	0.6504300000000001
38640	8262	0	0	1	3	1	5	0.0	2	2013	8	13	2	13.5	74	0	1	2	3552	0.868611111	0.314444444	0.124722222	0.2166666669999999	0.0	0.1166666669999999	1	0.24	0.0	0.69	0.0	0.30787
38667	8269	2	1	4	3	2	1	1.0	2	2013	8	13	2	20.0	18	1	0	1	1252	0.332222222	0.124166667	0.155	0.0	0.133333333	0.0	0	0.111944444	1.5	0.22	0.0	0.394541
38682	8271	1	2	3	3	1	1	1.0	2	2013	8	13	2	17.68333333	40	1	0	1	821	0.195277778	0.059722222	0.108055556	0.033333333	0.0	0.0	0	0.1125	1.7	0.28	0.0	0.212346
38706	8277	0	1	4	4	2	1	1.0	2	2013	8	14	3	17.25	37	0	1	2	4104	0.976666667	0.315833333	0.167777778	0.0	0.449722222	0.0	0	0.325555556	1.5	0.77	0.0	0.312287
38713	8278	1	0	4	4	1	1	1.0	2	2013	8	14	3	7.0	54	0	1	2	26539	6.235	1.756388889	0.211388889	1.133333333	0.0	0.083333333	1	0.911388889	4.7	3.97	0.0	0.571167
38766	8289	0	1	3	4	6	5	0.0	2	2013	8	14	3	18.0	67	1	0	0	27450	6.366944444	1.912777778	0.203333333	1.116666667	0.0	0.066666667	1	1.232777778	0.0	3.75	10.5	0.60365
38771	8291	1	0	3	4	1	5	0.0	2	2013	8	14	3	6.25	64	0	1	1	10412	2.485	0.783333333	0.161944444	0.35	0.062222222	0.15	2	0.54	0.0	1.73	0.0	0.4840529999999999
38780	8292	0	2	1	3	6	1	1.0	2	2013	8	14	3	14.75	55	1	0	0	1067	0.270555556	0.074444444	0.067777778	0.0	0.113611111	0.0	0	0.1047222219999999	1.5	0.21	0.0	0.3687
38804	8296	1	6	4	3	1	1	1.0	2	2013	8	14	3	21.95	46	0	1	2	1811	0.38	0.095555556	0.067777778	0.0	0.0875	0.0	0	0.0777777779999999	1.5	0.28	0.0	0.153571
38850	8304	0	0	1	3	1	5	0.0	2	2013	8	14	3	10.0	75	0	1	1	358	0.108055556	0.044444444	0.047777778	0.0	0.020833333	0.0	0	0.0866666669999999	0.0	0.21	0.0	0.1923079999999999
38857	8306	1	1	3	5	6	5	0.0	2	2013	8	14	3	14.5	81	1	0	0	1420	0.3544444439999999	0.096388889	0.098055556	0.0	0.164444444	0.0	0	0.127777778	0.0	0.28	0.0	0.417391
38903	8312	0	0	4	3	1	1	1.0	2	2013	8	15	4	8.0	55	0	1	1	2962	0.744722222	0.243333333	0.139166667	0.0	0.371111111	0.0	0	0.2613888889999999	1.5	0.64	0.0	0.592986
38918	8314	0	3	4	3	1	4	1.0	2	2013	8	15	4	17.13333333	28	1	1	1	1928	0.449444444	0.1722222219999999	0.041666667	0.0	0.3833333329999999	0.0	0	0.136944444	1.5	0.37	0.0	0.638945
38944	8321	1	1	1	1	2	1	1.0	2	2013	8	16	5	17.0	31	1	0	1	1457	0.391666667	0.1011111109999999	0.148055556	0.0	0.176666667	0.0	0	0.153333333	1.5	0.27	0.0	0.391304
38954	8326	1	1	3	4	1	4	0.5	2	2013	8	16	5	15.75	24	0	1	1	4024	1.106388889	0.347222222	0.153611111	0.0	0.391666667	0.1166666669999999	1	0.321388889	1.5	0.87	0.0	0.324114
38965	8331	0	0	4	3	6	2	0.0	2	2013	8	16	5	10.0	17	0	0	0	13610	3.2980555560000004	1.183888889	0.175277778	0.366666667	0.06	0.283333333	3	0.780277778	2.6	2.36	0.0	0.541118
38981	8333	2	0	3	3	1	5	0.0	2	2013	8	16	5	10.0	7	0	0	1	2654	0.666666667	0.210833333	0.166944444	0.0	0.156944444	0.0	0	0.157222222	0.0	0.54	0.0	0.318021
39000	8340	0	0	4	4	6	1	1.0	2	2013	8	16	5	7.0	39	0	1	0	6727	1.641388889	0.4483333329999999	0.238333333	0.233333333	0.192777778	0.1166666669999999	1	0.473055556	4.8	1.2	0.0	0.5096890000000001
39006	8340	1	5	3	3	6	1	1.0	2	2013	8	16	5	14.78333333	32	1	1	0	1389	0.425277778	0.156388889	0.0725	0.0	0.233333333	0.0	0	0.148611111	1.5	0.37	0.0	0.271028
39026	8344	0	1	1	3	6	4	1.0	2	2013	8	17	6	20.66666667	43	1	1	0	917	0.225833333	0.0725	0.114166667	0.0	0.033333333	0.0	0	0.0675	1.5	0.16	0.0	0.185185
39052	8352	0	0	1	3	2	5	0.0	2	2013	8	17	6	10.0	60	0	1	1	1238	0.300555556	0.126388889	0.073055556	0.0	0.081666667	0.0	0	0.118888889	0.0	0.3	0.0	0.278037
39054	8352	0	3	1	3	2	5	0.0	2	2013	8	17	6	14.0	60	0	1	1	1181	0.296666667	0.101944444	0.034444444	0.0	0.1411111109999999	0.0	0	0.101944444	0.0	0.23	0.0	0.158038
39086	8357	1	4	4	3	1	1	1.0	2	2013	8	18	7	21.0	20	0	1	2	2740	0.705555556	0.168611111	0.1975	0.0	0.293611111	0.177777778	1	0.1694444439999999	3.0	0.59	0.0	0.0639344
39091	8357	2	7	4	5	1	4	0.0	2	2013	8	18	7	21.41666667	18	1	1	2	2089	0.5658333329999999	0.150555556	0.289166667	0.0	0.219444444	0.0	0	0.133611111	0.0	0.39	0.0	0.010395
39099	8359	0	3	4	3	2	1	1.0	2	2013	8	18	7	0.5	23	0	1	1	7561	1.830833333	0.485833333	0.1036111109999999	0.0	0.563333333	0.126111111	1	0.320277778	3.0	1.19	0.0	0.2428449999999999
39112	8361	0	1	1	5	6	1	1.0	2	2013	8	18	7	12.5	49	0	1	0	1514	0.423055556	0.1744444439999999	0.168055556	0.0	0.194444444	0.0	0	0.162777778	1.5	0.32	0.0	0.4505119999999999
39140	8369	2	1	3	5	1	1	1.0	2	2013	8	19	1	16.0	26	1	0	1	3508	1.076388889	0.3725	0.235277778	0.0	0.2	0.0	0	0.232777778	1.5	0.92	0.0	0.153938
39149	8371	1	0	1	3	6	5	0.0	2	2013	8	19	1	20.5	31	1	0	0	520	0.14	0.057222222	0.0725	0.0	0.016666667	0.0	0	0.08	0.0	0.22	0.0	0.194444
39150	8372	1	0	3	3	6	5	0.0	2	2013	8	19	1	13.5	73	0	0	0	6814	1.6177777780000002	0.499444444	0.296388889	0.2666666669999999	0.0	0.0	0	0.355833333	0.0	1.02	0.0	0.237315
39162	8376	0	0	2	3	2	1	1.0	2	2013	8	19	1	9.0	26	1	0	1	3897	0.993055556	0.308333333	0.208055556	0.0	0.178888889	0.0	0	0.190555556	1.5	0.59	0.0	0.217201
39184	8382	0	0	3	3	6	5	0.0	2	2013	8	19	1	8.0	74	1	0	0	1104	0.3338888889999999	0.095555556	0.203611111	0.0	0.05	0.0	0	0.092777778	0.0	0.22	0.0	0.116766
39202	8386	1	1	3	1	2	1	1.0	2	2013	8	19	1	17.0	40	1	1	1	11772	2.818333333	1.053888889	0.302777778	0.366666667	0.0	0.0	0	0.8655555559999999	3.3	1.86	10.5	0.634788
39225	8393	0	7	1	3	6	5	0.0	2	2013	8	20	2	19.5	74	1	0	0	769	0.227777778	0.120277778	0.123333333	0.016666667	0.0	0.0	0	0.071944444	0.0	0.16	0.0	0.80695
39229	8393	1	2	1	3	6	5	0.0	2	2013	8	20	2	19.5	75	0	1	0	769	0.227777778	0.120277778	0.123333333	0.016666667	0.0	0.0	0	0.071944444	0.0	0.16	0.0	0.80695
39235	8394	3	0	3	3	1	5	0.0	2	2013	8	20	2	11.0	60	1	0	1	3875	1.026944444	0.3225	0.2225	0.0	0.427777778	0.0	0	0.238055556	0.0	0.84	0.0	0.408401
39255	8399	0	2	1	3	6	1	1.0	2	2013	8	20	2	13.5	28	0	1	0	699	0.2847222219999999	0.099444444	0.122777778	0.0	0.07	0.0	0	0.100277778	1.5	0.21	0.0	0.0941828
39257	8399	1	2	1	3	6	1	1.0	2	2013	8	20	2	13.5	28	1	1	0	699	0.2847222219999999	0.099444444	0.122777778	0.0	0.07	0.0	0	0.100277778	1.5	0.21	0.0	0.0941828
39263	8402	0	1	4	3	2	5	0.0	2	2013	8	20	2	8.5	70	0	1	1	1124	0.283888889	0.108333333	0.184166667	0.0	0.119444444	0.0	0	0.104444444	0.0	0.23	0.0	0.119681
39270	8403	0	4	3	5	1	4	1.0	2	2013	8	20	2	18.33333333	24	1	0	1	10040	2.350555556	0.837777778	0.203888889	0.65	0.0	0.1	1	0.772222222	1.85	1.95	0.0	0.6320140000000001
39302	8409	0	1	3	1	6	1	1.0	2	2013	8	21	3	17.25	32	1	0	0	3541	0.811111111	0.265	0.0141666669999999	0.066666667	0.195	0.1216666669999999	1	0.2369444439999999	3.2	0.56	0.0	0.348183
39304	8409	0	3	3	3	6	1	1.0	2	2013	8	21	3	20.58333333	32	1	0	0	1020	0.2638888889999999	0.079444444	0.1030555559999999	0.0	0.123055556	0.0	0	0.096666667	1.5	0.23	0.0	0.362069
39324	8412	2	1	4	4	4	1	1.0	2	2013	8	21	3	9.0	27	0	1	2	640	0.168888889	0.069444444	0.066388889	0.0	0.072222222	0.0	0	0.078333333	1.5	0.29	0.0	0.343972
39329	8413	0	8	3	3	1	5	0.0	2	2013	8	21	3	16.91666667	68	0	1	1	2814	0.642222222	0.186111111	0.059722222	0.0	0.1825	0.0	0	0.222222222	0.0	0.68	0.0	0.15375
39344	8417	1	0	4	3	2	1	1.0	2	2013	8	21	3	8.5	41	1	1	2	2632	0.6647222220000001	0.193055556	0.153333333	0.0	0.201666667	0.0	0	0.2369444439999999	1.5	0.44	0.0	0.403283
39366	8420	0	0	3	3	1	5	0.0	2	2013	8	22	4	10.38333333	63	1	1	2	17101	3.976944444	1.295277778	0.458611111	0.583333333	0.0	0.0	0	0.979444444	0.0	2.88	10.5	0.433069
39380	8423	5	2	4	3	1	3	0.0	2	2013	8	22	4	18.5	15	1	0	2	1123	0.288888889	0.108055556	0.123055556	0.0	0.111388889	0.0	0	0.124722222	0.0	0.27	0.0	0.151448
39391	8427	0	0	3	3	6	1	1.0	2	2013	8	22	4	18.75	27	1	1	0	9794	2.228333333	0.732222222	0.270277778	0.283333333	0.0	0.0	0	0.653888889	2.6	1.58	0.0	0.674596
39402	8429	1	3	3	1	1	1	1.0	2	2013	8	22	4	21.41666667	45	0	1	1	7674	1.808333333	0.517222222	0.2463888889999999	0.2166666669999999	0.0	0.0	0	0.5061111110000001	2.8	1.4	0.0	0.42865
39407	8430	1	0	3	1	2	1	1.0	2	2013	8	22	4	7.25	32	1	1	1	7505	1.737222222	0.528055556	0.3963888889999999	0.25	0.0	0.0	0	0.491388889	3.5	1.16	10.5	0.751837
39408	8430	1	1	1	5	2	1	1.0	2	2013	8	22	4	12.5	32	1	1	1	388	0.1075	0.075833333	0.039444444	0.0	0.028611111	0.0	0	0.0475	1.5	0.08	10.5	0.7076020000000001
39413	8432	0	0	3	4	2	1	1.0	2	2013	8	23	5	7.666666667	40	1	1	1	6189	1.466666667	0.4477777779999999	0.195	0.483333333	0.0	0.083333333	1	0.413055556	2.9	0.98	0.0	0.501681
39415	8432	0	2	1	5	2	1	1.0	2	2013	8	23	5	13.0	40	1	1	1	683	0.149722222	0.0388888889999999	0.022222222	0.0	0.095	0.0	0	0.045833333	1.5	0.09	0.0	0.369697
39418	8432	1	1	3	1	2	1	1.0	2	2013	8	23	5	17.75	40	0	1	1	6182	1.4747222219999998	0.500277778	0.116388889	0.283333333	0.0	0.1166666669999999	1	0.435833333	4.8	0.98	0.0	0.329509
39447	8440	0	0	4	3	1	5	0.0	2	2013	8	23	5	8.75	66	0	1	1	3786	0.8788888890000001	0.2925	0.276111111	0.0	0.323333333	0.0	0	0.258055556	0.0	0.73	0.0	0.556512
39448	8440	0	1	4	3	1	5	0.0	2	2013	8	23	5	8.966666667	66	0	1	1	3786	0.909444444	0.318333333	0.272777778	0.0	0.312777778	0.0	0	0.2819444439999999	0.0	0.77	0.0	0.5133
39468	8443	1	1	1	5	6	1	1.0	2	2013	8	24	6	15.5	27	1	0	0	386	0.099722222	0.047777778	0.011388889	0.0	0.036666667	0.0	0	0.042222222	1.5	0.1	0.0	0.1842109999999999
39488	8449	1	3	4	3	1	1	1.0	2	2013	8	24	6	16.0	51	1	1	1	1531	0.363055556	0.090555556	0.246111111	0.0	0.033333333	0.0	0	0.112777778	1.5	0.32	0.0	0.270936
39492	8450	3	0	3	3	2	5	0.0	2	2013	8	24	6	17.0	8	1	0	2	1504	0.38	0.197777778	0.128888889	0.05	0.0	0.0	0	0.1625	0.0	0.41	0.0	0.34188
39497	8451	0	3	3	3	6	1	0.5	2	2013	8	24	6	16.0	38	1	0	0	962	0.244166667	0.094722222	0.0861111109999999	0.0	0.062222222	0.0	0	0.083888889	0.75	0.19	0.0	0.231788
39509	8454	2	2	3	3	1	1	1.0	2	2013	8	24	6	17.0	37	0	0	1	3601	0.9025	0.259166667	0.080833333	0.0	0.300833333	0.0	0	0.238333333	1.5	0.73	0.0	0.3135199999999999
39527	8461	1	4	3	3	1	5	0.0	2	2013	8	25	7	16.66666667	61	0	1	2	1461	0.393611111	0.110555556	0.0897222219999999	0.0	0.119444444	0.0	0	0.118888889	0.0	0.3	0.0	0.0864486
39531	8463	0	1	4	5	1	5	0.0	2	2013	8	25	7	11.83333333	60	1	1	1	1850	0.512222222	0.173888889	0.163333333	0.0	0.089444444	0.0	0	0.1436111109999999	0.0	0.41	0.0	0.133462
39533	8463	1	0	1	3	1	5	0.0	2	2013	8	25	7	11.0	66	0	0	1	1100	0.320555556	0.1186111109999999	0.163055556	0.0	0.05	0.0	0	0.123333333	0.0	0.36	0.0	0.1351349999999999
39535	8463	1	2	1	3	1	5	0.0	2	2013	8	25	7	14.0	66	0	0	1	1100	0.320555556	0.1186111109999999	0.163055556	0.0	0.05	0.0	0	0.125277778	0.0	0.36	0.0	0.141907
39565	8469	1	0	1	3	6	5	0.0	2	2013	8	26	1	15.0	7	0	0	0	1344	0.285277778	0.0825	0.0711111109999999	0.0	0.151666667	0.0	0	0.075277778	0.0	0.19	0.0	0.343173
39568	8471	0	4	4	5	2	1	1.0	2	2013	8	26	1	15.66666667	43	0	1	1	5900	1.3425	0.481388889	0.081111111	0.0	0.399444444	0.0	0	0.2625	1.5	0.81	0.0	0.395767
39617	8483	1	1	1	5	1	1	1.0	2	2013	8	26	1	11.5	23	0	1	1	231	0.049166667	0.020277778	0.033888889	0.0	0.022777778	0.0	0	0.013333333	1.5	0.04	0.0	0.3125
39625	8486	0	0	4	3	1	1	1.0	2	2013	8	27	2	13.0	55	1	1	1	21671	6.201388889	1.880555556	0.062222222	1.233333333	0.076666667	0.45	3	0.820277778	4.6	3.71	0.0	0.435489
39629	8487	1	0	4	1	1	1	1.0	2	2013	8	27	2	7.5	31	0	1	2	2402	1.111944444	0.431944444	0.356111111	0.0	0.144166667	0.0	0	0.149166667	1.5	0.62	0.0	0.0707635
39636	8489	0	4	4	3	1	1	1.0	2	2013	8	27	2	14.0	58	1	1	1	8247	2.144166667	0.604444444	0.109166667	0.0	1.0025	0.066666667	1	0.396111111	3.0	1.38	0.0	0.171809
39684	8494	2	1	3	1	6	4	1.0	2	2013	8	27	2	20.33333333	24	1	1	0	10020	2.5502777780000003	0.7919444440000001	0.1888888889999999	0.55	0.0	0.133333333	1	0.578055556	1.4	1.76	0.0	0.45507
39714	8505	2	1	3	3	1	5	0.0	2	2013	8	28	3	13.0	8	1	0	1	3839	0.954722222	0.316666667	0.181111111	0.0	0.39	0.0	0	0.281388889	0.0	0.73	10.5	0.6258640000000001
39770	8519	0	2	4	3	1	1	1.0	2	2013	8	29	4	11.0	53	1	1	1	3237	0.795277778	0.264722222	0.132222222	0.0	0.251111111	0.0	0	0.197222222	1.5	0.62	0.0	0.128169
39771	8519	0	5	4	3	1	1	1.0	2	2013	8	29	4	12.25	53	1	1	1	3259	0.7725	0.235833333	0.17	0.0	0.243333333	0.0	0	0.205555556	1.5	0.65	0.0	0.164865
39776	8519	2	0	4	3	1	1	1.0	2	2013	8	29	4	11.0	21	1	1	1	3237	0.795277778	0.264722222	0.132222222	0.0	0.251111111	0.0	0	0.197222222	1.5	0.62	0.0	0.128169
39784	8519	7	0	4	3	1	5	0.0	2	2013	8	29	4	11.0	9	1	0	1	3237	0.795277778	0.264722222	0.132222222	0.0	0.251111111	0.0	0	0.197222222	0.0	0.62	0.0	0.128169
39794	8521	0	0	3	1	1	1	1.0	2	2013	8	29	4	8.5	27	1	1	2	19530	4.625555556	1.2875	0.316944444	0.6	0.0	0.0	0	0.785833333	5.09	2.96	10.5	0.533051
39814	8525	0	5	4	5	1	1	1.0	2	2013	8	30	5	21.5	34	0	1	2	4069	1.205833333	0.38	0.1675	0.0	0.24	0.2	1	0.258611111	3.0	0.84	0.0	0.190118
39837	8533	0	0	4	3	2	1	1.0	2	2013	8	30	5	15.0	55	1	1	1	1676	0.484166667	0.1411111109999999	0.1775	0.0	0.166666667	0.0	0	0.096944444	1.5	0.28	0.0	0.0429799
39838	8533	0	2	4	3	2	1	1.0	2	2013	8	30	5	17.0	55	1	1	1	2041	0.501111111	0.161388889	0.135555556	0.0	0.206388889	0.0	0	0.135833333	1.5	0.35	0.0	0.210634
39841	8533	1	2	4	3	2	5	0.0	2	2013	8	30	5	15.0	55	0	1	1	1676	0.484166667	0.1411111109999999	0.1775	0.0	0.166666667	0.0	0	0.096944444	0.0	0.28	0.0	0.0429799
39846	8535	1	0	1	3	1	5	0.0	2	2013	8	30	5	16.5	62	0	1	1	990	0.250555556	0.068888889	0.12	0.0	0.06	0.0	0	0.078888889	0.0	0.2	0.0	0.264085
39851	8536	0	1	4	1	1	1	1.0	2	2013	8	30	5	18.5	49	0	1	2	5030	1.195	0.3902777779999999	0.151388889	0.0	0.29	0.0	0	0.280833333	1.5	0.89	0.0	0.261128
39858	8538	0	0	3	1	6	1	1.0	2	2013	8	30	5	8.0	29	0	0	0	9014	2.225277778	0.823611111	0.148888889	0.283333333	0.0	0.083333333	1	0.663333333	2.9	1.73	0.0	0.642379
39888	8544	0	1	1	5	6	1	1.0	2	2013	8	31	6	15.75	43	0	0	0	668	0.193055556	0.064166667	0.120833333	0.0	0.036388889	0.0	0	0.055555556	1.5	0.14	0.0	0.11
39889	8544	0	2	1	3	6	1	1.0	2	2013	8	31	6	16.66666667	43	0	0	0	1207	0.323611111	0.120277778	0.176666667	0.0	0.064722222	0.0	0	0.075277778	1.5	0.2	0.0	0.191882
39914	8546	3	2	4	3	1	1	1.0	2	2013	8	31	6	12.5	55	0	1	1	18221	4.203888889	1.3588888890000002	0.145277778	1.066666667	0.0	0.1166666669999999	1	0.826666667	3.1	3.18	0.0	0.517137
39928	8549	6	2	3	3	1	1	1.0	2	2013	8	31	6	21.0	26	0	0	1	19790	4.783333333	1.534722222	0.254166667	0.95	0.0	0.1	1	0.864166667	2.8	4.51	0.0	0.280939
39943	8554	0	1	4	1	1	1	1.0	2	2013	8	31	6	12.0	48	0	1	1	1660	0.413888889	0.128611111	0.133611111	0.0	0.1938888889999999	0.0	0	0.147777778	1.5	0.37	0.0	0.283835
39966	8556	0	2	4	5	6	1	1.0	2	2013	8	31	6	12.5	31	1	1	1	1025	0.298611111	0.131388889	0.1180555559999999	0.0	0.083333333	0.0	0	0.1411111109999999	1.5	0.29	10.5	0.5767720000000001
39967	8556	0	3	4	5	6	1	1.0	2	2013	8	31	6	13.75	31	1	1	1	1046	0.300277778	0.140277778	0.081944444	0.0	0.083333333	0.0	0	0.1191666669999999	1.5	0.27	10.5	0.452214
39998	8558	1	3	4	3	1	1	1.0	2	2013	8	31	6	1.0	33	1	1	2	19296	4.653055556	1.477777778	0.365277778	0.0	1.561944444	0.3908333329999999	2	0.660277778	4.5	2.95	0.0	0.242743
39999	8559	0	0	4	3	2	1	1.0	2	2013	8	31	6	16.0	48	1	1	1	8368	2.525	0.8119444440000001	0.3825	0.0	0.556111111	0.0	0	0.337777778	1.5	1.39	0.0	0.1842109999999999
40019	8564	0	0	3	3	6	1	1.0	2	2013	8	31	6	13.5	39	1	0	0	1004	0.260555556	0.0825	0.074444444	0.0	0.1	0.0	0	0.135	1.5	0.23	0.0	0.236626
40039	8569	2	0	2	3	1	3	0.0	2	2013	9	1	7	12.0	13	0	0	2	3541	0.818888889	0.265277778	0.070833333	0.0	0.345277778	0.0	0	0.220277778	0.0	0.66	0.0	0.105927
40048	8570	1	1	1	3	1	1	1.0	2	2013	9	1	7	18.88333333	44	1	1	1	1051	0.305	0.113888889	0.163333333	0.0	0.0436111109999999	0.0	0	0.059166667	1.5	0.21	0.0	0.1032859999999999
40070	8574	2	1	4	3	1	3	0.0	2	2013	9	1	7	12.25	14	1	0	1	2594	0.6647222220000001	0.1975	0.145	0.0	0.163055556	0.0	0	0.135277778	0.0	0.45	0.0	0.129363
40073	8574	4	0	4	3	1	5	0.0	2	2013	9	1	7	10.83333333	7	1	0	1	2594	0.6447222220000001	0.185	0.146111111	0.0	0.168333333	0.0	0	0.144444444	0.0	0.46	0.0	0.0923077
40083	8578	1	0	4	3	1	1	1.0	2	2013	9	1	7	11.83333333	54	1	1	1	1169	0.326111111	0.090555556	0.110833333	0.0	0.1011111109999999	0.0	0	0.088888889	1.5	0.25	0.0	0.384375
40103	8583	2	2	4	3	1	5	0.0	2	2013	9	1	7	14.0	11	1	0	1	6358	1.476111111	0.46	0.1425	0.0	0.535277778	0.0	0	0.504166667	0.0	1.31	0.0	0.54876
40104	8584	0	0	4	3	1	5	0.0	2	2013	9	1	7	15.5	80	1	1	1	1931	0.4952777779999999	0.133888889	0.170277778	0.0	0.066666667	0.0	0	0.146944444	0.0	0.45	0.0	0.102079
40123	8587	0	3	4	3	1	1	1.0	2	2013	9	1	7	13.75	39	1	1	2	1777	0.413055556	0.1180555559999999	0.1863888889999999	0.0	0.0991666669999999	0.0	0	0.108888889	1.5	0.32	0.0	0.1454079999999999
40168	8596	1	0	3	4	2	1	1.0	2	2013	9	2	1	7.5	42	0	1	1	9196	2.140277778	0.745833333	0.085833333	0.5166666670000001	0.0	0.0	0	0.5922222220000001	2.9	1.42	10.5	0.6318010000000001
40186	8598	1	3	4	5	2	1	1.0	2	2013	9	2	1	21.0	69	0	1	1	2550	0.566944444	0.138333333	0.0875	0.0	0.088888889	0.0	0	0.089444444	1.5	0.31	0.0	0.068323
40210	8602	1	1	4	3	1	1	1.0	2	2013	9	2	1	20.66666667	27	1	0	2	2468	0.655277778	0.210555556	0.086388889	0.0	0.126388889	0.068611111	1	0.115277778	3.0	0.43	0.0	0.127711
40221	8605	1	1	1	3	1	5	0.0	2	2013	9	2	1	11.0	74	0	1	1	1862	0.537222222	0.158333333	0.149444444	0.0	0.075833333	0.0	0	0.111666667	0.0	0.36	0.0	0.186567
40239	8609	0	3	3	1	6	1	1.0	2	2013	9	2	1	17.5	29	0	1	0	5190	1.281111111	0.4744444439999999	0.113333333	0.1	0.253055556	0.133611111	1	0.3983333329999999	3.9	0.9	10.5	0.609484
40251	8611	2	0	4	3	1	3	0.0	2	2013	9	2	1	19.0	12	0	0	1	7404	1.962777778	0.6022222220000001	0.225277778	0.0	0.351388889	0.128333333	1	0.251388889	0.0	1.1	0.0	0.416575
40292	8617	0	6	1	5	1	1	1.0	2	2013	9	3	2	17.75	34	1	1	1	1069	0.281111111	0.127222222	0.103333333	0.0	0.095	0.0	0	0.13	1.5	0.36	0.0	0.149573
40298	8618	0	1	3	4	1	5	0.0	2	2013	9	3	2	12.5	34	1	1	1	9812	2.746388889	0.856666667	0.093611111	0.233333333	0.0	0.1	1	0.7775	0.0	2.1	10.5	0.570561
40321	8620	2	2	4	3	1	3	0.0	2	2013	9	3	2	18.25	14	0	0	1	1487	0.417777778	0.124166667	0.127222222	0.0	0.186944444	0.0	0	0.111944444	0.0	0.31	0.0	0.191067
40380	8638	0	0	3	1	1	1	1.0	2	2013	9	5	4	11.0	51	1	0	1	4938	1.211388889	0.469722222	0.1011111109999999	0.0	0.5166666670000001	0.0	0	0.259166667	1.5	0.87	0.0	0.367631
40406	8642	1	0	3	3	1	5	0.0	2	2013	9	5	4	11.5	70	1	1	1	2151	0.512222222	0.148888889	0.230555556	0.05	0.0	0.0	0	0.128888889	0.0	0.38	0.0	0.131466
40410	8643	1	1	3	5	1	4	1.0	2	2013	9	5	4	18.25	22	0	0	1	3211	0.8847222220000001	0.316666667	0.068611111	0.1	0.0	0.0	0	0.424444444	1.6	0.87	0.0	0.740838
40438	8649	0	0	4	2	2	1	1.0	2	2013	9	5	4	8.333333332999999	33	1	1	2	623	0.218611111	0.069444444	0.1216666669999999	0.0	0.033333333	0.0	0	0.051666667	1.5	0.13	0.0	0.0806452
40440	8649	0	7	4	3	2	1	1.0	2	2013	9	5	4	12.5	33	1	1	2	1433	0.3494444439999999	0.115	0.120555556	0.0	0.066666667	0.0	0	0.088333333	1.5	0.23	0.0	0.0534591
40446	8650	0	0	3	1	1	1	1.0	2	2013	9	5	4	10.0	47	0	0	1	8207	1.943611111	0.815277778	0.1975	0.3833333329999999	0.0	0.0	0	0.651111111	2.4	1.61	10.5	0.812287
40453	8650	1	5	4	5	1	1	1.0	2	2013	9	5	4	20.25	43	1	1	1	1938	0.4658333329999999	0.131666667	0.088333333	0.0	0.153333333	0.0	0	0.120833333	1.5	0.33	0.0	0.0873563
40489	8656	1	0	4	2	1	2	0.0	2	2013	9	6	5	8.166666667000001	17	0	1	2	2133	0.645833333	0.1913888889999999	0.2394444439999999	0.0	0.118888889	0.0	0	0.162777778	0.0	0.45	0.0	0.110922
40498	8657	1	0	4	2	1	5	0.0	2	2013	9	6	5	8.5	38	1	1	1	1396	0.416111111	0.1266666669999999	0.165	0.0	0.070277778	0.0	0	0.103888889	0.0	0.29	0.0	0.0802138999999999
40503	8657	3	2	1	3	1	5	0.0	2	2013	9	6	5	16.83333333	5	0	0	1	968	0.268611111	0.078611111	0.096666667	0.0	0.038611111	0.0	0	0.061388889	0.0	0.21	0.0	0.0904977
40515	8658	3	1	3	2	2	3	0.0	2	2013	9	6	5	16.0	12	0	0	1	10224	2.410555556	0.8675	0.304444444	0.316666667	0.0	0.1166666669999999	1	0.588888889	0.75	1.56	10.5	0.5099060000000001
40521	8660	0	3	3	2	6	1	1.0	2	2013	9	6	5	16.08333333	38	0	0	0	1754	0.4783333329999999	0.243055556	0.056944444	0.0	0.244722222	0.0	0	0.165833333	1.5	0.36	0.0	0.145729
40529	8661	0	6	4	5	1	1	1.0	2	2013	9	6	5	15.25	46	1	1	2	1240	0.3338888889999999	0.097777778	0.249444444	0.0	0.113888889	0.0	0	0.131666667	1.5	0.42	0.0	0.4472569999999999
40559	8667	0	1	1	1	6	1	1.0	2	2013	9	6	5	16.66666667	61	0	0	0	859	0.210833333	0.076388889	0.0886111109999999	0.0	0.034444444	0.0	0	0.084444444	1.5	0.18	0.0	0.3519739999999999
40560	8668	0	0	4	1	1	1	1.0	2	2013	9	6	5	9.5	33	1	0	1	3248	0.7538888890000001	0.245833333	0.1216666669999999	0.1166666669999999	0.0	0.0	0	0.2344444439999999	2.4	0.59	10.5	0.732228
40561	8668	0	1	4	1	1	1	1.0	2	2013	9	6	5	18.58333333	33	1	0	1	3248	0.7533333329999999	0.246111111	0.1186111109999999	0.1	0.0	0.0	0	0.2275	2.4	0.59	0.0	0.557998
40571	8671	1	3	2	2	1	1	1.0	2	2013	9	6	5	15.0	38	1	1	1	659	0.228055556	0.079722222	0.095833333	0.0	0.0586111109999999	0.0	0	0.072222222	1.5	0.22	0.0	0.0
40578	8673	1	2	4	3	1	1	1.0	2	2013	9	6	5	19.0	48	0	1	2	19111	4.448611111	1.335555556	0.1772222219999999	0.5	0.575555556	0.3316666669999999	3	1.099722222	7.4	4.18	0.0	0.419803
40583	8675	2	0	3	3	2	2	0.0	2	2013	9	7	6	10.5	16	1	0	2	3905	0.981111111	0.259166667	0.277222222	0.066666667	0.0	0.0	0	0.236388889	0.75	0.69	0.0	0.259694
40599	8679	0	0	4	3	6	1	1.0	2	2013	9	7	6	17.0	50	0	1	0	1038	0.256388889	0.08	0.075	0.0	0.086944444	0.0	0	0.091388889	1.5	0.19	0.0	0.203647
40604	8680	0	4	3	5	6	1	1.0	2	2013	9	7	6	21.0	56	0	0	0	5722	1.287777778	0.3469444439999999	0.149166667	0.0	0.427777778	0.0	0	0.343888889	1.5	0.85	0.0	0.523425
40613	8682	0	0	3	3	6	1	1.0	2	2013	9	7	6	15.0	39	1	0	0	932	0.228055556	0.079166667	0.115	0.0	0.1175	0.0	0	0.086388889	1.5	0.2	0.0	0.115756
40642	8690	1	1	3	4	6	1	1.0	2	2013	9	7	6	20.5	64	0	1	0	1261	0.313888889	0.091111111	0.045277778	0.0	0.076666667	0.0	0	0.072222222	1.5	0.2	0.0	0.215385
40677	8698	2	0	3	1	2	1	1.0	2	2013	9	8	7	9.5	19	1	0	1	13554	3.295833333	1.108333333	0.218333333	0.433333333	0.1166666669999999	0.1	1	0.773333333	4.3	2.04	0.0	0.5678880000000001
40714	8708	1	1	4	5	6	5	0.0	2	2013	9	9	1	15.16666667	9	0	0	0	4140	1.155555556	0.340555556	0.199722222	0.0	0.2975	0.1066666669999999	1	0.262222222	0.0	0.72	0.0	0.329449
40721	8709	2	2	4	3	2	5	0.0	2	2013	9	9	1	17.5	7	1	0	1	3754	0.934166667	0.273333333	0.213611111	0.0	0.165277778	0.0	0	0.203333333	0.0	0.54	0.0	0.344262
40742	8715	0	1	1	3	6	1	1.0	2	2013	9	9	1	11.5	27	0	0	0	626	0.162222222	0.0627777779999999	0.049166667	0.0	0.035	0.0	0	0.036388889	1.5	0.1	0.0	0.4503819999999999
40763	8718	2	1	1	2	1	5	0.0	2	2013	9	9	1	15.16666667	7	0	0	1	1977	0.557777778	0.1625	0.155	0.0	0.144166667	0.0	0	0.1472222219999999	0.0	0.44	0.0	0.130189
40784	8725	0	4	1	2	6	1	1.0	2	2013	9	10	2	14.5	42	1	0	0	1377	0.3483333329999999	0.1186111109999999	0.1838888889999999	0.0	0.0736111109999999	0.0	0	0.108888889	1.5	0.25	0.0	0.1428569999999999
40791	8727	0	1	4	5	1	5	0.0	2	2013	9	10	2	10.5	64	0	1	2	6202	1.4969444440000002	0.536111111	0.132777778	0.0	0.431666667	0.0	0	0.330277778	0.0	1.04	0.0	0.299411
40822	8732	0	0	2	1	6	1	1.0	2	2013	9	10	2	8.5	30	0	1	0	5343	1.356388889	0.476111111	0.259166667	0.183333333	0.0	0.1	1	0.5247222220000001	2.9	1.12	10.5	0.8438329999999999
40843	8739	0	0	3	3	6	4	0.5	2	2013	9	11	3	10.0	42	0	0	0	3385	0.757222222	0.215277778	0.1963888889999999	0.0	0.2166666669999999	0.0	0	0.183055556	0.75	0.49	0.0	0.223065
40873	8743	1	1	4	1	1	1	1.0	2	2013	9	11	3	19.0	42	1	1	1	2776	0.72	0.223611111	0.073888889	0.0	0.258888889	0.069722222	1	0.201111111	3.0	0.54	0.0	0.243094
40903	8748	1	1	3	4	1	1	1.0	2	2013	9	11	3	13.0	35	0	1	1	3338	0.8652777779999999	0.263333333	0.195	0.0	0.34	0.0	0	0.261666667	1.5	0.65	10.5	0.727176
40913	8750	0	1	3	5	1	1	1.0	2	2013	9	11	3	8.25	58	0	1	1	16881	4.005	1.268611111	0.23	0.433333333	0.15	0.166666667	1	1.0794444440000002	5.5	3.14	10.5	0.7804939999999999
40916	8750	0	7	4	1	1	1	1.0	2	2013	9	11	3	19.0	58	0	1	1	2070	0.598888889	0.1819444439999999	0.251666667	0.0	0.139444444	0.0	0	0.1825	1.5	0.52	0.0	0.350076
40936	8752	0	4	1	2	6	1	1.0	2	2013	9	11	3	13.08333333	43	1	0	0	990	0.240555556	0.0711111109999999	0.113888889	0.0	0.111666667	0.0	0	0.072777778	1.5	0.17	0.0	0.259542
40949	8753	1	1	3	1	6	1	1.0	2	2013	9	11	3	17.83333333	40	0	0	0	4426	1.114722222	0.365277778	0.265833333	0.183333333	0.0	0.1	1	0.4558333329999999	2.4	1.34	10.5	0.746496
40979	8762	0	0	4	3	1	5	0.0	2	2013	9	12	4	10.0	62	1	1	2	1928	0.505277778	0.145277778	0.05	0.0	0.156388889	0.0	0	0.108055556	0.0	0.33	0.0	0.244216
40985	8763	0	0	1	3	1	1	0.5	2	2013	9	12	4	13.0	53	0	1	1	386	0.138055556	0.070833333	0.056111111	0.0	0.027777778	0.0	0	0.072777778	0.75	0.15	0.0	0.351145
41042	8775	1	3	1	2	1	1	1.0	2	2013	9	13	5	15.25	48	1	1	1	621	0.1963888889999999	0.063611111	0.115277778	0.0	0.055555556	0.0	0	0.095277778	1.5	0.19	0.0	0.19242
41049	8777	0	0	4	1	1	1	1.0	2	2013	9	13	5	9.666666667	60	1	1	2	5070	1.198333333	0.3958333329999999	0.261111111	0.0	0.286111111	0.0	0	0.247222222	1.5	0.78	0.0	0.157303
41052	8778	0	1	4	5	1	1	1.0	2	2013	9	13	5	8.016666667	39	1	1	1	2878	0.7977777779999999	0.243055556	0.111944444	0.0	0.25	0.0	0	0.159444444	1.5	0.5	0.0	0.123693
41062	8778	3	2	1	3	1	5	0.0	2	2013	9	13	5	17.0	8	0	0	1	1340	0.413888889	0.132777778	0.281388889	0.0	0.033333333	0.0	0	0.122777778	0.0	0.31	0.0	0.10181
41129	8793	1	1	2	1	2	1	1.0	2	2013	9	14	6	18.0	31	1	1	2	6382	1.4422222219999998	0.418055556	0.231666667	0.0	0.3902777779999999	0.0	0	0.409722222	1.5	0.92	0.0	0.318644
41133	8794	0	1	3	5	1	1	1.0	2	2013	9	14	6	15.5	27	1	1	2	3305	0.768055556	0.2444444439999999	0.185555556	0.1166666669999999	0.0	0.083333333	1	0.276111111	2.4	0.64	10.5	0.648893
41138	8796	0	2	2	3	1	1	1.0	2	2013	9	14	6	14.91666667	52	1	0	1	1174	0.3525	0.1172222219999999	0.100277778	0.033333333	0.0	0.0	0	0.128611111	2.4	0.32	0.0	0.447084
41144	8798	1	2	1	3	6	5	0.0	2	2013	9	14	6	17.0	33	0	1	0	725	0.215	0.082777778	0.075555556	0.0	0.140833333	0.0	0	0.148333333	0.0	0.32	0.0	0.3689139999999999
41162	8802	1	0	4	3	1	1	1.0	2	2013	9	14	6	11.5	49	0	1	1	5630	1.427222222	0.461666667	0.203611111	0.0	0.546944444	0.0625	1	0.414722222	3.0	1.22	10.5	0.4293369999999999
41165	8802	2	1	3	3	1	1	1.0	2	2013	9	14	6	20.5	27	1	1	1	10392	2.563888889	0.8563888890000001	0.086944444	0.15	0.579444444	0.2666666669999999	2	0.7283333329999999	5.4	2.06	0.0	0.431731
41166	8802	3	0	1	3	1	1	1.0	2	2013	9	14	6	14.0	23	1	1	1	545	0.154722222	0.061944444	0.076666667	0.0	0.051666667	0.0	0	0.056944444	1.5	0.13	0.0	0.141463
41183	8806	1	1	3	3	6	1	1.0	2	2013	9	14	6	14.0	63	1	0	0	5620	1.350555556	0.4758333329999999	0.125	0.0	0.505	0.118333333	1	0.4302777779999999	3.0	1.13	0.0	0.36346
41185	8807	0	1	4	3	5	1	1.0	2	2013	9	15	7	10.0	38	0	1	2	1320	0.348888889	0.111666667	0.062222222	0.0	0.0925	0.0	0	0.121944444	1.5	0.41	0.0	0.0523918
41195	8811	1	0	4	1	2	1	1.0	2	2013	9	15	7	7.333333333	54	0	1	1	4384	1.201944444	0.418888889	0.105555556	0.0	0.276944444	0.1036111109999999	1	0.206111111	3.0	0.73	0.0	0.0902965
41202	8812	0	2	3	3	2	1	1.0	2	2013	9	15	7	17.0	35	0	1	1	14895	3.265833333	0.917222222	0.166666667	0.0	0.970277778	0.0	0	0.56	1.5	1.92	0.0	0.381448
41208	8813	1	1	4	3	1	5	0.0	2	2013	9	15	7	13.5	76	1	1	1	1924	0.476388889	0.189722222	0.1375	0.066666667	0.0	0.0	0	0.166388889	0.0	0.39	0.0	0.335559
41239	8824	0	3	3	2	6	1	1.0	2	2013	9	16	1	15.5	51	1	0	0	3633	0.904444444	0.3338888889999999	0.136388889	0.0	0.4425	0.0	0	0.288055556	1.5	0.68	10.5	0.458052
41249	8825	2	1	3	2	1	3	0.0	2	2013	9	16	1	17.0	13	0	0	2	9007	2.114444444	0.648333333	0.249722222	0.2166666669999999	0.168055556	0.1166666669999999	1	0.517222222	0.85	1.49	0.0	0.361976
41260	8827	0	2	4	3	1	5	0.0	2	2013	9	16	1	11.75	75	1	1	2	1181	0.2738888889999999	0.078888889	0.1411111109999999	0.0	0.083333333	0.0	0	0.073333333	0.0	0.2	0.0	0.0530303
41261	8828	0	0	3	3	6	1	1.0	2	2013	9	16	1	8.0	25	1	0	0	2581	0.7263888890000001	0.286111111	0.22	0.0	0.17	0.0	0	0.2075	1.5	0.53	0.0	0.4350739999999999
41268	8829	0	2	3	3	6	5	0.0	2	2013	9	16	1	15.5	62	1	1	0	2645	0.640555556	0.2044444439999999	0.186111111	0.1166666669999999	0.0	0.0	0	0.173055556	0.0	0.45	0.0	0.382022
41275	8832	0	0	4	2	2	1	1.0	2	2013	9	17	2	7.75	42	1	1	2	3403	0.988611111	0.3266666669999999	0.276111111	0.083333333	0.0	0.0	0	0.258611111	2.5	0.61	0.0	0.4350159999999999
41285	8833	0	0	3	3	2	1	1.0	2	2013	9	17	2	10.25	50	1	1	1	9570	2.2275	0.854722222	0.249444444	0.333333333	0.0	0.0	0	0.598888889	2.6	1.41	10.5	0.5259739999999999
41290	8833	1	1	4	3	2	1	1.0	2	2013	9	17	2	10.35	50	0	1	1	728	0.169166667	0.046944444	0.091388889	0.0	0.0302777779999999	0.0	0	0.0525	1.5	0.11	0.0	0.0793651
41298	8834	2	1	3	1	6	1	1.0	2	2013	9	17	2	17.5	26	1	1	1	17914	4.198611111	1.427777778	0.317222222	0.716666667	0.0	0.15	1	1.229444444	7.49	3.01	10.5	0.578174
41322	8838	2	1	4	2	2	5	0.0	2	2013	9	17	2	15.08333333	5	0	0	2	2406	0.6736111109999999	0.1769444439999999	0.054166667	0.0	0.3888888889999999	0.083333333	1	0.1925	0.0	0.51	0.0	0.1587299999999999
41326	8839	0	1	3	2	6	1	1.0	2	2013	9	17	2	8.916666667000001	29	1	0	0	1995	0.6175	0.166388889	0.1022222219999999	0.0	0.199166667	0.1	1	0.140555556	3.0	0.39	0.0	0.3083
41338	8840	4	0	4	2	2	5	0.0	2	2013	9	17	2	8.0	10	1	0	1	1720	0.456111111	0.169722222	0.1719444439999999	0.0	0.158333333	0.0	0	0.138888889	0.0	0.33	0.0	0.53
41369	8847	0	1	1	3	6	1	0.5	2	2013	9	17	2	15.0	29	0	1	0	528	0.121111111	0.072222222	0.020277778	0.0	0.075	0.0	0	0.0825	0.75	0.17	0.0	0.23569
41399	8851	4	4	4	5	1	5	0.0	2	2013	9	17	2	18.75	6	1	0	2	1414	0.374722222	0.123055556	0.183055556	0.0	0.090555556	0.0	0	0.120277778	0.0	0.37	0.0	0.233256
41436	8862	0	1	3	3	1	5	0.0	2	2013	9	17	2	12.25	78	1	0	1	899	0.230555556	0.0577777779999999	0.129722222	0.0	0.032777778	0.0	0	0.061944444	0.0	0.2	0.0	0.0672646
41444	8864	0	0	3	3	1	5	0.0	2	2013	9	18	3	11.0	75	1	0	1	1918	0.427777778	0.125	0.061666667	0.0	0.165555556	0.0	0	0.123888889	0.0	0.33	0.0	0.329596
41449	8866	0	2	1	5	6	4	1.0	2	2013	9	18	3	12.76666667	23	1	1	0	635	0.1541666669999999	0.095555556	0.041111111	0.0	0.066666667	0.0	0	0.094166667	1.5	0.19	10.5	0.59587
41460	8868	1	0	4	1	1	1	1.0	2	2013	9	18	3	6.833333333	56	1	1	1	6370	1.5866666669999998	0.410277778	0.0605555559999999	0.0	0.545555556	0.2	1	0.2344444439999999	3.0	0.92	0.0	0.170616
41461	8868	1	1	4	1	1	1	1.0	2	2013	9	18	3	7.083333333	56	1	1	1	6370	1.5686111109999998	0.43	0.063611111	0.0	0.511388889	0.18	1	0.262222222	3.0	0.95	0.0	0.247881
41468	8870	2	0	3	4	2	1	1.0	2	2013	9	18	3	6.0	45	0	1	1	21343	4.7530555560000005	1.529166667	0.072222222	0.7	0.2875	0.1125	1	0.7411111109999999	5.4	2.61	0.0	0.463268
41482	8874	1	0	3	1	1	1	1.0	2	2013	9	18	3	8.0	44	0	1	1	16727	3.808333333	1.146944444	0.157777778	0.5166666670000001	0.0	0.166666667	1	1.156666667	6.4	3.29	10.5	0.7034100000000001
41501	8880	0	3	4	5	1	1	1.0	2	2013	9	19	4	10.5	41	0	1	1	1894	0.4477777779999999	0.171666667	0.029722222	0.0	0.170833333	0.0	0	0.1005555559999999	1.5	0.3	0.0	0.29558
41502	8880	0	5	4	5	1	1	1.0	2	2013	9	19	4	11.58333333	41	0	1	1	2116	0.5275	0.172777778	0.133333333	0.0	0.109722222	0.0	0	0.136944444	1.5	0.39	0.0	0.1967549999999999
41504	8880	0	7	4	5	1	1	1.0	2	2013	9	19	4	12.75	41	0	1	1	6068	1.5575	0.444722222	0.0633333329999999	0.0	0.366666667	0.15	1	0.230833333	3.0	1.13	0.0	0.276775
41511	8880	1	7	4	5	1	1	1.0	2	2013	9	19	4	12.75	39	1	0	1	6068	1.5575	0.444722222	0.0633333329999999	0.0	0.366666667	0.15	1	0.230833333	3.0	1.13	0.0	0.276775
41514	8880	1	10	4	3	1	1	1.0	2	2013	9	19	4	20.66666667	39	1	0	1	7442	1.851388889	0.7669444440000001	0.169166667	0.1	0.1625	0.083333333	1	0.4275	3.0	1.5	0.0	0.233918
41538	8886	0	4	4	3	1	1	1.0	2	2013	9	19	4	18.25	51	0	1	1	1625	0.411388889	0.164444444	0.158333333	0.0	0.1722222219999999	0.0	0	0.1580555559999999	1.5	0.39	0.0	0.189807
41565	8889	1	2	3	3	1	5	0.0	2	2013	9	19	4	17.0	67	0	1	1	2438	0.558333333	0.194722222	0.112222222	0.0	0.331944444	0.0	0	0.2072222219999999	0.0	0.5	0.0	0.227882
41573	8892	0	1	3	3	6	4	1.0	2	2013	9	19	4	11.83333333	24	0	1	0	1706	0.3827777779999999	0.1197222219999999	0.031111111	0.0	0.1175	0.0	0	0.097777778	1.5	0.25	0.0	0.3125
41584	8895	0	2	1	3	1	1	1.0	2	2013	9	20	5	10.25	43	1	1	1	857	0.230833333	0.051388889	0.1591666669999999	0.0	0.056944444	0.0	0	0.056111111	1.5	0.17	0.0	0.0247525
41594	8895	2	6	4	3	1	2	0.0	2	2013	9	20	5	22.08333333	16	0	0	1	8610	1.995	0.587777778	0.156111111	0.2166666669999999	0.068333333	0.233333333	1	0.389444444	0.75	1.44	0.0	0.210414
41610	8898	0	0	1	2	6	1	0.5	2	2013	9	20	5	8.5	32	1	0	0	549	0.220833333	0.083333333	0.1580555559999999	0.0	0.0358333329999999	0.0	0	0.077222222	0.75	0.21	0.0	0.133094
41639	8902	1	0	3	1	1	1	1.0	2	2013	9	20	5	6.0	52	0	1	1	21040	4.815	1.453888889	0.2069444439999999	0.8	0.0	0.1	1	0.8241666670000001	3.1	3.41	0.0	0.41456
41642	8903	0	0	1	1	6	1	1.0	2	2013	9	20	5	9.0	41	0	0	0	552	0.145277778	0.074444444	0.119444444	0.0	0.043888889	0.0	0	0.0388888889999999	1.5	0.1	0.0	0.307143
41655	8905	0	6	4	5	5	1	1.0	2	2013	9	20	5	15.0	52	1	1	2	5893	1.450833333	0.3752777779999999	0.032777778	0.0	0.484166667	0.0	0	0.315833333	1.5	1.26	0.0	0.233069
41677	8910	2	2	4	3	1	1	1.0	2	2013	9	20	5	13.58333333	25	1	1	1	1122	0.407222222	0.128611111	0.163888889	0.0	0.163611111	0.0	0	0.109166667	1.5	0.32	0.0	0.147583
41710	8916	1	0	3	2	6	3	0.0	2	2013	9	20	5	7.833333333	12	0	0	0	2780	0.705277778	0.193611111	0.305555556	0.066666667	0.0	0.0	0	0.214722222	0.85	0.54	0.0	0.467012
41727	8918	1	2	3	3	6	1	1.0	2	2013	9	20	5	16.25	54	1	1	0	1601	0.436388889	0.152777778	0.1222222219999999	0.0	0.131944444	0.0	0	0.144444444	1.5	0.36	0.0	0.469231
41767	8924	0	4	4	5	6	1	1.0	2	2013	9	21	6	0.25	51	0	0	0	1969	0.536944444	0.251944444	0.306388889	0.05	0.0	0.0	0	0.23	2.4	0.52	0.0	0.6702899999999999
41799	8931	0	2	3	3	6	4	1.0	2	2013	9	21	6	16.25	21	0	1	0	1586	0.379444444	0.135833333	0.098055556	0.0	0.123888889	0.0	0	0.182777778	1.5	0.35	0.0	0.211246
41815	8934	0	4	1	5	1	1	1.0	2	2013	9	21	6	15.0	35	0	1	2	3230	0.775277778	0.323611111	0.141944444	0.1	0.0	0.1	1	0.285277778	2.4	0.73	10.5	0.7273609999999999
41825	8936	1	0	4	3	1	1	1.0	2	2013	9	21	6	9.75	41	0	1	1	2833	0.770833333	0.251944444	0.176111111	0.0	0.2097222219999999	0.0	0	0.1863888889999999	1.5	0.54	0.0	0.484352
41834	8937	0	3	1	3	6	1	1.0	2	2013	9	21	6	15.0	39	0	1	0	641	0.220833333	0.0675	0.039166667	0.0	0.09	0.0	0	0.081944444	1.5	0.17	0.0	0.132203
41837	8937	1	3	1	3	6	1	1.0	2	2013	9	21	6	13.75	37	1	0	0	570	0.17	0.054166667	0.055277778	0.0	0.061388889	0.0	0	0.061388889	1.5	0.15	0.0	0.235294
41855	8941	0	2	4	3	1	1	1.0	2	2013	9	22	7	15.0	46	1	1	2	4105	0.991666667	0.3727777779999999	0.105555556	0.0	0.470555556	0.0	0	0.310277778	1.5	0.79	0.0	0.561325
41871	8942	2	0	4	3	2	3	0.0	2	2013	9	22	7	9.5	14	1	0	2	6217	1.405555556	0.418888889	0.0575	0.0	0.355	0.0	0	0.2275	0.0	0.84	0.0	0.261294
41877	8943	0	0	3	3	6	1	1.0	2	2013	9	22	7	11.0	29	1	1	0	1519	0.421111111	0.132222222	0.2022222219999999	0.0	0.1041666669999999	0.0	0	0.1005555559999999	1.5	0.3	0.0	0.168508
41890	8945	1	1	4	3	2	1	1.0	2	2013	9	22	7	9.5	49	0	1	1	2093	0.530833333	0.217777778	0.349166667	0.0	0.133333333	0.0	0	0.187222222	1.5	0.53	0.0	0.0860534
41901	8948	0	2	4	3	1	1	1.0	2	2013	9	22	7	14.0	68	1	0	1	2199	0.5872222220000001	0.173611111	0.183055556	0.0	0.169166667	0.0	0	0.202777778	1.5	0.48	0.0	0.379452
41937	8957	1	3	1	2	6	2	0.0	2	2013	9	23	1	14.66666667	17	0	0	0	894	0.303055556	0.090277778	0.159722222	0.0	0.079166667	0.0	0	0.073055556	0.0	0.2	0.0	0.0190114
41940	8959	0	2	1	3	6	1	1.0	2	2013	9	23	1	9.75	35	0	0	0	391	0.13	0.099722222	0.0891666669999999	0.0	0.013888889	0.0	0	0.061944444	1.5	0.15	0.0	0.224215
41987	8968	0	1	4	5	1	5	0.0	2	2013	9	24	2	15.5	63	1	1	2	928	0.224166667	0.071388889	0.108333333	0.0	0.036666667	0.0	0	0.057222222	0.0	0.18	0.0	0.092233
42004	8971	1	1	3	5	6	5	0.0	2	2013	9	24	2	15.33333333	6	1	0	0	2386	0.632222222	0.262777778	0.082777778	0.0	0.269722222	0.15	1	0.155833333	0.0	0.46	0.0	0.172906
42052	8985	2	2	4	3	5	1	1.0	2	2013	9	25	3	11.0	47	1	1	1	3566	0.818333333	0.213333333	0.3752777779999999	0.0	0.283333333	0.0	0	0.1925	1.5	0.75	0.0	0.2770559999999999
42091	8990	0	4	4	4	1	1	1.0	2	2013	9	25	3	11.28333333	47	1	1	2	1528	0.446944444	0.155	0.094722222	0.0	0.097222222	0.0	0	0.106111111	1.5	0.31	0.0	0.123037
42145	8999	0	0	3	1	6	1	1.0	2	2013	9	25	3	4.75	41	1	1	0	12274	2.7408333330000003	0.7747222220000001	0.285833333	0.3	0.0	0.0	0	0.438888889	2.8	1.98	0.0	0.248101
42159	9001	0	2	4	4	1	1	1.0	2	2013	9	25	3	15.5	28	1	1	2	1986	0.468055556	0.125277778	0.133888889	0.0	0.110555556	0.0	0	0.131111111	1.5	0.35	0.0	0.1716099999999999
42162	9001	1	1	4	1	1	1	1.0	2	2013	9	25	3	17.0	39	1	1	2	10586	2.373333333	0.625833333	0.1266666669999999	0.25	0.343888889	0.15	1	0.531944444	3.9	1.63	0.0	0.577024
42219	9020	0	2	1	3	1	5	0.0	2	2013	9	26	4	15.0	62	0	1	1	572	0.143888889	0.049444444	0.048611111	0.0	0.044722222	0.0	0	0.081944444	0.0	0.16	0.0	0.189831
42247	9024	2	0	4	2	1	3	0.0	2	2013	9	27	5	8.25	13	0	0	2	1985	0.6022222220000001	0.200277778	0.302777778	0.0	0.173333333	0.083333333	1	0.153333333	0.0	0.42	0.0	0.224638
42258	9026	0	1	3	5	2	1	1.0	2	2013	9	27	5	19.0	28	0	1	1	2118	0.576944444	0.252777778	0.080277778	0.0	0.238055556	0.0	0	0.239166667	1.5	0.45	0.0	0.825784
42265	9028	0	0	4	3	1	5	0.0	2	2013	9	27	5	13.0	60	0	1	1	1674	0.680555556	0.206388889	0.154722222	0.0	0.300555556	0.102777778	1	0.2425	0.0	0.6	0.0	0.302406
42274	9029	1	0	3	1	6	1	1.0	2	2013	9	27	5	7.0	30	1	1	0	8034	1.876111111	0.626388889	0.099444444	0.316666667	0.159444444	0.215277778	2	0.500833333	5.5	1.36	0.0	0.564615
42278	9030	0	0	3	4	1	1	1.0	2	2013	9	27	5	8.5	21	0	0	1	8818	1.981388889	0.586388889	0.205833333	0.0	0.772222222	0.0	0	0.581666667	1.5	1.58	10.5	0.667622
42281	9031	0	1	4	3	6	5	0.0	2	2013	9	27	5	14.83333333	82	1	0	0	2233	0.513611111	0.160555556	0.228333333	0.0	0.148333333	0.0	0	0.146666667	0.0	0.37	0.0	0.147727
42299	9036	0	1	2	1	6	1	1.0	2	2013	9	27	5	17.0	26	1	0	0	6521	1.538611111	0.559722222	0.148333333	0.2166666669999999	0.0	0.1	1	0.638055556	2.9	1.29	10.5	0.649978
42313	9039	1	0	3	3	6	1	1.0	2	2013	9	27	5	9.833333333	33	0	0	0	12005	2.866666667	0.8833333329999999	0.166666667	0.466666667	0.075555556	0.1	1	0.901388889	3.9	2.08	10.5	0.770108
42320	9040	1	1	4	1	2	1	1.0	2	2013	9	27	5	16.0	35	0	1	1	19083	4.458611111000001	1.606944444	0.195833333	0.8	0.1719444439999999	0.366666667	3	1.223333333	5.4	3.05	0.0	0.683242
42348	9047	1	2	3	3	5	1	1.0	2	2013	9	28	6	13.5	33	1	0	1	1782	0.408055556	0.118888889	0.044166667	0.0	0.206666667	0.0	0	0.136666667	1.5	0.5	0.0	0.252033
42399	9063	2	1	3	3	6	5	0.0	2	2013	9	29	7	15.5	49	1	0	0	4171	1.052222222	0.340277778	0.199444444	0.0	0.215555556	0.0	0	0.166944444	0.0	0.6	0.0	0.174709
42402	9065	0	0	3	3	1	5	0.0	2	2013	9	29	7	16.0	61	1	0	1	627	0.221111111	0.086388889	0.0886111109999999	0.0	0.0711111109999999	0.0	0	0.074722222	0.0	0.17	0.0	0.267658
42411	9066	0	1	3	5	6	1	1.0	2	2013	9	29	7	19.0	25	0	0	0	5563	1.276944444	0.508888889	0.1625	0.2166666669999999	0.0	0.0	0	0.3908333329999999	2.4	0.93	0.0	0.754797
42426	9069	3	0	4	3	1	3	0.0	2	2013	9	29	7	8.5	12	0	0	2	4831	1.163055556	0.3408333329999999	0.297222222	0.0	0.496666667	0.0	0	0.235833333	0.0	0.82	0.0	0.136631
42427	9069	3	1	4	5	1	3	0.0	2	2013	9	29	7	8.75	12	0	0	2	4845	1.174722222	0.368055556	0.296111111	0.0	0.2166666669999999	0.0	0	0.1769444439999999	0.0	0.75	0.0	0.211931
42444	9073	2	0	3	1	1	1	1.0	2	2013	9	30	1	7.0	28	1	0	1	14890	3.624166667	0.924166667	0.06	0.0	0.7969444440000001	0.138333333	2	0.5575	4.5	2.12	0.0	0.38864
42454	9074	0	0	4	3	1	5	0.0	2	2013	9	30	1	11.0	72	0	1	2	6594	1.6713888890000002	0.469166667	0.0	0.0	0.7211111109999999	0.2166666669999999	1	0.3913888889999999	0.0	1.26	0.0	0.471966
42457	9074	1	0	4	3	1	5	0.0	2	2013	9	30	1	9.0	66	1	1	2	2701	0.713611111	0.241388889	0.249444444	0.0	0.1166666669999999	0.0	0	0.1719444439999999	0.0	0.52	0.0	0.14378
42461	9075	0	0	3	4	6	1	1.0	2	2013	9	30	1	6.5	46	0	1	0	12983	2.955833333	0.911666667	0.1875	0.533333333	0.0	0.15	1	0.730555556	6.4	2.06	0.0	0.558555
42466	9075	1	3	3	2	6	1	1.0	2	2013	9	30	1	15.58333333	44	1	1	0	998	0.240555556	0.074166667	0.061666667	0.0	0.049722222	0.0	0	0.070833333	1.5	0.18	0.0	0.184314
42488	9079	1	1	3	2	6	5	0.0	2	2013	9	30	1	17.83333333	6	0	0	0	577	0.205	0.0605555559999999	0.164166667	0.016666667	0.0	0.0	0	0.079166667	0.0	0.18	0.0	0.175439
42491	9080	0	2	3	5	2	1	1.0	2	2013	9	30	1	14.0	33	1	0	1	3522	0.869166667	0.2663888889999999	0.287777778	0.0	0.294722222	0.0	0	0.226944444	1.5	0.55	0.0	0.29131
42524	9085	1	1	4	1	1	1	1.0	2	2013	10	1	2	18.0	42	0	1	2	3211	0.8361111109999999	0.271944444	0.1025	0.016666667	0.166666667	0.166666667	1	0.263611111	3.2	0.76	0.0	0.444679
42528	9085	3	0	4	2	1	5	0.0	2	2013	10	1	2	7.5	8	0	0	2	1968	0.478888889	0.15	0.171666667	0.033333333	0.0	0.0	0	0.113611111	0.0	0.34	0.0	0.173594
42574	9092	1	4	4	4	5	1	1.0	2	2013	10	1	2	11.25	53	1	1	1	1846	0.433888889	0.121111111	0.108333333	0.0	0.12	0.0	0	0.108055556	1.5	0.42	0.0	0.0719794
42612	9099	0	0	3	3	6	5	0.0	2	2013	10	1	2	13.5	79	0	0	0	1087	0.241111111	0.081388889	0.059166667	0.0	0.073055556	0.0	0	0.1030555559999999	0.0	0.2	0.0	0.16442
42624	9103	0	3	3	5	1	5	0.0	2	2013	10	1	2	17.25	30	0	1	1	12825	3.259166667	0.981388889	0.137222222	0.416666667	0.0	0.083333333	1	0.896111111	0.0	2.7	0.0	0.4996899999999999
42630	9104	0	0	1	2	6	1	1.0	2	2013	10	1	2	8.333333332999999	41	0	0	0	1272	0.323333333	0.114166667	0.1794444439999999	0.033333333	0.0	0.0	0	0.124166667	1.7	0.28	0.0	0.270694
42634	9104	1	0	1	3	6	1	1.0	2	2013	10	1	2	14.0	59	1	0	0	438	0.122777778	0.046944444	0.053888889	0.0	0.071388889	0.0	0	0.044166667	1.5	0.09	0.0	0.339623
42635	9104	1	1	1	3	6	1	1.0	2	2013	10	1	2	14.58333333	59	1	0	0	438	0.113611111	0.0575	0.068055556	0.0	0.039722222	0.0	0	0.053055556	1.5	0.13	0.0	0.251309
42642	9104	6	0	1	2	6	5	0.0	2	2013	10	1	2	8.333333332999999	10	1	0	0	1272	0.323333333	0.114166667	0.1794444439999999	0.033333333	0.0	0.0	0	0.124166667	0.0	0.28	0.0	0.270694
42656	9109	0	0	3	3	6	1	1.0	2	2013	10	2	3	13.5	42	1	1	0	2428	0.669722222	0.212777778	0.037777778	0.0	0.4013888889999999	0.0	0	0.171111111	1.5	0.46	0.0	0.319805
42691	9116	1	0	4	2	6	5	0.0	2	2013	10	2	3	9.0	40	1	1	2	2282	0.5922222220000001	0.173611111	0.083888889	0.0	0.233333333	0.0	0	0.19	0.0	0.43	0.0	0.47076
42692	9116	1	1	4	2	6	5	0.0	2	2013	10	2	3	9.5	40	1	1	2	2282	0.599166667	0.1794444439999999	0.073055556	0.0	0.1844444439999999	0.0	0	0.145	0.0	0.38	0.0	0.400383
42709	9119	0	0	3	1	6	1	1.0	2	2013	10	2	3	11.0	38	1	0	0	10526	2.451666667	0.8230555559999999	0.054722222	0.333333333	0.0855555559999999	0.105	1	0.745833333	4.3	1.85	10.5	0.7117319999999999
42720	9123	1	1	3	4	6	1	1.0	2	2013	10	2	3	17.41666667	42	0	1	0	9623	2.2725	0.661666667	0.242777778	0.35	0.0	0.0	0	0.755	2.8	1.75	10.5	0.690581
42786	9141	1	0	4	3	2	1	1.0	2	2013	10	3	4	12.0	55	1	1	1	1428	0.3444444439999999	0.108055556	0.140833333	0.0	0.081388889	0.0	0	0.068055556	1.5	0.19	0.0	0.0979592
42795	9143	0	5	4	3	1	5	0.0	2	2013	10	3	4	15.5	65	0	1	1	2590	0.7102777779999999	0.190555556	0.052222222	0.0	0.298333333	0.083055556	1	0.165833333	0.0	0.5	0.0	0.276382
42837	9148	1	1	3	5	1	3	0.0	2	2013	10	3	4	11.5	14	1	0	2	3540	0.7986111109999999	0.2847222219999999	0.07	0.0	0.253055556	0.0	0	0.213611111	0.0	0.61	0.0	0.444733
42872	9152	3	4	4	3	2	1	1.0	2	2013	10	4	5	0.5	22	1	1	1	1527	0.4375	0.124166667	0.149166667	0.0	0.066666667	0.0	0	0.094722222	1.5	0.25	0.0	0.14956
42900	9161	0	1	3	1	6	1	1.0	2	2013	10	4	5	17.16666667	24	0	0	0	15507	3.682777778	1.088055556	0.091944444	0.583333333	0.168333333	0.342222222	3	0.7888888890000001	7.8	3.13	0.0	0.572535
42904	9162	0	3	1	2	6	5	0.0	2	2013	10	4	5	15.41666667	40	1	0	0	293	0.075	0.014722222	0.0525	0.0	0.016666667	0.0	0	0.024444444	0.0	0.06	0.0	0.0
42931	9166	0	3	3	3	1	5	0.0	2	2013	10	4	5	11.83333333	79	1	1	2	1424	0.399444444	0.121944444	0.083888889	0.0	0.2	0.0	0	0.145555556	0.0	0.33	0.0	0.5572520000000001
42947	9171	1	3	4	3	1	1	1.0	2	2013	10	4	5	18.5	36	1	0	1	2239	0.507222222	0.213611111	0.253333333	0.0	0.193333333	0.0	0	0.230833333	1.5	0.55	0.0	0.379061
42949	9172	1	1	3	1	1	1	1.0	2	2013	10	4	5	18.0	60	1	0	1	3061	0.721666667	0.2019444439999999	0.108888889	0.0	0.235	0.0	0	0.194166667	1.5	0.54	0.0	0.296137
43001	9182	4	1	3	1	6	1	1.0	2	2013	10	4	5	17.5	24	0	0	0	6753	1.536944444	0.598055556	0.208055556	0.2166666669999999	0.0	0.0	0	0.4669444439999999	2.4	1.16	10.5	0.771565
43003	9183	0	1	4	3	1	5	0.0	2	2013	10	5	6	12.16666667	62	1	1	1	2120	0.601388889	0.188333333	0.174166667	0.0	0.1794444439999999	0.0	0	0.1891666669999999	0.0	0.54	0.0	0.229075
43014	9187	0	0	1	2	2	1	1.0	2	2013	10	5	6	8.333333332999999	38	1	1	1	1442	0.356111111	0.121111111	0.17	0.0	0.045555556	0.0	0	0.085833333	1.5	0.21	0.0	0.0776699
43035	9191	0	2	3	3	6	1	1.0	2	2013	10	5	6	13.16666667	23	1	0	0	5966	1.458333333	0.530277778	0.288055556	0.183333333	0.0	0.0	0	0.4552777779999999	2.4	1.17	10.5	0.584503
43052	9195	2	1	1	3	1	1	1.0	2	2013	10	5	6	20.5	25	0	0	1	721	0.193333333	0.048888889	0.0777777779999999	0.0	0.0430555559999999	0.0	0	0.038611111	1.5	0.13	0.0	0.0503597
43054	9195	3	1	3	3	1	3	0.0	2	2013	10	5	6	15.0	14	1	0	1	1099	0.303055556	0.1175	0.108333333	0.0	0.0711111109999999	0.0	0	0.081666667	0.0	0.22	0.0	0.105442
43057	9196	0	0	4	3	1	1	1.0	2	2013	10	5	6	12.0	29	0	0	1	3132	0.781111111	0.233333333	0.0841666669999999	0.0	0.313888889	0.0	0	0.1988888889999999	1.5	0.59	0.0	0.217877
43102	9204	0	0	1	3	6	1	1.0	2	2013	10	5	6	11.0	41	1	0	0	1041	0.242222222	0.075277778	0.153333333	0.0	0.096388889	0.0	0	0.060277778	1.5	0.15	0.0	0.248848
43114	9205	1	0	1	3	1	1	1.0	2	2013	10	5	6	13.0	33	1	0	1	986	0.2825	0.123611111	0.217222222	0.0	0.0725	0.0	0	0.116111111	1.5	0.31	0.0	0.296651
43146	9211	2	0	4	3	2	1	1.0	2	2013	10	6	7	9.5	53	1	1	1	3168	0.783333333	0.243888889	0.1186111109999999	0.0	0.283333333	0.166666667	1	0.176111111	3.0	0.51	0.0	0.239748
43160	9213	1	0	4	3	2	5	0.0	2	2013	10	6	7	15.0	67	1	1	1	6262	1.6933333330000002	0.493055556	0.476666667	0.0	0.3913888889999999	0.2166666669999999	1	0.360833333	0.0	1.05	0.0	0.104696
43167	9214	0	5	4	5	1	5	0.0	2	2013	10	6	7	16.16666667	63	0	1	1	2697	0.713888889	0.224722222	0.306111111	0.0	0.133333333	0.0	0	0.14	0.0	0.5	0.0	0.0595238
43168	9214	0	6	4	3	1	5	0.0	2	2013	10	6	7	17.0	63	0	1	1	2567	0.6411111110000001	0.2225	0.214166667	0.0	0.103333333	0.0	0	0.140555556	0.0	0.45	0.0	0.0731225
43181	9215	0	1	4	5	1	1	1.0	2	2013	10	6	7	12.66666667	35	1	1	1	7046	1.675	0.521944444	0.239166667	0.233333333	0.0	0.0	0	0.363888889	1.5	1.34	0.0	0.361069
43187	9216	3	1	4	3	1	1	1.0	2	2013	10	6	7	22.25	23	0	1	2	5266	1.295277778	0.328055556	0.336944444	0.066666667	0.316666667	0.166666667	1	0.149444444	3.0	0.73	0.0	0.00929368
43206	9221	0	0	2	3	6	1	1.0	2	2013	10	7	1	12.0	42	0	1	0	1708	0.444444444	0.165555556	0.218611111	0.066666667	0.0	0.0	0	0.113611111	1.5	0.33	0.0	0.151589
43227	9227	0	0	4	2	2	1	1.0	2	2013	10	7	1	7.5	41	1	1	2	7404	1.705277778	0.5275	0.455555556	0.233333333	0.0	0.0	0	0.466388889	2.9	1.17	0.0	0.307921
43230	9227	0	3	4	2	2	1	1.0	2	2013	10	7	1	16.0	41	1	1	2	7404	1.688055556	0.518888889	0.121944444	0.416666667	0.197222222	0.159444444	1	0.4658333329999999	3.0	1.18	0.0	0.338104
43273	9239	1	0	3	2	6	1	1.0	2	2013	10	8	2	10.75	25	1	0	0	9838	2.219722222	0.658333333	0.108888889	0.35	0.333333333	0.083333333	1	0.6627777779999999	4.1	1.61	10.5	0.549874
43287	9242	0	1	1	5	1	1	1.0	2	2013	10	8	2	13.91666667	28	1	1	2	471	0.090555556	0.020833333	0.036666667	0.0	0.018055556	0.0	0	0.03	1.5	0.07	0.0	0.194444
43292	9243	1	0	3	1	6	1	1.0	2	2013	10	8	2	7.25	28	1	0	0	19331	4.516666667	1.388333333	0.176388889	0.566666667	0.0	0.15	1	1.116944444	9.1	3.21	0.0	0.605571
43344	9251	0	4	1	4	1	5	0.0	2	2013	10	9	3	15.5	62	1	1	1	3043	0.781666667	0.209166667	0.1722222219999999	0.0	0.573333333	0.0	0	0.185555556	0.0	0.6	0.0	0.266467
43365	9257	1	0	3	4	1	1	1.0	2	2013	10	9	3	6.5	45	0	1	1	14171	3.169166667	0.934166667	0.053888889	0.35	0.354166667	0.245833333	2	0.502222222	5.4	1.95	0.0	0.40708
43368	9258	1	1	3	4	1	1	1.0	2	2013	10	9	3	16.5	32	0	1	1	24085	5.576388889	1.646111111	0.178055556	0.466666667	0.151111111	0.2666666669999999	2	1.396111111	10.1	4.03	10.5	0.7130920000000001
43382	9263	0	2	4	5	6	5	0.0	2	2013	10	9	3	11.75	76	1	0	0	5128	1.249444444	0.409166667	0.080833333	0.0	0.496666667	0.083333333	1	0.285	0.0	0.96	0.0	0.162768
43407	9267	0	2	4	2	1	5	0.0	2	2013	10	9	3	15.0	64	1	1	2	6204	1.490833333	0.5197222220000001	0.41	0.233333333	0.0	0.0	0	0.35	0.0	1.11	0.0	0.29127
43410	9267	0	6	4	5	1	5	0.0	2	2013	10	9	3	18.83333333	64	1	1	2	3779	0.8936111109999999	0.253333333	0.152777778	0.1166666669999999	0.131111111	0.1022222219999999	1	0.222777778	0.0	0.65	0.0	0.254364
43411	9267	0	7	4	3	1	5	0.0	2	2013	10	9	3	19.25	64	1	1	2	5967	1.500833333	0.543055556	0.165	0.0	0.566666667	0.133333333	1	0.352777778	0.0	1.07	0.0	0.265354
43448	9279	0	1	3	1	1	1	1.0	2	2013	10	10	4	15.0	33	0	1	1	9137	2.080555556	0.806388889	0.149444444	0.4	0.0	0.1166666669999999	1	0.695277778	2.4	1.7	10.5	0.8226129999999999
43450	9279	1	3	3	5	1	1	1.0	2	2013	10	10	4	18.25	34	1	0	1	2338	0.581111111	0.248611111	0.105277778	0.133333333	0.0	0.1	1	0.293611111	2.4	0.62	0.0	0.76632
43452	9280	0	0	3	1	6	1	1.0	2	2013	10	10	4	7.0	27	1	0	0	10066	2.550555556	0.89	0.188333333	0.366666667	0.1022222219999999	0.233333333	2	0.611944444	7.2	1.73	0.0	0.4443939999999999
43455	9280	0	3	3	3	6	1	1.0	2	2013	10	10	4	22.66666667	27	1	0	0	1982	0.505833333	0.1475	0.0886111109999999	0.0	0.156388889	0.0	0	0.145	1.5	0.36	0.0	0.273946
43504	9292	0	1	4	3	1	5	0.0	2	2013	10	10	4	11.25	76	1	1	1	762	0.220277778	0.052222222	0.142777778	0.0	0.018888889	0.0	0	0.050833333	0.0	0.16	0.0	0.0601093
43512	9293	1	1	4	5	5	1	1.0	2	2013	10	10	4	8.5	37	0	1	2	5548	1.479444444	0.398611111	0.241388889	0.0	0.454722222	0.133333333	1	0.274722222	3.0	1.23	0.0	0.367037
43535	9298	2	3	4	3	1	1	1.0	2	2013	10	11	5	21.75	26	0	1	2	1315	0.374166667	0.118333333	0.186944444	0.0	0.074722222	0.0	0	0.113333333	1.5	0.34	0.0	0.120098
43545	9301	0	4	3	3	6	1	1.0	2	2013	10	11	5	14.75	51	1	0	0	11360	2.711944444	0.849166667	0.209166667	0.316666667	0.094444444	0.083333333	1	0.5725	3.79	1.86	0.0	0.2493929999999999
43549	9301	2	1	3	2	6	3	0.0	2	2013	10	11	5	8.5	15	0	0	0	6493	1.5875	0.4483333329999999	0.2491666669999999	0.183333333	0.05	0.1	1	0.363333333	1.25	1.08	0.0	0.292049
43571	9305	0	0	4	2	2	1	1.0	2	2013	10	11	5	7.166666667	28	1	1	2	19114	4.727777778	1.660555556	0.0	0.7333333329999999	0.28	0.533333333	3	0.938611111	6.6	2.69	0.0	0.592187
43578	9306	1	0	4	1	1	5	0.0	2	2013	10	11	5	8.5	68	0	1	2	3420	0.8666666670000001	0.238611111	0.142777778	0.0	0.233333333	0.0	0	0.171111111	0.0	0.54	0.0	0.431818
43592	9309	0	1	3	1	6	1	1.0	2	2013	10	11	5	16.0	24	0	1	0	4635	1.083055556	0.321388889	0.2372222219999999	0.0	0.357777778	0.0	0	0.358055556	1.5	0.8	0.0	0.4910779999999999
43598	9311	0	1	4	5	1	1	1.0	2	2013	10	11	5	10.66666667	66	1	1	2	6496	1.716111111	0.576111111	0.211388889	0.35	0.097222222	0.083333333	1	0.371944444	3.0	1.24	0.0	0.215833
43628	9317	1	5	4	3	1	1	1.0	2	2013	10	12	6	10.0	48	1	1	1	2202	0.531944444	0.170555556	0.1472222219999999	0.0	0.115	0.0	0	0.134722222	1.5	0.37	0.0	0.156701
43648	9319	1	1	4	3	1	1	1.0	2	2013	10	12	6	0.2	29	1	1	2	13154	3.009444444	0.894166667	0.4819444439999999	0.166666667	0.0	0.0	0	0.459166667	1.8	1.9	0.0	0.15124
43668	9325	0	1	4	3	2	1	1.0	2	2013	10	12	6	12.0	46	1	1	2	2190	0.519444444	0.1591666669999999	0.2925	0.0	0.079722222	0.0	0	0.1472222219999999	1.5	0.38	0.0	0.309434
43676	9328	0	2	4	3	1	1	1.0	2	2013	10	12	6	11.25	47	0	1	2	3124	0.7736111109999999	0.208611111	0.398611111	0.033333333	0.0	0.0	0	0.168333333	1.5	0.53	0.0	0.227723
43700	9328	4	0	4	5	2	3	0.0	2	2013	10	12	6	13.0	12	1	0	2	4887	1.2475	0.417222222	0.062222222	0.0	0.5725	0.106111111	1	0.208055556	0.0	0.83	0.0	0.369826
43741	9336	3	1	4	5	2	3	0.0	2	2013	10	13	7	11.75	11	1	0	1	712	0.303888889	0.129444444	0.168888889	0.0	0.03	0.0	0	0.0586111109999999	0.0	0.16	0.0	0.014218
43743	9336	3	3	4	3	2	3	0.0	2	2013	10	13	7	12.25	11	1	0	1	686	0.190555556	0.085	0.054166667	0.0	0.033055556	0.0	0	0.052777778	0.0	0.12	0.0	0.173684
43745	9337	0	1	1	3	1	1	1.0	2	2013	10	13	7	10.8	41	1	1	1	786	0.17	0.054722222	0.012222222	0.0	0.05	0.0	0	0.035555556	1.5	0.11	0.0	0.226563
43755	9338	4	3	1	3	2	1	1.0	2	2013	10	13	7	13.91666667	25	0	0	1	787	0.175555556	0.076111111	0.048611111	0.0	0.0475	0.0	0	0.133055556	1.5	0.22	0.0	0.2776619999999999
43782	9340	5	1	4	5	2	5	0.0	2	2013	10	13	7	17.5	6	0	0	1	1126	0.261666667	0.085833333	0.081666667	0.033333333	0.0	0.0	0	0.086944444	0.0	0.17	0.0	0.261981
43794	9345	1	1	3	3	1	1	1.0	2	2013	10	13	7	15.5	32	0	1	1	14907	3.836944444	0.952222222	0.1775	0.316666667	0.0	0.083333333	1	0.414722222	4.09	2.09	0.0	0.1929
43810	9351	1	0	4	3	1	5	0.0	2	2013	10	14	1	11.83333333	69	1	1	1	1136	0.3313888889999999	0.101944444	0.274166667	0.0	0.015833333	0.0	0	0.086388889	0.0	0.25	0.0	0.231511
43817	9352	0	0	4	3	2	5	0.0	2	2013	10	14	1	15.5	49	0	1	1	912	0.211111111	0.0675	0.06	0.0	0.054166667	0.0	0	0.075277778	0.0	0.14	0.0	0.2324719999999999
43818	9352	0	2	4	3	2	5	0.0	2	2013	10	14	1	17.0	49	0	1	1	973	0.231111111	0.086944444	0.086944444	0.0	0.047222222	0.0	0	0.1025	0.0	0.16	0.0	0.124661
43841	9358	3	1	3	2	1	3	0.0	2	2013	10	14	1	15.5	15	1	0	1	2078	0.49	0.1166666669999999	0.330277778	0.0	0.142777778	0.0	0	0.168888889	0.0	0.47	0.0	0.197368
43884	9372	0	0	3	3	1	1	1.0	2	2013	10	15	2	14.0	19	0	0	1	3176	0.8027777779999999	0.2488888889999999	0.053333333	0.0	0.234166667	0.0777777779999999	1	0.150277778	3.0	0.53	0.0	0.2088719999999999
43912	9378	0	2	2	4	1	1	1.0	2	2013	10	15	2	8.75	43	0	1	1	6863	1.7925	0.542222222	0.369722222	0.3	0.0	0.066666667	1	0.591666667	1.7	1.57	0.0	0.652582
43938	9385	1	1	3	2	2	1	1.0	2	2013	10	16	3	15.0	20	1	1	1	17198	4.083888889	1.253888889	0.246111111	0.75	0.0	0.083333333	1	1.0875	2.8	2.58	0.0	0.635504
43958	9391	0	1	1	3	1	5	0.0	2	2013	10	16	3	9.75	65	1	1	1	955	0.224166667	0.064444444	0.153888889	0.0	0.029444444	0.0	0	0.173333333	0.0	0.53	0.0	0.467949
44038	9411	2	0	3	1	1	1	1.0	2	2013	10	17	4	8.5	28	1	0	1	9080	2.2433333330000003	0.7511111109999999	0.115833333	0.366666667	0.21	0.24	2	0.7544444440000001	7.2	1.98	0.0	0.5832109999999999
44054	9415	0	1	3	1	6	1	1.0	2	2013	10	17	4	18.0	25	0	1	0	6138	1.405	0.499444444	0.278055556	0.233333333	0.0	0.0	0	0.601944444	2.9	1.26	10.5	0.804338
44062	9416	1	3	4	3	1	1	1.0	2	2013	10	17	4	10.33333333	40	1	1	1	4382	1.105555556	0.361388889	0.230277778	0.0	0.444444444	0.0	0	0.295555556	1.5	0.84	0.0	0.325188
44078	9420	0	3	4	3	1	5	0.0	2	2013	10	17	4	20.0	72	0	1	2	9404	2.343888889	0.718611111	0.208611111	0.05	0.386944444	0.1	1	0.3933333329999999	0.0	1.8	0.0	0.370057
44079	9421	0	0	3	1	6	1	1.0	2	2013	10	17	4	8.0	30	1	1	0	3574	0.885	0.263055556	0.068611111	0.0	0.450555556	0.0	0	0.270833333	1.5	0.74	0.0	0.443077
44119	9430	0	7	3	3	6	1	1.0	2	2013	10	18	5	21.91666667	27	1	0	0	5841	1.329166667	0.529166667	0.238333333	0.25	0.0	0.0	0	0.588333333	2.4	1.25	0.0	0.6000939999999999
44125	9431	0	1	4	5	1	1	1.0	2	2013	10	18	5	12.5	43	1	1	2	715	0.2225	0.102777778	0.080555556	0.0	0.029166667	0.0	0	0.120833333	1.5	0.3	0.0	0.11954
44158	9435	1	3	4	3	1	2	0.0	2	2013	10	18	5	22.5	16	1	0	2	10216	2.267222222	0.557222222	0.140555556	0.333333333	0.235277778	0.083333333	1	0.329722222	0.95	1.41	0.0	0.0918281
44159	9436	0	0	3	3	6	1	1.0	2	2013	10	18	5	17.0	21	1	0	0	12885	3.103888889	0.969722222	0.100277778	0.416666667	0.075833333	0.3544444439999999	3	0.8847222220000001	4.0	2.17	0.0	0.6612239999999999
44172	9438	0	5	3	3	5	1	1.0	2	2013	10	19	6	21.0	40	0	1	2	2663	0.685	0.214722222	0.2369444439999999	0.0	0.145277778	0.0	0	0.175277778	1.5	0.62	0.0	0.142631
44200	9441	1	1	4	5	1	5	0.0	2	2013	10	19	6	11.5	64	1	1	1	4054	0.91	0.288611111	0.073888889	0.0	0.310277778	0.0	0	0.2347222219999999	0.0	0.68	0.0	0.4236689999999999
44251	9450	2	0	4	3	1	1	1.0	2	2013	10	19	6	11.5	31	1	1	1	14044	3.376111111	1.160833333	0.149722222	0.483333333	0.272222222	0.433333333	3	0.779444444	4.5	2.65	0.0	0.512473
44272	9457	0	0	4	3	1	1	1.0	2	2013	10	20	7	11.5	50	0	1	2	5375	1.325555556	0.424444444	0.228333333	0.0	0.43	0.0	0	0.292777778	1.5	0.9	0.0	0.339658
44320	9466	0	9	4	3	2	1	1.0	2	2013	10	20	7	20.66666667	51	1	1	2	3301	0.7980555559999999	0.235555556	0.158333333	0.0	0.187222222	0.0	0	0.227777778	1.5	0.55	0.0	0.414634
44366	9475	0	0	3	3	6	5	0.0	2	2013	10	21	1	10.25	63	1	1	0	2993	0.6972222220000001	0.307777778	0.1525	0.0	0.166666667	0.0	0	0.261111111	0.0	0.6	0.0	0.517021
44389	9482	1	0	3	1	2	1	1.0	2	2013	10	21	1	6.5	45	0	1	1	22635	5.405555556	1.656944444	0.170833333	0.783333333	0.095833333	0.095833333	1	1.1075	5.4	3.18	0.0	0.69526
44398	9482	4	1	3	2	2	3	0.0	2	2013	10	21	1	15.5	14	1	0	1	1766	0.441944444	0.164166667	0.11	0.0	0.130555556	0.0	0	0.129722222	0.0	0.39	0.0	0.344754
44417	9488	0	0	4	3	1	5	0.0	2	2013	10	22	2	8.833333332999999	81	1	1	2	1535	0.361666667	0.107777778	0.180277778	0.0	0.1166666669999999	0.0	0	0.106111111	0.0	0.34	0.0	0.125654
44427	9489	1	1	3	2	1	2	0.0	2	2013	10	22	2	13.5	17	0	0	2	2270	0.495555556	0.153611111	0.0608333329999999	0.0	0.207777778	0.0	0	0.142777778	0.0	0.46	0.0	0.4027239999999999
44432	9491	0	0	1	3	6	1	1.0	2	2013	10	22	2	15.5	34	1	0	0	565	0.165833333	0.053055556	0.072777778	0.0	0.040833333	0.0	0	0.0430555559999999	1.5	0.11	0.0	0.335484
44453	9496	0	1	3	5	6	5	0.0	2	2013	10	22	2	12.0	71	1	0	0	1687	0.4725	0.17	0.054444444	0.0	0.247222222	0.0	0	0.170833333	0.0	0.46	0.0	0.323577
44513	9507	0	0	3	1	1	1	0.0	2	2013	10	23	3	8.5	35	1	1	2	10787	2.705555556	0.906666667	0.2369444439999999	0.35	0.0	0.1	1	0.8230555559999999	2.4	2.41	0.0	0.551131
44517	9508	0	2	4	3	1	5	0.0	2	2013	10	23	3	16.0	65	1	1	2	584	0.168611111	0.059722222	0.118333333	0.0	0.0352777779999999	0.0	0	0.063055556	0.0	0.15	0.0	0.110132
44541	9514	0	1	1	3	1	1	1.0	2	2013	10	23	3	15.25	41	1	1	1	907	0.233055556	0.0711111109999999	0.129722222	0.0	0.041666667	0.0	0	0.075277778	1.5	0.18	0.0	0.140221
44543	9514	1	1	3	1	1	1	1.0	2	2013	10	23	3	17.5	44	0	1	1	16035	3.542222222	1.256666667	0.066111111	0.583333333	0.175	0.133333333	1	1.082222222	4.8	2.87	10.5	0.668121
44558	9518	0	4	1	3	6	5	0.0	2	2013	10	23	3	18.28333333	65	1	0	0	987	0.222777778	0.070277778	0.082777778	0.0	0.066666667	0.0	0	0.1197222219999999	0.0	0.27	0.0	0.589327
44560	9519	0	2	3	3	1	5	0.0	2	2013	10	23	3	15.5	78	0	1	2	14904	3.5302777780000003	1.075	0.086944444	0.25	0.04	0.25	2	0.6319444439999999	0.0	2.95	0.0	0.274725
44572	9523	0	2	4	3	5	1	1.0	2	2013	10	23	3	16.25	31	1	1	2	1288	0.410555556	0.103333333	0.226944444	0.0	0.068333333	0.0	0	0.110833333	1.5	0.4	0.0	0.047619
44629	9533	0	5	3	3	2	1	1.0	2	2013	10	24	4	20.0	54	0	1	2	1698	0.388055556	0.109722222	0.079444444	0.0	0.066666667	0.0	0	0.067777778	1.5	0.21	0.0	0.0327869
44632	9534	0	1	1	5	6	5	0.0	2	2013	10	24	4	11.25	75	0	0	0	2588	0.661388889	0.208055556	0.131944444	0.0	0.332777778	0.0	0	0.183611111	0.0	0.47	0.0	0.1543119999999999
44639	9536	0	3	3	3	6	4	0.0	2	2013	10	24	4	21.16666667	18	1	0	0	4630	1.059166667	0.361944444	0.059166667	0.133333333	0.1072222219999999	0.1155555559999999	1	0.293611111	1.0	0.79	0.0	0.407758
44652	9538	0	1	3	1	1	5	0.0	2	2013	10	24	4	19.0	60	0	0	1	22429	5.324722222	1.585	0.105833333	0.5166666670000001	0.04	0.416666667	3	0.877222222	0.0	3.32	0.0	0.5262819999999999
44665	9541	1	1	4	4	1	1	1.0	2	2013	10	24	4	7.833333333	24	0	1	1	695	0.360555556	0.152222222	0.1566666669999999	0.0	0.092777778	0.0	0	0.148888889	1.5	0.4	0.0	0.591418
44675	9542	1	2	1	5	6	2	0.0	2	2013	10	24	4	11.66666667	17	0	0	0	313	0.090833333	0.033333333	0.031111111	0.0	0.027777778	0.0	0	0.029722222	0.0	0.06	0.0	0.439252
44676	9542	1	3	3	2	6	2	0.0	2	2013	10	24	4	15.25	17	0	0	0	9571	2.161111111	0.7211111109999999	0.130833333	0.3833333329999999	0.213055556	0.166666667	1	0.6497222220000001	1.15	1.53	10.5	0.6592560000000001
44688	9546	0	1	3	4	1	1	1.0	2	2013	10	24	4	17.0	31	0	1	1	1529	0.391944444	0.1475	0.214722222	0.0	0.125	0.0	0	0.197222222	1.5	0.41	0.0	0.295775
44703	9550	1	0	3	1	6	1	1.0	2	2013	10	25	5	7.833333333	32	1	0	0	9529	2.3058333330000003	0.810555556	0.257777778	0.166666667	0.366666667	0.1166666669999999	1	0.761944444	4.4	1.76	10.5	0.74444
44727	9558	1	1	4	4	1	1	1.0	2	2013	10	25	5	21.0	59	1	1	1	6754	1.602222222	0.48	0.1072222219999999	0.0	0.520833333	0.079166667	1	0.353888889	3.0	1.1	0.0	0.265306
44763	9566	2	0	4	1	1	1	1.0	2	2013	10	25	5	15.5	26	0	1	1	1603	0.445	0.122777778	0.309722222	0.0	0.0777777779999999	0.0	0	0.195	1.5	0.41	0.0	0.2350429999999999
44791	9573	0	1	4	1	5	1	1.0	2	2013	10	26	6	14.0	48	1	1	2	3831	0.8783333329999999	0.220277778	0.079444444	0.0	0.3858333329999999	0.0	0	0.263333333	1.5	0.84	0.0	0.206751
44809	9575	0	3	4	3	2	1	1.0	2	2013	10	26	6	15.0	33	0	1	2	14036	3.373888889	1.051944444	0.1011111109999999	0.0	1.206388889	0.2213888889999999	2	0.653888889	4.5	1.97	0.0	0.217927
44812	9576	1	2	4	3	6	5	0.0	2	2013	10	26	6	19.55	9	0	0	0	6679	1.636666667	0.520277778	0.200833333	0.133333333	0.1166666669999999	0.1166666669999999	1	0.3358333329999999	0.0	0.99	0.0	0.319272
44830	9577	2	1	3	5	2	2	0.0	2	2013	10	26	6	14.5	16	0	0	1	2706	0.586388889	0.203611111	0.1011111109999999	0.0	0.320833333	0.0	0	0.208055556	0.0	0.5	0.0	0.2429909999999999
44905	9594	0	0	4	3	1	1	1.0	2	2013	10	27	7	12.0	45	1	1	1	896	0.291666667	0.1030555559999999	0.1475	0.0	0.082222222	0.0	0	0.105555556	1.5	0.32	0.0	0.0868421
44909	9595	0	0	4	3	1	1	1.0	2	2013	10	27	7	9.0	41	1	1	2	2679	0.625	0.2125	0.0586111109999999	0.0	0.333333333	0.058333333	1	0.168888889	3.0	0.46	0.0	0.0444079
44913	9596	0	0	4	3	2	1	1.0	2	2013	10	27	7	12.08333333	53	1	1	2	2852	0.762777778	0.2525	0.2213888889999999	0.0	0.2	0.0	0	0.188611111	1.5	0.48	0.0	0.26215
44919	9596	2	0	4	3	2	3	0.0	2	2013	10	27	7	8.916666667000001	13	0	0	2	2852	0.762777778	0.2525	0.2213888889999999	0.0	0.15	0.0	0	0.163611111	0.0	0.46	0.0	0.186757
45011	9614	4	0	3	1	2	1	1.0	2	2013	10	28	1	7.5	28	0	1	1	11334	2.671666667	0.816666667	0.257222222	0.416666667	0.0	0.1	1	0.602777778	3.9	1.56	10.5	0.614286
45019	9616	2	0	2	3	1	1	1.0	2	2013	10	28	1	15.5	20	0	0	1	927	0.242777778	0.081111111	0.049444444	0.0	0.063055556	0.0	0	0.091944444	1.5	0.2	0.0	0.178248
45022	9617	0	1	3	3	2	2	0.0	2	2013	10	29	2	21.66666667	17	0	0	1	12209	2.935555556	1.000277778	0.301944444	0.4	0.0	0.133333333	1	0.515833333	1.4	1.79	0.0	0.354335
45037	9622	3	0	4	3	2	5	0.0	2	2013	10	29	2	11.5	9	0	0	1	3800	0.973888889	0.248333333	0.144166667	0.0	0.248055556	0.0	0	0.190277778	0.0	0.56	0.0	0.170803
45040	9623	0	1	1	3	1	5	0.0	2	2013	10	29	2	11.75	83	1	1	2	638	0.151111111	0.045	0.053055556	0.0	0.0502777779999999	0.0	0	0.033333333	0.0	0.1	0.0	0.0
45050	9627	0	0	3	4	1	1	1.0	2	2013	10	29	2	7.25	36	1	0	1	5128	1.246388889	0.476666667	0.100277778	0.2666666669999999	0.0	0.1	1	0.478611111	5.2	1.12	10.5	0.7626229999999999
45052	9627	1	1	4	4	1	1	1.0	2	2013	10	29	2	7.666666667	39	0	1	1	7873	2.080555556	0.695	0.208888889	0.35	0.0	0.166666667	1	0.640277778	5.2	1.6	0.0	0.65423
45061	9628	1	2	4	3	6	1	1.0	2	2013	10	29	2	21.5	38	1	1	2	9445	2.378888889	0.800555556	0.270555556	0.1166666669999999	0.465555556	0.083333333	1	0.48	3.0	1.79	0.0	0.31713
45088	9634	0	1	4	3	1	5	0.0	2	2013	10	30	3	15.0	79	1	1	2	4005	0.925	0.303611111	0.178333333	0.0	0.295555556	0.0	0	0.258611111	0.0	0.75	0.0	0.0708915
45112	9638	0	4	3	3	2	1	1.0	2	2013	10	30	3	15.0	47	1	1	1	2040	0.708611111	0.202777778	0.199166667	0.0	0.2166666669999999	0.0	0	0.176388889	1.5	0.48	0.0	0.270866
45163	9647	2	1	4	1	1	1	1.0	2	2013	10	31	4	17.75	21	0	1	1	2917	0.669444444	0.205555556	0.082777778	0.0	0.313333333	0.0	0	0.283333333	1.5	0.7	0.0	0.284314
45174	9651	0	1	4	5	1	1	1.0	2	2013	10	31	4	9.5	29	0	1	2	7646	1.7483333330000002	0.505277778	0.151666667	0.0	0.464444444	0.0	0	0.347777778	1.5	1.14	0.0	0.174121
45187	9655	1	1	3	4	6	1	1.0	2	2013	10	31	4	22.0	42	0	1	0	9867	2.4877777780000003	0.771388889	0.222222222	0.333333333	0.158333333	0.125	1	0.504722222	4.3	1.63	0.0	0.463401
45212	9661	3	4	4	3	1	1	1.0	2	2013	11	1	5	17.0	20	1	1	1	1834	0.503611111	0.170277778	0.1825	0.0	0.088333333	0.0	0	0.1022222219999999	1.5	0.33	0.0	0.0543478
45251	9675	1	0	4	3	1	1	1.0	2	2013	11	1	5	13.0	34	0	1	1	3369	0.781666667	0.225	0.166388889	0.0	0.333333333	0.0	0	0.283888889	1.5	0.81	0.0	0.3160469999999999
45254	9676	1	2	4	4	1	1	1.0	2	2013	11	2	6	17.0	43	0	1	1	5360	1.202777778	0.3575	0.1075	0.0	0.35	0.0	0	0.265833333	1.5	0.82	0.0	0.376176
45274	9677	3	1	3	5	2	3	0.0	2	2013	11	2	6	15.0	15	1	0	1	12056	2.68	0.837777778	0.203611111	0.433333333	0.0	0.0	0	0.680277778	0.75	1.64	10.5	0.582687
45277	9677	3	5	4	3	2	3	0.0	2	2013	11	2	6	21.85	15	1	0	1	2244	0.644166667	0.1975	0.3225	0.0	0.0725	0.0	0	0.1472222219999999	0.0	0.49	0.0	0.0471698
45290	9680	0	2	3	3	6	1	1.0	2	2013	11	2	6	19.0	48	1	1	0	2053	0.498888889	0.155277778	0.138611111	0.0	0.227222222	0.0	0	0.156111111	1.5	0.37	0.0	0.133452
45291	9680	0	3	3	3	6	1	1.0	2	2013	11	2	6	22.0	48	1	1	0	2053	0.526388889	0.178611111	0.1819444439999999	0.0	0.15	0.0	0	0.13	1.5	0.34	0.0	0.1111109999999999
45295	9681	0	3	4	3	2	1	1.0	2	2013	11	2	6	17.5	53	1	1	1	1780	0.4683333329999999	0.143333333	0.1625	0.0	0.151944444	0.0	0	0.192222222	1.5	0.43	0.0	0.189306
45314	9686	0	8	4	3	1	1	1.0	2	2013	11	2	6	18.5	45	0	1	1	3912	0.959166667	0.2944444439999999	0.006944444	0.0	0.308333333	0.133333333	1	0.215	3.0	0.72	0.0	0.447028
45322	9688	0	0	3	1	6	1	1.0	2	2013	11	2	6	5.0	34	1	1	0	9714	2.391944444	0.742222222	0.195833333	0.0	0.5527777779999999	0.0705555559999999	1	0.416388889	3.0	1.41	0.0	0.261508
45325	9689	0	2	4	3	2	5	0.0	2	2013	11	3	7	14.5	63	1	1	2	3183	0.956944444	0.33	0.1769444439999999	0.0	0.3388888889999999	0.066666667	1	0.1769444439999999	0.0	0.56	0.0	0.180534
45380	9706	0	1	4	3	2	5	0.0	2	2013	11	4	1	12.66666667	64	1	1	1	1912	0.4725	0.210555556	0.061666667	0.0	0.1	0.0	0	0.099444444	0.0	0.34	0.0	0.243017
45383	9706	1	2	4	5	2	5	0.0	2	2013	11	4	1	11.0	66	0	1	1	2455	0.593055556	0.255277778	0.168888889	0.0	0.066666667	0.0	0	0.072222222	0.0	0.27	0.0	0.157692
45410	9713	0	3	2	3	6	1	1.0	2	2013	11	4	1	22.08333333	35	0	1	0	997	0.275	0.093611111	0.064444444	0.0	0.069166667	0.0	0	0.085833333	1.5	0.22	0.0	0.100324
45434	9717	1	3	1	2	1	1	1.0	2	2013	11	5	2	15.33333333	37	0	1	1	508	0.17	0.046388889	0.0586111109999999	0.0	0.066666667	0.0	0	0.0313888889999999	1.5	0.11	0.0	0.0
45456	9720	4	0	3	2	2	5	0.0	2	2013	11	5	2	8.0	5	1	0	1	2048	0.528611111	0.131388889	0.112777778	0.0	0.2	0.0	0	0.141666667	0.0	0.34	0.0	0.2882349999999999
45471	9722	3	1	3	2	2	3	0.0	2	2013	11	5	2	15.25	11	0	0	1	3839	1.015555556	0.298888889	0.231111111	0.066666667	0.2666666669999999	0.1166666669999999	1	0.243611111	0.75	0.71	0.0	0.6054729999999999
45473	9722	3	3	3	3	2	3	0.0	2	2013	11	5	2	22.0	11	0	0	1	3137	0.712777778	0.199722222	0.277777778	0.066666667	0.0	0.0	0	0.173055556	0.75	0.6	0.0	0.215088
45489	9726	0	3	1	3	5	1	1.0	2	2013	11	6	3	20.88333333	29	1	1	2	2992	0.693333333	0.191111111	0.153055556	0.0	0.164166667	0.0	0	0.155	1.5	0.67	0.0	0.114695
45497	9727	1	1	1	1	1	1	1.0	2	2013	11	6	3	18.0	30	1	1	2	639	0.211111111	0.083888889	0.161388889	0.0	0.02	0.0	0	0.048888889	1.5	0.15	0.0	0.0113636
45502	9728	1	5	1	3	6	1	1.0	2	2013	11	6	3	18.83333333	32	0	1	0	1609	0.3575	0.139444444	0.0675	0.0	0.146944444	0.0	0	0.1	1.5	0.27	0.0	0.4055559999999999
45506	9729	1	0	3	3	6	1	1.0	2	2013	11	6	3	11.25	47	1	0	0	2610	0.616388889	0.213888889	0.135833333	0.0	0.184166667	0.0	0	0.193333333	1.5	0.53	0.0	0.16523
45529	9735	1	1	2	1	1	5	0.0	2	2013	11	6	3	18.16666667	43	1	1	2	3075	0.729166667	0.230833333	0.029722222	0.0	0.375833333	0.0	0	0.226111111	0.0	0.58	0.0	0.386978
45539	9737	1	0	3	1	6	1	1.0	2	2013	11	6	3	8.0	37	0	1	0	5108	1.208611111	0.413611111	0.123055556	0.0	0.343888889	0.0	0	0.3325	1.5	1.18	0.0	0.517126
45558	9741	1	2	1	3	1	1	1.0	2	2013	11	6	3	22.5	36	1	1	1	682	0.147777778	0.0375	0.011666667	0.0	0.036111111	0.0	0	0.026388889	1.5	0.09	0.0	0.2
45580	9746	0	2	1	4	1	1	1.0	2	2013	11	7	4	9.116666667	39	0	1	1	939	0.355	0.1016666669999999	0.195833333	0.0	0.054722222	0.0	0	0.074166667	1.5	0.26	0.0	0.0898876
45590	9747	0	1	4	1	1	5	0.0	2	2013	11	7	4	7.583333333	70	0	1	2	4383	1.170833333	0.4325	0.3494444439999999	0.2	0.0	0.0	0	0.192777778	0.0	0.7	0.0	0.25072
45611	9753	0	0	3	3	1	1	1.0	2	2013	11	7	4	11.5	50	1	0	1	780	0.183333333	0.1197222219999999	0.138055556	0.0	0.06	0.0	0	0.1186111109999999	1.5	0.29	0.0	0.590164
45613	9753	1	0	4	3	1	1	1.0	2	2013	11	7	4	13.0	54	0	1	1	3482	0.8894444440000001	0.313888889	0.150833333	0.0	0.36	0.0	0	0.281666667	1.5	0.7	0.0	0.454635
45641	9756	4	0	1	2	6	5	0.0	2	2013	11	7	4	8.833333332999999	7	0	0	0	373	0.124166667	0.038055556	0.0897222219999999	0.0	0.024166667	0.0	0	0.0388888889999999	0.0	0.08	0.0	0.607143
45654	9760	0	3	1	2	6	1	1.0	2	2013	11	7	4	15.31666667	24	1	0	0	593	0.1794444439999999	0.049722222	0.1266666669999999	0.0	0.015555556	0.0	0	0.0502777779999999	1.5	0.12	0.0	0.497238
45666	9761	2	2	4	5	1	5	0.0	2	2013	11	8	5	17.0	9	1	0	1	3485	0.814722222	0.2641666669999999	0.213333333	0.0	0.35	0.0	0	0.231666667	0.0	0.6	0.0	0.202638
45670	9761	3	0	4	2	1	5	0.0	2	2013	11	8	5	8.333333332999999	6	1	0	1	2070	0.7555555559999999	0.205277778	0.188611111	0.0	0.316388889	0.072222222	1	0.173611111	0.0	0.57	0.0	0.4048
45680	9763	2	6	1	3	6	3	0.0	2	2013	11	8	5	2.0	15	1	0	0	3952	1.021111111	0.363333333	0.420833333	0.083333333	0.0	0.0	0	0.178888889	0.75	0.62	0.0	0.0450311
45717	9768	0	5	1	5	2	1	1.0	2	2013	11	8	5	16.0	40	1	1	1	2157	0.543888889	0.173333333	0.090833333	0.0	0.245277778	0.0	0	0.173888889	1.5	0.38	0.0	0.35623
45743	9775	2	0	4	1	1	1	1.0	2	2013	11	9	6	8.0	55	1	1	1	13344	3.249166667	1.0575	0.1191666669999999	0.5166666670000001	0.276111111	0.433333333	3	0.609722222	5.29	2.16	0.0	0.280638
45754	9779	1	1	3	3	1	5	0.0	2	2013	11	9	6	10.66666667	81	1	1	1	408	0.1066666669999999	0.048611111	0.052222222	0.0	0.019166667	0.0	0	0.036944444	0.0	0.1	0.0	0.1428569999999999
45755	9780	0	0	4	3	2	1	1.0	2	2013	11	9	6	20.0	23	1	0	1	21318	4.834722222	1.6297222219999998	0.046388889	0.466666667	0.9	0.233333333	2	1.079166667	6.3	2.87	0.0	0.439125
45807	9792	1	2	4	3	1	1	1.0	2	2013	11	9	6	17.75	36	1	0	1	792	0.301666667	0.0925	0.088055556	0.0	0.082777778	0.0	0	0.091111111	1.5	0.23	0.0	0.1615849999999999
45855	9802	0	3	4	3	1	1	1.0	2	2013	11	10	7	15.0	32	1	1	2	575	0.170277778	0.0627777779999999	0.107777778	0.0	0.04	0.0	0	0.056944444	1.5	0.15	0.0	0.482927
45860	9803	0	2	3	3	1	1	1.0	2	2013	11	11	1	12.5	53	1	0	1	2866	0.7355555559999999	0.251388889	0.101388889	0.0	0.179722222	0.0	0	0.1719444439999999	1.5	0.53	0.0	0.177706
45867	9806	0	0	3	1	6	1	1.0	2	2013	11	11	1	11.0	24	0	1	0	3609	0.771388889	0.214166667	0.1005555559999999	0.0	0.316666667	0.0	0	0.195833333	1.5	0.66	0.0	0.392908
45888	9811	0	0	3	1	6	1	1.0	2	2013	11	11	1	5.25	26	1	0	0	8745	2.145555556	0.664166667	0.149722222	0.0	0.7080555559999999	0.066944444	1	0.4488888889999999	3.0	1.38	0.0	0.435644
45907	9813	0	1	1	5	1	1	1.0	2	2013	11	11	1	10.71666667	41	1	1	1	421	0.108888889	0.040555556	0.021666667	0.0	0.049444444	0.0	0	0.0586111109999999	1.5	0.12	0.0	0.2227489999999999
45910	9814	0	1	1	5	1	1	1.0	2	2013	11	12	2	9.266666667	57	1	0	1	1300	0.371666667	0.1422222219999999	0.111666667	0.0	0.107777778	0.0	0	0.121388889	1.5	0.29	0.0	0.2219679999999999
45919	9815	0	1	3	1	1	1	1.0	2	2013	11	12	2	18.5	45	0	1	2	10181	2.491944444	0.868888889	0.203055556	0.2666666669999999	0.351388889	0.261111111	2	0.617777778	6.3	1.78	0.0	0.567896
45952	9819	2	0	4	2	1	1	1.0	2	2013	11	12	2	8.5	18	0	1	1	1776	0.495	0.154722222	0.1255555559999999	0.0	0.076666667	0.0	0	0.131944444	1.5	0.39	0.0	0.208421
45960	9822	1	1	4	5	1	5	0.0	2	2013	11	12	2	13.5	63	1	1	1	1129	0.285833333	0.083333333	0.128333333	0.0	0.0633333329999999	0.0	0	0.071944444	0.0	0.2	0.0	0.03861
45967	9823	0	3	4	3	1	5	0.0	2	2013	11	12	2	21.9	61	0	1	2	1616	0.383611111	0.114722222	0.137777778	0.0	0.05	0.0	0	0.074444444	0.0	0.27	0.0	0.0223880999999999
45971	9824	0	1	4	5	1	1	1.0	2	2013	11	12	2	13.25	29	1	1	1	4349	0.992777778	0.257777778	0.290277778	0.083333333	0.0	0.0	0	0.364444444	1.5	1.02	0.0	0.453506
45986	9825	0	0	3	1	6	1	1.0	2	2013	11	12	2	7.0	22	1	1	0	1801	0.427777778	0.150833333	0.079444444	0.0	0.161666667	0.0	0	0.130833333	1.5	0.3	10.5	0.660297
45993	9827	1	0	3	1	6	5	0.0	2	2013	11	13	3	15.5	45	0	1	0	5883	1.5786111109999998	0.4694444439999999	0.212222222	0.2666666669999999	0.2144444439999999	0.0855555559999999	1	0.275277778	0.0	0.99	0.0	0.245207
46002	9828	1	1	3	5	6	1	1.0	2	2013	11	13	3	17.0	42	1	1	0	1913	0.4069444439999999	0.110555556	0.016388889	0.0	0.154722222	0.0	0	0.116111111	1.5	0.27	0.0	0.4641149999999999
46050	9834	3	0	3	2	1	2	0.0	2	2013	11	13	3	7.666666667	17	1	0	1	5932	1.477777778	0.424444444	0.132777778	0.0	0.449166667	0.310277778	2	0.369722222	0.0	1.04	0.0	0.327573
46120	9850	1	3	4	5	2	1	1.0	2	2013	11	14	4	16.16666667	47	1	1	1	4838	1.121388889	0.325277778	0.3238888889999999	0.0	0.308888889	0.0	0	0.318888889	1.5	0.7	0.0	0.21777
46130	9852	0	0	1	3	1	5	0.0	2	2013	11	14	4	11.0	77	1	1	2	649	0.178888889	0.059722222	0.0711111109999999	0.0	0.054166667	0.0	0	0.055555556	0.0	0.13	0.0	0.27
46156	9860	1	1	3	3	6	5	0.0	2	2013	11	15	5	13.0	65	1	0	0	1373	0.345	0.099722222	0.090277778	0.0	0.125	0.0	0	0.1197222219999999	0.0	0.25	0.0	0.461717
46164	9863	0	2	4	4	1	1	1.0	2	2013	11	15	5	9.5	32	1	1	2	1651	0.486388889	0.1580555559999999	0.275833333	0.0	0.066111111	0.0	0	0.125277778	1.5	0.35	0.0	0.119734
46168	9863	1	1	3	2	1	3	0.0	2	2013	11	15	5	15.25	13	0	0	2	2232	0.5030555560000001	0.138611111	0.138611111	0.0	0.1375	0.0	0	0.093888889	0.0	0.35	0.0	0.0443787
46171	9864	2	0	3	3	2	1	1.0	2	2013	11	15	5	11.0	21	1	1	1	7881	1.830277778	0.589444444	0.321666667	0.35	0.0	0.0	0	0.3419444439999999	1.5	1.09	0.0	0.173842
46174	9865	0	2	3	4	6	1	1.0	2	2013	11	15	5	11.5	46	1	0	0	1070	0.303055556	0.177777778	0.143055556	0.0	0.09	0.0	0	0.0866666669999999	1.5	0.23	0.0	0.272436
46179	9866	0	2	3	3	6	1	1.0	2	2013	11	15	5	19.16666667	36	0	0	0	3963	1.054166667	0.325	0.073333333	0.0	0.344166667	0.15	1	0.251388889	3.0	0.69	0.0	0.282873
46183	9867	1	0	1	1	6	1	1.0	2	2013	11	15	5	7.5	29	1	0	0	3357	0.7533333329999999	0.205555556	0.130277778	0.0	0.233333333	0.0	0	0.246666667	1.5	0.54	0.0	0.747748
46193	9869	2	3	4	3	2	1	1.0	2	2013	11	15	5	16.83333333	24	1	1	1	1309	0.374166667	0.131944444	0.115833333	0.0	0.1575	0.0	0	0.124444444	1.5	0.25	0.0	0.287946
46226	9874	0	3	4	4	1	1	1.0	2	2013	11	15	5	16.5	28	0	1	2	5612	1.4133333330000002	0.4125	0.068888889	0.0	0.6911111109999999	0.263611111	2	0.408055556	4.5	1.17	0.0	0.322668
46242	9877	0	1	3	3	6	5	0.0	2	2013	11	15	5	15.5	76	1	0	0	2192	0.6858333329999999	0.218055556	0.087777778	0.0	0.2894444439999999	0.0	0	0.233611111	0.0	0.53	0.0	0.418549
46280	9887	0	1	3	4	6	1	1.0	2	2013	11	16	6	20.0	34	1	0	0	12500	2.944722222	0.8888888890000001	0.3494444439999999	0.35	0.0	0.0	0	0.536944444	2.6	1.92	0.0	0.352302
46289	9890	0	3	1	3	6	1	1.0	2	2013	11	16	6	16.75	25	1	1	0	2245	0.556666667	0.226666667	0.187777778	0.066666667	0.0	0.0	0	0.255555556	2.4	0.55	10.5	0.553261
46368	9900	3	1	4	3	2	3	0.0	2	2013	11	17	7	10.16666667	12	0	0	2	1794	0.395555556	0.1016666669999999	0.039166667	0.0	0.083333333	0.0	0	0.067777778	0.0	0.23	0.0	0.139344
46418	9907	2	1	4	3	1	5	0.0	2	2013	11	17	7	10.76666667	5	1	0	1	1955	0.485555556	0.161111111	0.048611111	0.0	0.130277778	0.0	0	0.130555556	0.0	0.39	0.0	0.214894
46458	9917	0	1	3	1	2	1	1.0	2	2013	11	18	1	17.0	42	0	1	1	4367	1.073611111	0.3977777779999999	0.182777778	0.1166666669999999	0.241666667	0.1	1	0.343611111	3.9	0.79	10.5	0.665319
46462	9919	0	0	3	3	2	1	1.0	2	2013	11	18	1	11.75	31	1	1	1	2572	0.6575	0.247777778	0.184166667	0.083333333	0.0	0.0	0	0.175833333	2.1	0.42	0.0	0.4454979999999999
46468	9920	0	3	3	4	2	1	1.0	2	2013	11	18	1	17.0	46	1	1	2	2421	0.629166667	0.2794444439999999	0.198055556	0.0	0.2925	0.0	0	0.208888889	1.5	0.44	10.5	0.664894
46477	9922	1	0	4	2	1	1	1.0	2	2013	11	19	2	15.16666667	57	1	1	2	1830	0.480555556	0.167222222	0.072777778	0.0	0.217777778	0.166666667	1	0.150277778	3.0	0.42	0.0	0.221811
46504	9926	0	2	3	3	6	5	0.0	2	2013	11	19	2	9.916666667	61	1	0	0	1680	0.427777778	0.116111111	0.093611111	0.0	0.1066666669999999	0.0	0	0.1022222219999999	0.0	0.28	0.0	0.152174
46531	9931	0	3	1	4	2	1	1.0	2	2013	11	20	3	15.25	59	0	1	1	1452	0.376388889	0.145	0.098888889	0.0	0.118888889	0.0	0	0.098611111	1.5	0.23	10.5	0.709859
46569	9935	3	5	4	3	2	3	0.0	2	2013	11	20	3	20.75	14	1	0	2	5717	1.641388889	0.522222222	0.121944444	0.133333333	0.05	0.166666667	1	0.2072222219999999	0.75	0.9	0.0	0.120643
46579	9939	0	0	1	3	6	5	0.0	2	2013	11	20	3	9.166666667	67	0	1	0	535	0.127777778	0.073055556	0.066111111	0.0	0.054444444	0.0	0	0.072777778	0.0	0.14	0.0	0.5877859999999999
46603	9943	2	3	4	1	1	1	1.0	2	2013	11	21	4	18.0	29	1	1	1	2516	0.6266666670000001	0.164722222	0.04	0.0	0.2275	0.096388889	1	0.161388889	3.0	0.46	0.0	0.299484
46622	9949	0	1	3	4	1	1	1.0	2	2013	11	21	4	16.5	29	0	1	2	9780	2.320555556	0.776388889	0.331111111	0.433333333	0.0	0.083333333	1	0.534166667	2.4	1.75	0.0	0.5013
46626	9950	0	3	3	3	1	1	1.0	2	2013	11	21	4	16.0	19	1	0	1	2390	0.606388889	0.2525	0.165555556	0.0	0.2925	0.0	0	0.279166667	1.5	0.66	0.0	0.314428
46654	9958	1	1	3	1	6	1	1.0	2	2013	11	21	4	20.5	44	0	1	0	11627	2.709722222	1.0225	0.189444444	0.35	0.0	0.083333333	1	0.7161111109999999	2.4	1.85	0.0	0.563615
46670	9963	1	1	1	5	1	1	1.0	2	2013	11	21	4	12.0	28	0	1	1	458	0.1066666669999999	0.0425	0.0269444439999999	0.0	0.073333333	0.0	0	0.049444444	1.5	0.1	10.5	0.601124
46712	9968	0	0	3	2	6	1	1.0	2	2013	11	22	5	8.0	38	1	0	0	1687	0.427222222	0.1075	0.1222222219999999	0.0	0.139166667	0.0	0	0.079722222	1.5	0.26	0.0	0.0766551
46713	9968	0	1	1	5	6	1	1.0	2	2013	11	22	5	8.75	38	1	0	0	1623	0.423888889	0.166944444	0.0502777779999999	0.0	0.1866666669999999	0.0	0	0.1022222219999999	1.5	0.29	0.0	0.0951087
46716	9969	0	0	3	4	6	1	1.0	2	2013	11	22	5	8.5	59	0	0	0	7034	1.633055556	0.543888889	0.2794444439999999	0.2666666669999999	0.0	0.0	0	0.489722222	1.7	1.24	0.0	0.381736
46723	9969	2	0	3	2	6	2	0.0	2	2013	11	22	5	8.0	17	0	0	0	3948	0.971944444	0.285	0.0608333329999999	0.0	0.563611111	0.076388889	1	0.298888889	0.0	0.7	0.0	0.378253
46764	9978	0	5	4	2	1	1	1.0	2	2013	11	22	5	14.88333333	28	1	1	2	879	0.258333333	0.083333333	0.208055556	0.0	0.053888889	0.0	0	0.066388889	1.5	0.18	0.0	0.0794979
46782	9979	1	0	4	2	1	3	0.0	2	2013	11	22	5	9.0	15	0	0	2	4803	1.576944444	0.4819444439999999	0.098888889	0.066666667	0.472777778	0.268055556	2	0.3494444439999999	0.85	1.21	0.0	0.334658
46785	9980	0	0	3	3	1	5	0.0	2	2013	11	22	5	13.5	71	1	1	2	2223	0.601388889	0.199444444	0.1888888889999999	0.0	0.1722222219999999	0.0	0	0.215555556	0.0	0.58	0.0	0.194588
46814	9987	1	0	3	3	6	1	1.0	2	2013	11	22	5	12.0	25	0	0	0	2266	0.478611111	0.204166667	0.059166667	0.0	0.150833333	0.0	0	0.154444444	1.5	0.36	0.0	0.4712229999999999
46885	9998	4	0	1	2	6	5	0.0	2	2013	11	22	5	8.5	7	0	0	0	600	0.153055556	0.065833333	0.050833333	0.0	0.089444444	0.0	0	0.1225	0.0	0.27	0.0	0.1814059999999999
46935	10007	3	1	3	1	1	1	1.0	2	2013	11	23	6	23.0	27	1	1	1	2743	0.619444444	0.312777778	0.168333333	0.0	0.140555556	0.0	0	0.175277778	1.5	0.54	0.0	0.321712
46938	10009	0	0	3	4	6	1	1.0	2	2013	11	23	6	20.0	24	0	1	0	18637	4.368611111	1.3591666669999998	0.251111111	0.683333333	0.0	0.0	0	0.964166667	2.8	3.81	0.0	0.503025
46941	10010	2	3	3	3	1	1	1.0	2	2013	11	23	6	21.5	25	1	0	1	14390	3.456111111	1.1175	0.282777778	0.5166666670000001	0.0	0.15	1	0.626111111	5.3	2.34	0.0	0.472937
46943	10011	0	2	1	3	6	1	1.0	2	2013	11	23	6	18.0	30	1	0	0	583	0.149444444	0.055555556	0.054444444	0.0	0.027777778	0.0	0	0.038611111	1.5	0.09	0.0	0.0647481999999999
46949	10012	0	1	3	3	6	5	0.0	2	2013	11	23	6	14.66666667	42	1	0	0	1061	0.251944444	0.103888889	0.079444444	0.0	0.0625	0.0	0	0.095277778	0.0	0.21	0.0	0.259475
46952	10012	2	0	2	3	6	3	0.0	2	2013	11	23	6	15.66666667	15	0	0	0	859	0.250555556	0.070833333	0.205555556	0.0	0.02	0.0	0	0.078888889	0.0	0.21	0.0	0.429577
46968	10017	0	0	4	1	1	5	0.0	2	2013	11	24	7	9.5	61	0	1	1	8380	1.977777778	0.673333333	0.325	0.3	0.0	0.0	0	0.390555556	0.0	1.3	0.0	0.359175
46971	10017	1	1	3	3	1	5	0.0	2	2013	11	24	7	13.5	62	1	1	1	1854	0.500277778	0.180277778	0.154722222	0.0	0.121111111	0.0	0	0.138333333	0.0	0.36	0.0	0.192771
46984	10022	1	1	4	3	1	5	0.0	2	2013	11	24	7	23.25	83	1	0	1	9908	2.404444444	0.673333333	0.271666667	0.0	0.5019444439999999	0.1005555559999999	1	0.362777778	0.0	1.54	0.0	0.179173
46988	10023	3	2	3	3	6	5	0.0	2	2013	11	24	7	13.0	10	0	0	0	2820	0.675555556	0.2475	0.105555556	0.0	0.2166666669999999	0.0	0	0.238611111	0.0	0.61	0.0	0.321304
46989	10024	0	4	1	5	1	4	1.0	2	2013	11	24	7	12.0	43	1	1	1	273	0.0861111109999999	0.033888889	0.04	0.0	0.034166667	0.0	0	0.0213888889999999	1.5	0.06	0.0	0.1688309999999999
47001	10026	0	1	3	3	1	1	0.5	2	2013	11	24	7	14.0	30	1	1	2	4436	1.113333333	0.346666667	0.09	0.0	0.468611111	0.0	0	0.3444444439999999	0.75	1.01	0.0	0.473387
47046	10034	3	1	4	2	2	5	0.0	2	2013	11	25	1	15.5	9	1	0	2	1122	0.268611111	0.065833333	0.208611111	0.0	0.044722222	0.0	0	0.111666667	0.0	0.23	0.0	0.161692
47049	10035	0	1	3	1	1	1	1.0	2	2013	11	25	1	12.0	19	0	1	1	4033	0.965277778	0.3388888889999999	0.161388889	0.0	0.38	0.0	0	0.2663888889999999	1.5	0.73	10.5	0.460897
47085	10044	0	4	3	3	6	1	1.0	2	2013	11	25	1	18.83333333	41	1	0	0	1291	0.358611111	0.112777778	0.068611111	0.0	0.200277778	0.0	0	0.155277778	1.5	0.33	0.0	0.264758
47141	10054	1	1	4	3	2	1	1.0	2	2013	11	26	2	14.33333333	39	1	1	1	5189	1.26	0.4133333329999999	0.185833333	0.0	0.25	0.0	0	0.303611111	1.5	0.77	0.0	0.216834
47144	10055	1	0	4	3	1	1	0.0	2	2013	11	26	2	10.5	71	0	1	1	2344	0.583333333	0.185	0.1963888889999999	0.0	0.083333333	0.0	0	0.138611111	0.0	0.4	0.0	0.0501002
47161	10057	1	0	3	1	6	1	1.0	2	2013	11	26	2	8.166666667000001	29	1	1	0	6591	1.588888889	0.5686111110000001	0.236111111	0.15	0.246111111	0.1	1	0.596388889	4.4	1.28	10.5	0.8416399999999999
47177	10060	3	1	4	1	1	1	1.0	2	2013	11	26	2	17.5	46	0	1	1	16160	3.955	1.205833333	0.1888888889999999	0.966666667	0.208888889	0.2625	2	0.912777778	5.4	3.19	0.0	0.515216
47188	10063	1	0	3	1	1	1	1.0	2	2013	11	26	2	10.5	28	1	1	1	7713	1.905833333	0.713888889	0.238611111	0.166666667	0.08	0.103333333	1	0.6527777779999999	3.9	1.63	10.5	0.711915
47193	10064	1	1	3	5	6	4	0.5	2	2013	11	26	2	14.0	23	1	0	0	5080	1.140833333	0.368333333	0.100277778	0.0	0.361111111	0.0	0	0.280555556	0.75	0.74	10.5	0.7
47199	10065	1	0	3	1	6	1	1.0	2	2013	11	26	2	6.0	50	0	1	0	5804	1.5047222219999998	0.530555556	0.038333333	0.15	0.091666667	0.2166666669999999	2	0.364166667	3.9	1.05	0.0	0.392067
47214	10068	2	0	4	1	1	1	1.0	2	2013	11	27	3	7.75	31	1	1	2	10609	2.535833333	0.6880555559999999	0.161388889	0.0	0.862777778	0.126388889	1	0.523055556	3.0	1.79	0.0	0.364843
47263	10078	1	1	4	5	2	5	0.0	2	2013	11	27	3	7.95	10	1	0	2	2491	0.6791666670000001	0.2419444439999999	0.082222222	0.1166666669999999	0.179722222	0.166666667	2	0.259166667	0.0	0.5	0.0	0.596999
47265	10078	2	0	4	3	2	5	0.0	2	2013	11	27	3	7.666666667	6	0	0	2	3264	0.796666667	0.240555556	0.150833333	0.0	0.390555556	0.0	0	0.221111111	0.0	0.52	0.0	0.51005
47266	10078	2	1	4	5	2	5	0.0	2	2013	11	27	3	7.95	6	0	0	2	2491	0.6791666670000001	0.2419444439999999	0.082222222	0.1166666669999999	0.179722222	0.166666667	2	0.259166667	0.0	0.5	0.0	0.596999
47303	10085	3	4	4	3	1	5	0.0	2	2013	11	28	4	19.16666667	6	1	0	1	2619	0.605833333	0.162777778	0.240833333	0.0	0.1166666669999999	0.0	0	0.148333333	0.0	0.44	0.0	0.3220969999999999
47310	10088	0	4	4	3	1	5	0.0	2	2013	11	28	4	13.5	77	0	1	1	4079	1.159444444	0.34	0.1436111109999999	0.0	0.3025	0.0	0	0.2488888889999999	0.0	0.79	0.0	0.149554
47326	10093	0	2	3	4	1	1	1.0	2	2013	11	28	4	14.5	40	1	0	2	1281	0.3625	0.1075	0.1411111109999999	0.0	0.118888889	0.0	0	0.133611111	1.5	0.32	0.0	0.509355
47341	10094	1	1	4	4	6	4	1.0	2	2013	11	28	4	17.5	19	1	1	2	4472	1.1	0.405	0.120833333	0.0	0.44	0.1	1	0.336666667	3.0	0.81	0.0	0.296205
47344	10094	2	2	3	3	1	5	0.0	2	2013	11	28	4	18.5	18	0	0	2	3147	0.8241666670000001	0.254444444	0.173055556	0.033333333	0.123333333	0.15	1	0.187777778	0.0	0.58	0.0	0.2218929999999999
47368	10099	0	2	1	5	6	1	1.0	2	2013	11	28	4	15.16666667	23	1	0	0	920	0.240833333	0.076111111	0.106111111	0.0	0.06	0.0	0	0.083055556	1.5	0.19	0.0	0.588629
47371	10099	1	1	3	2	6	5	0.0	2	2013	11	28	4	15.5	5	0	0	0	2136	0.544166667	0.215833333	0.2325	0.0	0.213333333	0.0	0	0.199166667	0.0	0.45	0.0	0.556485
47380	10102	0	0	3	3	1	1	0.0	2	2013	11	28	4	11.75	52	1	1	2	7928	1.879722222	0.6627777779999999	0.376388889	0.35	0.0	0.0	0	0.510277778	2.6	1.45	10.5	0.591726
47387	10103	2	1	4	2	6	3	0.0	2	2013	11	28	4	16.0	12	0	0	0	7928	1.827777778	0.555277778	0.319722222	0.483333333	0.0	0.15	1	0.4794444439999999	1.25	1.29	0.0	0.431054
47412	10110	0	5	4	2	1	1	1.0	2	2013	11	28	4	15.33333333	46	1	1	1	2597	0.674722222	0.208888889	0.052777778	0.0	0.3875	0.0	0	0.21	1.5	0.53	0.0	0.1547619999999999
47413	10110	0	6	4	5	1	1	1.0	2	2013	11	28	4	15.58333333	46	1	1	1	648	0.188055556	0.059722222	0.152222222	0.0	0.018888889	0.0	0	0.077222222	1.5	0.18	0.0	0.151079
47417	10110	2	1	3	2	1	2	0.0	2	2013	11	28	4	17.0	16	1	0	1	2866	0.698333333	0.2191666669999999	0.065833333	0.0	0.25	0.083333333	1	0.232222222	0.0	0.56	0.0	0.407895
47447	10113	4	1	4	5	1	5	0.0	2	2013	11	29	5	15.26666667	9	0	0	1	585	0.2163888889999999	0.0675	0.177777778	0.0	0.0258333329999999	0.0	0	0.056111111	0.0	0.15	0.0	0.128713
47474	10118	0	2	4	3	1	5	0.0	2	2013	11	29	5	14.5	77	0	1	1	1372	0.540555556	0.151388889	0.235277778	0.0	0.143888889	0.0	0	0.181666667	0.0	0.6	0.0	0.2324159999999999
47476	10118	0	4	4	3	1	5	0.0	2	2013	11	29	5	19.0	77	0	1	1	1740	0.451944444	0.13	0.291111111	0.0	0.106944444	0.0	0	0.137222222	0.0	0.39	0.0	0.340081
47477	10118	0	5	3	3	1	5	0.0	2	2013	11	29	5	23.41666667	77	0	1	1	1740	0.467777778	0.161666667	0.106388889	0.0	0.088055556	0.1166666669999999	1	0.103888889	0.0	0.35	0.0	0.163102
47491	10119	2	1	3	1	6	4	1.0	2	2013	11	29	5	20.0	24	0	1	2	6631	1.565277778	0.5147222220000001	0.116111111	0.3833333329999999	0.0	0.0	0	0.4719444439999999	1.6	1.16	0.0	0.609182
47500	10121	0	0	4	3	6	1	1.0	2	2013	11	29	5	6.25	40	1	0	0	3588	0.8430555559999999	0.225833333	0.2069444439999999	0.0	0.196111111	0.0	0	0.163055556	1.5	0.53	0.0	0.0562181
47534	10129	0	1	4	5	1	1	1.0	2	2013	11	29	5	16.0	29	0	1	2	11358	3.094166667	0.784166667	0.236388889	0.35	0.0	0.0	0	0.353055556	2.8	1.9	0.0	0.487018
47542	10131	0	4	4	4	1	1	1.0	2	2013	11	29	5	15.0	35	1	1	2	4284	1.022777778	0.318888889	0.121111111	0.0	0.3725	0.2075	1	0.256111111	3.0	0.76	0.0	0.0704988999999999
47555	10135	2	0	3	4	1	4	0.0	2	2013	11	30	6	16.0	18	0	0	1	4629	1.304166667	0.414722222	0.198333333	0.0	0.468888889	0.126388889	1	0.3225	0.0	1.05	0.0	0.312661
47559	10136	0	0	4	4	5	1	1.0	2	2013	11	30	6	6.5	55	0	1	1	10292	2.5927777780000003	0.793055556	0.107777778	0.033333333	0.581111111	0.2166666669999999	2	0.333611111	4.5	2.0	0.0	0.1890089999999999
47564	10137	1	1	4	5	1	1	1.0	2	2013	11	30	6	16.0	52	1	1	2	6931	1.53	0.458611111	0.238333333	0.0	0.333333333	0.0	0	0.233333333	1.5	1.12	0.0	0.203571
47581	10142	0	4	4	3	5	1	1.0	2	2013	11	30	6	15.5	44	1	1	2	1229	0.362222222	0.108611111	0.071944444	0.0	0.133333333	0.0	0	0.082222222	1.5	0.3	0.0	0.0
47640	10154	3	3	3	3	6	5	0.0	2	2013	11	30	6	17.5	8	0	0	0	2177	0.566111111	0.261111111	0.141388889	0.083333333	0.0	0.0	0	0.304444444	0.0	0.61	10.5	0.708029
47648	10155	1	1	4	1	5	1	1.0	2	2013	12	1	7	16.75	51	1	1	2	11505	2.7377777780000003	0.867777778	0.160833333	0.0	0.845833333	0.076388889	1	0.543611111	3.0	2.39	0.0	0.2626469999999999
47662	10158	0	1	4	3	1	1	1.0	2	2013	12	1	7	14.58333333	31	1	1	2	1175	0.351111111	0.094722222	0.151388889	0.0	0.065833333	0.0	0	0.129444444	1.5	0.33	0.0	0.0901288
47667	10160	0	0	3	3	1	5	0.0	2	2013	12	1	7	11.5	64	1	1	1	3001	0.842777778	0.272222222	0.068888889	0.0	0.283333333	0.0	0	0.278888889	0.0	0.76	0.0	0.207171
47672	10162	0	2	4	5	2	1	1.0	2	2013	12	1	7	14.33333333	39	0	1	2	816	0.1769444439999999	0.0925	0.069444444	0.0	0.048888889	0.0	0	0.1175	1.5	0.21	0.0	0.775414
47678	10163	2	0	4	3	1	1	1.0	2	2013	12	1	7	11.5	31	0	1	1	1419	0.384166667	0.135833333	0.0891666669999999	0.0	0.111111111	0.0	0	0.121111111	1.5	0.32	0.0	0.302752
47684	10164	0	0	1	3	6	5	0.0	2	2013	12	1	7	12.0	73	0	0	0	1478	0.423888889	0.203888889	0.1863888889999999	0.0	0.083333333	0.0	0	0.153611111	0.0	0.33	0.0	0.488246
47693	10167	1	1	4	3	2	1	1.0	2	2013	12	1	7	2.0	23	1	0	1	1137	0.322777778	0.124444444	0.127777778	0.0	0.145	0.07	1	0.090833333	3.0	0.21	0.0	0.1345569999999999
47715	10173	0	1	3	3	1	5	0.0	2	2013	12	2	1	14.0	70	1	0	1	2897	0.865833333	0.294722222	0.1625	0.0	0.444444444	0.0	0	0.2325	0.0	0.69	0.0	0.204301
47720	10174	0	2	3	3	6	1	1.0	2	2013	12	2	1	19.0	28	1	0	0	5424	1.219166667	0.384722222	0.052222222	0.0	0.411388889	0.1025	1	0.262222222	3.0	0.77	0.0	0.649364
47737	10178	2	0	3	2	2	4	0.5	2	2013	12	2	1	7.75	22	1	1	1	17613	4.021666667	1.291111111	0.317222222	0.433333333	0.0	0.133333333	1	1.105833333	3.4	2.61	10.5	0.725446
47743	10179	0	3	3	2	6	1	0.5	2	2013	12	2	1	14.83333333	40	1	1	0	1250	0.354166667	0.093333333	0.1186111109999999	0.033333333	0.0	0.0	0	0.104444444	1.5	0.27	0.0	0.2207449999999999
47747	10179	2	0	3	2	6	5	0.0	2	2013	12	2	1	8.333333332999999	7	0	0	0	1250	0.354166667	0.093333333	0.1186111109999999	0.033333333	0.0	0.0	0	0.1066666669999999	0.0	0.27	0.0	0.377604
47758	10181	3	1	2	2	6	5	0.0	2	2013	12	2	1	13.0	6	1	0	0	2616	0.6411111110000001	0.236111111	0.291111111	0.0	0.150277778	0.139166667	1	0.1436111109999999	0.0	0.45	0.0	0.40619
47773	10184	0	0	4	3	1	5	0.0	2	2013	12	2	1	9.25	82	0	1	1	1077	0.264444444	0.0875	0.143888889	0.0	0.035	0.0	0	0.065555556	0.0	0.18	0.0	0.398305
47783	10186	0	3	4	1	2	1	1.0	2	2013	12	2	1	16.33333333	52	1	1	1	6563	1.475	0.4488888889999999	0.218333333	0.0	0.368888889	0.0	0	0.235833333	1.5	0.8	0.0	0.325088
47791	10186	4	3	3	2	2	2	0.0	2	2013	12	2	1	16.0	17	1	0	1	6267	1.595555556	0.535833333	0.243888889	0.0	0.669444444	0.080555556	1	0.488055556	0.0	1.13	0.0	0.6522479999999999
47800	10187	4	1	4	2	2	5	0.0	2	2013	12	3	2	15.66666667	5	0	0	1	940	0.271666667	0.091944444	0.174166667	0.0	0.091666667	0.0	0	0.095277778	0.0	0.22	0.0	0.0524780999999999
47816	10190	1	0	3	4	1	5	0.0	2	2013	12	3	2	5.75	61	0	1	1	16940	3.986388889	1.167777778	0.092777778	0.3	0.148333333	0.3	2	0.6969444440000001	0.0	2.51	0.0	0.312874
47823	10191	0	1	4	3	1	5	0.0	2	2013	12	3	2	18.61666667	62	1	1	2	506	0.133611111	0.064166667	0.100277778	0.0	0.046944444	0.0	0	0.051388889	0.0	0.15	0.0	0.8432430000000001
47833	10192	1	4	3	5	1	5	0.0	2	2013	12	3	2	10.83333333	70	0	1	1	2094	0.5225	0.198333333	0.149722222	0.0	0.177777778	0.0	0	0.143888889	0.0	0.37	0.0	0.418919
47839	10194	1	0	3	3	6	4	1.0	2	2013	12	3	2	14.0	59	1	0	0	4443	1.063333333	0.318055556	0.171666667	0.0	0.333333333	0.0	0	0.265277778	1.5	0.71	0.0	0.450262
47855	10197	0	2	1	5	2	1	1.0	2	2013	12	3	2	12.66666667	33	0	1	1	414	0.161388889	0.089444444	0.113888889	0.0	0.05	0.0	0	0.109444444	1.5	0.24	0.0	0.345178
47862	10197	2	1	3	1	2	1	1.0	2	2013	12	3	2	19.5	24	0	0	1	3594	1.038333333	0.525555556	0.2397222219999999	0.233333333	0.0	0.0	0	0.341111111	1.5	1.09	0.0	0.512215
47866	10200	0	3	1	2	1	1	1.0	2	2013	12	3	2	9.0	46	1	1	1	576	0.138611111	0.049166667	0.094166667	0.0	0.018611111	0.0	0	0.046944444	1.5	0.11	0.0	0.147929
47889	10203	0	0	1	1	6	1	1.0	2	2013	12	3	2	5.5	56	1	0	0	987	0.317777778	0.085277778	0.111944444	0.0	0.049166667	0.0	0	0.0608333329999999	1.5	0.19	0.0	0.0456621
47896	10205	2	0	3	1	6	1	1.0	2	2013	12	4	3	6.0	47	0	0	0	7234	1.665277778	0.5116666670000001	0.180555556	0.0	0.4583333329999999	0.0	0	0.265	1.5	0.98	0.0	0.426625
47904	10207	1	0	3	1	2	1	1.0	2	2013	12	4	3	7.75	30	0	1	1	9062	2.153611111	0.718611111	0.388055556	0.316666667	0.0	0.0	0	0.815555556	2.8	1.53	10.5	0.910082
47975	10219	0	1	4	2	1	1	1.0	2	2013	12	4	3	8.333333332999999	57	1	1	1	2921	0.7666666670000001	0.2397222219999999	0.220277778	0.066666667	0.130277778	0.1	1	0.196111111	3.2	0.55	0.0	0.273371
48007	10226	1	1	4	2	6	3	0.0	2	2013	12	5	4	15.41666667	13	0	0	0	4277	1.057222222	0.345555556	0.1747222219999999	0.0	0.311666667	0.152777778	1	0.300277778	0.0	0.85	0.0	0.1628119999999999
48059	10244	0	0	1	1	6	1	1.0	2	2013	12	5	4	8.25	38	1	0	0	3070	0.823611111	0.337777778	0.093333333	0.15	0.0	0.083333333	1	0.267222222	2.4	0.58	10.5	0.808732
48105	10258	3	1	3	3	1	3	0.0	2	2013	12	7	6	11.0	14	0	0	2	7679	1.779444444	0.580277778	0.200277778	0.0	0.55	0.0	0	0.3483333329999999	0.0	1.37	0.0	0.456938
48115	10262	0	0	1	3	6	1	1.0	2	2013	12	7	6	10.0	34	1	1	0	1118	0.293055556	0.096388889	0.180277778	0.0	0.0536111109999999	0.0	0	0.106111111	1.5	0.22	0.0	0.172775
48124	10264	0	2	3	5	1	1	1.0	2	2013	12	7	6	12.85	61	1	1	1	852	0.217222222	0.06	0.029166667	0.0	0.080277778	0.0	0	0.076666667	1.5	0.19	0.0	0.257246
48147	10268	2	0	3	3	1	5	0.0	2	2013	12	7	6	9.916666667	7	1	0	1	12141	2.984166667	0.997222222	0.080833333	0.2666666669999999	0.197777778	0.245277778	2	0.6738888890000001	0.0	2.04	10.5	0.646331
48148	10268	2	1	3	3	1	5	0.0	2	2013	12	7	6	19.0	7	1	0	1	12141	2.958333333	0.893333333	0.128611111	0.333333333	0.065277778	0.3	2	0.7555555559999999	0.0	2.12	0.0	0.647794
48157	10271	2	2	4	3	2	5	0.0	2	2013	12	8	7	16.0	6	0	0	1	677	0.249444444	0.085833333	0.093888889	0.0	0.033333333	0.0	0	0.073055556	0.0	0.17	0.0	0.148289
48164	10272	0	5	4	3	6	1	1.0	2	2013	12	8	7	0.0	36	1	0	0	6127	1.386666667	0.384722222	0.071388889	0.0	0.283333333	0.0	0	0.253888889	1.5	0.82	0.0	0.317287
48182	10278	0	0	4	3	1	5	0.0	2	2013	12	8	7	8.0	63	1	1	2	7861	1.785555556	0.58	0.1694444439999999	0.0	0.375555556	0.081111111	1	0.2975	0.0	1.23	0.0	0.30719
48197	10283	0	1	4	3	6	1	1.0	2	2013	12	8	7	18.0	37	0	1	0	6326	1.555833333	0.607777778	0.149166667	0.0	0.408055556	0.1769444439999999	1	0.322777778	3.0	0.96	0.0	0.549053
48206	10285	0	2	1	3	6	1	1.0	2	2013	12	8	7	18.33333333	43	0	0	0	847	0.232222222	0.078055556	0.126388889	0.0	0.046666667	0.0	0	0.066944444	1.5	0.19	0.0	0.290456
48221	10288	2	1	4	4	1	1	1.0	2	2013	12	8	7	12.0	24	0	1	1	12314	2.893888889	0.821666667	0.3519444439999999	0.35	0.1541666669999999	0.1	1	0.448611111	4.3	1.72	0.0	0.478638
48235	10293	0	1	1	5	1	5	0.0	2	2013	12	9	1	13.91666667	69	1	0	1	362	0.105	0.0252777779999999	0.049722222	0.0	0.055	0.0	0	0.0705555559999999	0.0	0.16	0.0	0.0472441
48241	10294	1	1	4	1	1	1	1.0	2	2013	12	9	1	17.25	51	1	1	1	3686	0.865833333	0.25	0.087777778	0.2666666669999999	0.2	0.083333333	1	0.158888889	3.0	0.59	0.0	0.134615
48245	10295	0	1	1	3	6	4	1.0	2	2013	12	9	1	17.0	33	1	1	0	1348	0.335555556	0.100277778	0.068055556	0.0	0.1	0.0	0	0.095555556	1.5	0.28	0.0	0.2383719999999999
48257	10299	0	0	3	3	6	5	0.0	2	2013	12	9	1	10.0	72	1	1	0	2433	0.539444444	0.191944444	0.106944444	0.0	0.121388889	0.0	0	0.161944444	0.0	0.4	0.0	0.4596909999999999
48262	10300	2	1	3	3	6	5	0.0	2	2013	12	9	1	12.0	6	0	0	0	3406	0.8411111109999999	0.258333333	0.053333333	0.133333333	0.0505555559999999	0.1016666669999999	1	0.293055556	0.0	0.7	0.0	0.647393
48272	10305	0	0	1	3	6	5	0.0	2	2013	12	9	1	11.5	69	1	1	0	1861	0.5594444439999999	0.163888889	0.3727777779999999	0.0	0.0866666669999999	0.0	0	0.132777778	0.0	0.39	0.0	0.106695
48295	10309	2	3	1	3	1	1	1.0	2	2013	12	9	1	21.51666667	46	0	0	1	670	0.1772222219999999	0.079444444	0.12	0.0	0.016666667	0.0	0	0.081111111	1.5	0.2	0.0	0.0205479
48302	10311	0	0	3	4	6	5	0.0	2	2013	12	9	1	12.5	64	0	1	0	2396	0.588333333	0.18	0.205555556	0.05	0.0	0.0	0	0.1863888889999999	0.0	0.42	0.0	0.292101
48303	10311	0	1	3	4	6	5	0.0	2	2013	12	9	1	14.5	64	0	1	0	2396	0.592777778	0.168611111	0.1963888889999999	0.05	0.0	0.0	0	0.1744444439999999	0.0	0.41	0.0	0.288217
48330	10317	0	3	4	4	1	1	1.0	2	2013	12	10	2	14.66666667	50	0	1	2	3126	0.8413888890000001	0.302222222	0.066111111	0.0	0.283611111	0.1166666669999999	1	0.144166667	3.0	0.54	0.0	0.204239
48333	10317	1	4	3	4	1	1	1.0	2	2013	12	10	2	16.0	56	1	1	2	3835	0.993055556	0.293888889	0.127222222	0.0	0.5111111110000001	0.0	0	0.299444444	1.5	0.77	10.5	0.716141
48339	10319	0	2	4	3	1	5	0.0	2	2013	12	10	2	12.83333333	74	0	1	2	2144	0.561111111	0.228055556	0.2525	0.0	0.0436111109999999	0.0	0	0.097222222	0.0	0.34	0.0	0.117143
48350	10322	0	0	1	3	1	5	0.0	2	2013	12	10	2	10.0	53	0	1	1	1186	0.309722222	0.1036111109999999	0.140555556	0.0	0.066666667	0.0	0	0.086944444	0.0	0.23	0.0	0.2268369999999999
48353	10322	1	1	4	1	1	1	1.0	2	2013	12	10	2	14.0	49	1	1	1	13372	3.305	1.364444444	0.108611111	0.1166666669999999	0.724722222	0.233333333	2	0.51	4.9	3.4	0.0	0.263072
48357	10324	0	1	4	4	1	1	1.0	2	2013	12	10	2	15.25	56	0	1	2	4317	1.0794444440000002	0.2894444439999999	0.5841666670000001	0.0	0.169166667	0.0	0	0.272222222	1.5	0.97	0.0	0.113265
48368	10326	1	0	3	1	1	1	1.0	2	2013	12	10	2	8.5	44	0	1	1	9746	2.246666667	0.7647222220000001	0.240555556	0.416666667	0.0	0.0	0	0.742777778	3.5	1.81	10.5	0.916978
48371	10326	2	1	3	5	1	1	1.0	2	2013	12	10	2	9.0	21	1	0	1	5027	1.156666667	0.334166667	0.0608333329999999	0.0	0.586944444	0.058888889	1	0.306111111	3.0	0.85	0.0	0.719601
48381	10326	4	1	1	2	1	5	0.0	2	2013	12	10	2	15.33333333	7	0	0	1	135	0.068888889	0.037222222	0.0433333329999999	0.0	0.022222222	0.0	0	0.025	0.0	0.05	0.0	0.188889
48383	10326	5	0	1	2	1	5	0.0	2	2013	12	10	2	8.75	7	1	0	1	135	0.062222222	0.066666667	0.049444444	0.0	0.021111111	0.0	0	0.064166667	0.0	0.13	0.0	0.307359
48408	10330	1	0	3	2	2	1	1.0	2	2013	12	10	2	7.5	33	1	0	1	3724	0.904166667	0.266944444	0.180555556	0.05	0.126111111	0.108611111	1	0.285277778	3.2	0.57	0.0	0.589094
48437	10336	0	0	4	3	6	1	1.0	2	2013	12	11	3	19.0	22	1	0	0	3376	0.7958333329999999	0.211111111	0.2575	0.1	0.0	0.0	0	0.255833333	1.5	0.59	0.0	0.305103
48452	10339	1	2	4	3	1	1	1.0	2	2013	12	11	3	23.5	32	1	1	2	3811	0.923611111	0.25	0.165277778	0.0	0.211666667	0.0	0	0.1963888889999999	1.5	0.64	0.0	0.319661
48493	10348	0	0	1	3	1	5	0.0	2	2013	12	11	3	14.0	65	0	1	1	1854	0.495555556	0.1625	0.186944444	0.0	0.090833333	0.0	0	0.1072222219999999	0.0	0.33	0.0	0.0725388999999999
48494	10348	0	1	1	3	1	5	0.0	2	2013	12	11	3	14.51666667	65	0	1	1	1854	0.4819444439999999	0.1575	0.193055556	0.0	0.092777778	0.0	0	0.094444444	0.0	0.32	0.0	0.0441176
48509	10349	1	0	4	3	1	1	1.0	2	2013	12	12	4	9.0	42	1	1	1	3992	0.963611111	0.366111111	0.093888889	0.15	0.271111111	0.1	1	0.249444444	3.2	0.83	0.0	0.306236
48525	10352	0	2	4	5	1	5	0.0	2	2013	12	12	4	12.0	89	0	1	2	5330	1.2661111109999998	0.386944444	0.0633333329999999	0.0	0.48	0.0	0	0.3125	0.0	0.94	0.0	0.303111
48545	10355	0	9	4	3	6	1	0.5	2	2013	12	12	4	16.66666667	26	1	0	0	1015	0.334722222	0.098888889	0.153055556	0.0	0.06	0.0	0	0.088888889	0.75	0.22	0.0	0.2125
48556	10358	0	3	1	1	6	1	1.0	2	2013	12	12	4	20.0	25	1	0	0	609	0.195	0.0841666669999999	0.13	0.0	0.026666667	0.0	0	0.082777778	1.5	0.21	0.0	0.446309
48558	10359	0	1	1	1	6	1	1.0	2	2013	12	12	4	14.0	43	1	0	0	592	0.233333333	0.0872222219999999	0.160833333	0.0	0.031111111	0.0	0	0.0875	1.5	0.18	0.0	0.428571
48559	10359	1	0	3	1	6	5	0.0	2	2013	12	12	4	8.5	22	1	0	0	5014	1.321111111	0.3263888889999999	0.126388889	0.0	0.433333333	0.0	0	0.189722222	0.0	0.77	0.0	0.310395
48562	10360	0	4	3	3	6	1	1.0	2	2013	12	12	4	23.5	25	0	1	0	6465	1.61	0.628888889	0.1036111109999999	0.2	0.114444444	0.183333333	2	0.421666667	3.9	1.08	0.0	0.544137
48575	10364	1	2	4	5	1	1	1.0	2	2013	12	13	5	11.0	43	1	1	1	2937	0.692222222	0.195	0.094444444	0.0	0.275	0.0	0	0.225277778	1.5	0.55	0.0	0.199753
48625	10372	1	2	3	1	6	1	1.0	2	2013	12	13	5	20.0	40	0	1	0	2661	0.7230555559999999	0.2072222219999999	0.068055556	0.0	0.276666667	0.12	1	0.203055556	3.0	0.5	0.0	0.404925
48628	10372	3	0	3	2	6	5	0.0	2	2013	12	13	5	8.0	10	0	0	0	2613	0.68	0.199444444	0.105277778	0.0	0.585833333	0.0	0	0.1675	0.0	0.52	0.0	0.542289
48642	10376	0	2	3	3	6	1	1.0	2	2013	12	13	5	18.0	27	1	0	0	2029	0.556666667	0.159722222	0.070277778	0.016666667	0.105	0.097777778	1	0.221111111	3.2	0.44	0.0	0.611809
48663	10380	0	0	3	3	6	1	1.0	2	2013	12	13	5	12.0	49	1	0	0	9031	2.202777778	0.73	0.111666667	0.166666667	0.5425	0.1	1	0.808333333	3.9	1.75	10.5	0.647766
48681	10383	0	1	3	5	2	1	1.0	2	2013	12	13	5	8.5	38	0	1	1	9402	2.166666667	0.777222222	0.178333333	0.3833333329999999	0.0	0.0	0	0.719166667	3.3	1.52	10.5	0.684048
48684	10383	0	4	4	3	2	1	1.0	2	2013	12	13	5	23.0	38	0	1	1	2062	0.525833333	0.165555556	0.156388889	0.0	0.110833333	0.0	0	0.139444444	1.5	0.33	0.0	0.0896414
48685	10383	1	1	4	2	2	1	1.0	2	2013	12	13	5	9.416666667	38	1	1	1	669	0.163055556	0.048888889	0.089444444	0.0	0.059166667	0.0	0	0.066666667	1.5	0.14	0.0	0.208333
48692	10383	1	10	4	3	2	1	1.0	2	2013	12	13	5	20.36666667	38	1	1	1	2062	0.533888889	0.165277778	0.126111111	0.0	0.167777778	0.0	0	0.1425	1.5	0.32	0.0	0.194932
48703	10384	0	0	1	3	1	1	1.0	2	2013	12	13	5	12.0	46	1	1	2	766	0.171388889	0.072777778	0.0275	0.0	0.1066666669999999	0.0	0	0.085833333	1.5	0.19	0.0	0.158576
48708	10384	1	7	3	5	1	5	0.0	2	2013	12	13	5	18.33333333	10	1	0	2	7126	1.603333333	0.485	0.186111111	0.0	0.5772222220000001	0.0	0	0.483611111	0.0	1.23	0.0	0.676048
48709	10384	1	8	3	5	1	5	0.0	2	2013	12	13	5	22.0	10	1	0	2	7126	1.646388889	0.543888889	0.111111111	0.0	0.558333333	0.0	0	0.3852777779999999	0.0	1.11	0.0	0.55876
48744	10390	0	6	4	3	6	5	0.0	2	2013	12	14	6	15.13333333	66	1	0	0	3647	0.8038888890000001	0.251388889	0.192777778	0.0	0.182777778	0.0	0	0.165277778	0.0	0.49	0.0	0.42521
48758	10394	0	2	1	5	2	1	1.0	2	2013	12	14	6	16.58333333	48	0	1	1	563	0.121111111	0.054722222	0.0725	0.0	0.0433333329999999	0.0	0	0.059722222	1.5	0.13	0.0	0.283721
48765	10394	2	3	4	3	2	3	0.0	2	2013	12	14	6	17.25	14	1	0	1	1570	0.423611111	0.110833333	0.189722222	0.0	0.148611111	0.0	0	0.126388889	0.0	0.3	0.0	0.167033
48767	10394	3	2	1	5	2	5	0.0	2	2013	12	14	6	16.58333333	10	1	0	1	563	0.121111111	0.054722222	0.0725	0.0	0.0433333329999999	0.0	0	0.059722222	0.0	0.13	0.0	0.283721
48772	10396	0	0	4	1	1	1	1.0	2	2013	12	15	7	10.0	58	1	1	1	1705	0.439722222	0.141388889	0.0605555559999999	0.0	0.1325	0.0	0	0.143055556	1.5	0.39	0.0	0.15534
48778	10397	1	1	4	5	1	1	1.0	2	2013	12	15	7	12.5	38	1	0	1	4514	1.080833333	0.348888889	0.11	0.0	0.316666667	0.0	0	0.240833333	1.5	0.83	0.0	0.204152
48799	10402	1	1	4	1	1	1	1.0	2	2013	12	15	7	9.75	19	0	1	1	5993	1.460833333	0.433333333	0.244722222	0.0	0.4	0.0	0	0.340277778	1.5	1.25	0.0	0.179592
48811	10404	0	1	3	3	2	1	1.0	2	2013	12	15	7	13.16666667	38	0	1	2	2224	0.5125	0.165833333	0.274722222	0.016666667	0.0	0.0	0	0.201388889	1.5	0.35	0.0	0.38069
48855	10415	0	0	4	1	1	1	1.0	2	2013	12	16	1	8.0	50	1	1	2	2918	0.746944444	0.278888889	0.0575	0.0	0.264444444	0.15	1	0.1988888889999999	3.0	0.55	0.0	0.297486
48856	10415	0	1	4	1	1	1	1.0	2	2013	12	16	1	17.0	50	1	1	2	2918	0.7516666670000001	0.273611111	0.2663888889999999	0.0	0.227777778	0.0	0	0.2022222219999999	1.5	0.57	0.0	0.221154
48862	10418	0	0	3	4	6	1	1.0	2	2013	12	16	1	15.0	30	0	0	0	5255	1.259166667	0.4377777779999999	0.274444444	0.2166666669999999	0.0	0.0	0	0.475	2.4	0.98	10.5	0.6789470000000001
48865	10418	0	3	3	3	6	1	1.0	2	2013	12	16	1	23.5	30	0	0	0	11549	2.625	0.927777778	0.245833333	0.6	0.0	0.0	0	0.503611111	2.4	1.75	0.0	0.569774
48900	10429	0	0	1	3	2	5	0.0	2	2013	12	17	2	12.0	60	0	1	2	1060	0.2919444439999999	0.074166667	0.126111111	0.0	0.054166667	0.0	0	0.053333333	0.0	0.16	0.0	0.0729166999999999
48901	10429	0	1	1	3	2	5	0.0	2	2013	12	17	2	12.5	60	0	1	2	1060	0.293333333	0.071944444	0.1325	0.0	0.051944444	0.0	0	0.054722222	0.0	0.18	0.0	0.0406091
48908	10430	1	2	3	1	1	2	0.0	2	2013	12	17	2	17.25	16	0	0	2	5265	1.254722222	0.391944444	0.027222222	0.0	0.4513888889999999	0.0	0	0.32	0.0	0.93	0.0	0.292535
48940	10437	0	0	3	1	2	1	1.0	2	2013	12	17	2	9.0	27	1	1	2	2304	0.526388889	0.161666667	0.116111111	0.0	0.232222222	0.0	0	0.165	1.5	0.38	0.0	0.547138
48956	10441	1	3	3	1	2	1	1.0	2	2013	12	17	2	18.08333333	41	1	0	1	1885	0.5541666670000001	0.181111111	0.033888889	0.0	0.17	0.0	0	0.195	1.5	0.45	0.0	0.343305
48969	10443	0	5	4	3	1	1	1.0	2	2013	12	17	2	17.5	37	1	1	1	4572	1.12	0.366944444	0.085277778	0.0	0.5061111110000001	0.0	0	0.272777778	1.5	0.85	0.0	0.416497
48985	10446	1	1	3	2	6	1	1.0	2	2013	12	17	2	8.883333333	39	1	0	0	5610	1.320833333	0.415277778	0.274722222	0.2	0.0	0.0	0	0.401944444	1.7	0.99	0.0	0.6662060000000001
48995	10447	2	1	1	2	2	5	0.0	2	2013	12	18	3	15.58333333	9	0	0	1	619	0.166111111	0.041388889	0.078888889	0.0	0.058888889	0.0	0	0.063055556	0.0	0.11	0.0	0.167401
49006	10451	1	2	4	3	1	5	0.0	2	2013	12	18	3	15.0	76	1	0	1	2515	0.7488888890000001	0.219722222	0.097222222	0.0	0.308055556	0.073055556	1	0.216944444	0.0	0.65	0.0	0.2112679999999999
49027	10455	2	0	4	2	1	3	0.0	2	2013	12	18	3	8.166666667000001	15	0	0	1	1823	0.564722222	0.166388889	0.399444444	0.0	0.175	0.0	0	0.1722222219999999	0.0	0.46	0.0	0.345161
49042	10461	0	1	1	3	1	5	0.0	2	2013	12	18	3	10.5	70	1	1	1	526	0.1155555559999999	0.037222222	0.054444444	0.0	0.049444444	0.0	0	0.042222222	0.0	0.1	0.0	0.513158
49068	10465	1	0	4	3	2	5	0.0	2	2013	12	18	3	8.166666667000001	69	0	1	2	1933	0.594166667	0.197222222	0.0736111109999999	0.0	0.1891666669999999	0.0	0	0.170555556	0.0	0.42	0.0	0.399023
49071	10467	0	0	1	1	6	1	1.0	2	2013	12	18	3	8.333333332999999	28	1	0	0	1054	0.303888889	0.113333333	0.173611111	0.0	0.066666667	0.0	0	0.140555556	1.5	0.28	0.0	0.648221
49086	10469	1	1	1	2	6	5	0.0	2	2013	12	18	3	15.33333333	10	0	0	0	1127	0.294722222	0.0925	0.165555556	0.0	0.083333333	0.0	0	0.0897222219999999	0.0	0.21	0.0	0.3003099999999999
49106	10472	2	1	4	2	1	5	0.0	2	2013	12	18	3	15.25	9	1	0	1	2009	0.505277778	0.1819444439999999	0.131666667	0.05	0.063888889	0.1166666669999999	1	0.155833333	0.0	0.44	0.0	0.231729
49127	10479	0	1	4	1	3	5	0.0	2	2013	12	19	4	16.0	85	0	1	2	4603	1.0825	0.3125	0.128888889	0.0	0.502777778	0.1166666669999999	1	0.288888889	0.0	0.8	0.0	0.4221149999999999
49154	10488	0	2	1	2	6	1	1.0	2	2013	12	20	5	15.0	46	1	0	0	1143	0.315277778	0.0991666669999999	0.283055556	0.0	0.021944444	0.0	0	0.1186111109999999	1.5	0.3	0.0	0.0960187
49181	10493	0	0	3	3	6	5	0.0	2	2013	12	21	6	10.5	66	0	0	0	710	0.175277778	0.075833333	0.113055556	0.0	0.03	0.0	0	0.0777777779999999	0.0	0.16	0.0	0.0642857
49188	10494	0	3	4	3	1	1	1.0	2	2013	12	21	6	18.5	39	0	1	1	2752	0.8019444440000001	0.2344444439999999	0.285277778	0.0	0.313888889	0.0	0	0.240833333	1.5	0.74	0.0	0.247982
49196	10496	2	2	3	3	2	1	1.0	2	2013	12	21	6	15.0	45	1	0	1	1944	0.611111111	0.183333333	0.075277778	0.0	0.272222222	0.0	0	0.1925	1.5	0.42	0.0	0.266955
49208	10498	0	4	1	5	6	1	1.0	2	2013	12	21	6	11.75	37	1	1	0	4126	0.995	0.406111111	0.067777778	0.0	0.4169444439999999	0.0	0	0.348611111	1.5	0.81	10.5	0.921912
49223	10502	0	0	4	3	2	1	1.0	2	2013	12	21	6	10.5	37	1	1	1	2537	0.578888889	0.153888889	0.1025	0.0	0.149444444	0.0	0	0.1863888889999999	1.5	0.38	0.0	0.23845
49238	10503	3	7	1	3	2	2	0.0	2	2013	12	21	6	22.0	16	0	0	1	540	0.149166667	0.056666667	0.1172222219999999	0.0	0.016666667	0.0	0	0.038611111	0.0	0.09	0.0	0.1151079999999999
49246	10505	1	4	1	3	1	1	1.0	2	2013	12	22	7	16.16666667	31	0	1	1	875	0.235277778	0.075	0.1011111109999999	0.0	0.1166666669999999	0.0	0	0.064166667	1.5	0.2	0.0	0.251082
49265	10510	5	0	3	3	1	3	0.0	2	2013	12	26	4	10.0	15	1	0	1	2832	0.784166667	0.2525	0.12	0.0	0.233333333	0.0	0	0.173888889	0.0	0.53	0.0	0.252396
49277	10512	2	1	4	3	1	5	0.0	2	2013	12	26	4	17.0	5	0	0	1	2704	0.626111111	0.2069444439999999	0.064166667	0.0	0.258055556	0.0	0	0.194444444	0.0	0.48	0.0	0.68
49283	10516	2	1	1	4	2	1	1.0	2	2013	12	27	5	16.0	35	1	0	1	1309	0.371111111	0.141944444	0.241666667	0.0	0.091666667	0.0	0	0.1411111109999999	1.5	0.27	10.5	0.63189
49286	10517	0	2	4	5	2	1	1.0	2	2013	12	27	5	14.33333333	33	1	1	2	5048	1.282777778	0.4327777779999999	0.0308333329999999	0.0	0.5708333329999999	0.0	0	0.324722222	1.5	0.82	0.0	0.402053
49316	10526	0	5	1	3	6	1	1.0	2	2013	12	27	5	21.51666667	57	0	1	0	1085	0.280833333	0.103333333	0.052222222	0.0	0.095	0.0	0	0.083611111	1.5	0.2	0.0	0.461794
49324	10531	0	1	4	3	1	1	1.0	2	2013	12	28	6	9.5	47	1	0	1	3593	0.8625	0.283611111	0.198055556	0.0	0.1555555559999999	0.0	0	0.201388889	1.5	0.59	0.0	0.177931
49342	10534	1	3	4	3	2	1	1.0	2	2013	12	28	6	18.91666667	34	0	1	2	1540	0.412222222	0.131944444	0.0897222219999999	0.0	0.196666667	0.072222222	1	0.0866666669999999	3.0	0.24	0.0	0.0673077
49354	10538	0	0	4	3	1	1	1.0	2	2013	12	28	6	9.0	26	1	1	2	4216	1.181944444	0.427222222	0.140277778	0.0	0.445555556	0.166666667	1	0.218333333	3.0	0.85	0.0	0.195929
49399	10546	0	1	4	3	1	5	0.0	2	2013	12	29	7	9.0	64	0	1	1	1281	0.4225	0.161111111	0.118333333	0.0	0.096388889	0.0	0	0.123611111	0.0	0.35	0.0	0.211236
49403	10546	1	3	4	3	1	5	0.0	2	2013	12	29	7	20.5	63	1	1	1	6840	1.596944444	0.497222222	0.169166667	0.0	0.436111111	0.0605555559999999	1	0.385	0.0	1.13	0.0	0.424964
49420	10552	0	1	4	1	1	5	0.0	2	2013	12	30	1	13.25	60	1	1	1	3846	0.926111111	0.2725	0.088888889	0.0	0.2666666669999999	0.0	0	0.176111111	0.0	0.63	0.0	0.165615
49428	10553	2	1	3	1	2	1	1.0	2	2013	12	30	1	23.0	28	0	0	1	13669	3.3775	1.053611111	0.1575	0.083333333	0.7163888890000001	0.195	2	0.416666667	4.5	2.14	0.0	0.196
49435	10555	0	1	3	3	6	1	1.0	2	2013	12	30	1	21.5	26	0	1	0	5077	1.229444444	0.4352777779999999	0.092777778	0.166666667	0.2166666669999999	0.083333333	1	0.3863888889999999	3.9	0.97	0.0	0.4867
49453	10560	3	0	4	3	1	1	1.0	2	2013	12	31	2	18.01666667	32	0	1	1	2885	0.938888889	0.291666667	0.581666667	0.0	0.143333333	0.0	0	0.203333333	1.5	0.63	0.0	0.2554639999999999
49464	10563	2	0	1	3	1	1	1.0	2	2014	1	1	3	14.0	25	0	1	1	1195	0.3075	0.091111111	0.073055556	0.0	0.111111111	0.0	0	0.0886111109999999	1.5	0.27	0.0	0.1159869999999999
49465	10563	2	1	1	3	1	1	1.0	2	2014	1	1	3	14.5	25	0	1	1	1195	0.305555556	0.105833333	0.078333333	0.0	0.1255555559999999	0.0	0	0.079444444	1.5	0.26	0.0	0.0314685
49474	10567	0	0	4	3	1	1	1.0	2	2014	1	1	3	9.25	27	1	1	2	7000	1.586111111	0.441666667	0.133055556	0.0	0.485277778	0.164722222	1	0.414722222	3.0	1.23	0.0	0.478232
49548	10585	0	2	3	3	1	5	0.0	2	2014	1	2	4	10.91666667	65	1	1	1	1126	0.336944444	0.126111111	0.120555556	0.0	0.115	0.0	0	0.075	0.0	0.24	0.0	0.1333329999999999
49549	10585	1	1	1	5	1	5	0.0	2	2014	1	2	4	10.66666667	68	0	1	1	722	0.1988888889999999	0.09	0.064166667	0.0	0.043888889	0.0	0	0.064166667	0.0	0.21	0.0	0.220779
49573	10592	0	0	4	1	1	1	1.0	2	2014	1	3	5	11.0	47	0	1	2	9556	2.7075	0.842777778	0.310833333	0.9	0.0	0.2166666669999999	1	0.4563888889999999	1.9	1.64	0.0	0.155813
49590	10595	0	0	4	4	1	1	1.0	2	2014	1	3	5	7.0	59	1	1	1	1961	0.531666667	0.178055556	0.1186111109999999	0.0	0.2119444439999999	0.0	0	0.128888889	1.5	0.39	0.0	0.153017
49663	10613	0	3	1	5	2	1	1.0	2	2014	1	4	6	15.0	39	1	1	2	385	0.093611111	0.050833333	0.0425	0.0	0.064166667	0.0	0	0.106944444	1.5	0.15	10.5	0.241558
49699	10620	0	5	3	5	6	1	1.0	2	2014	1	4	6	19.75	35	0	0	0	11988	2.685555556	0.8916666670000001	0.093333333	0.35	0.0	0.133333333	1	0.910277778	6.2	2.11	0.0	0.711932
49700	10620	0	7	3	3	6	1	1.0	2	2014	1	4	6	21.5	35	0	0	0	4569	1.091388889	0.324166667	0.244166667	0.1	0.0	0.0	0	0.324166667	1.5	0.87	0.0	0.35647
49729	10625	1	1	4	3	5	1	1.0	2	2014	1	5	7	14.16666667	37	1	1	2	1009	0.339166667	0.098611111	0.071388889	0.0	0.1066666669999999	0.0	0	0.1125	1.5	0.37	0.0	0.1111109999999999
49759	10631	2	1	3	1	6	1	1.0	2	2014	1	5	7	18.83333333	59	0	1	0	12006	2.8683333330000003	0.980277778	0.184722222	0.25	0.398055556	0.183333333	2	0.715555556	4.5	1.96	0.0	0.485637
49842	10651	2	1	1	2	1	4	0.5	2	2014	1	6	1	12.0	18	0	0	1	1202	0.389166667	0.123611111	0.240555556	0.0	0.044444444	0.0	0	0.116388889	0.75	0.32	0.0	0.22673
49846	10652	0	1	3	5	1	5	0.0	2	2014	1	6	1	13.16666667	70	1	1	1	10645	2.482222222	0.7927777779999999	0.161111111	0.433333333	0.0	0.1166666669999999	1	0.755277778	0.0	1.95	10.5	0.515999
49856	10655	0	1	4	3	1	5	0.0	2	2014	1	6	1	16.5	56	0	1	2	7822	1.933611111	0.577777778	0.2072222219999999	0.2	0.475277778	0.1166666669999999	1	0.515555556	0.0	1.42	0.0	0.424569
49857	10656	0	0	4	3	2	1	1.0	2	2014	1	6	1	19.5	30	1	1	2	8308	2.059722222	0.658333333	0.3677777779999999	0.2166666669999999	0.0	0.0	0	0.480555556	1.5	1.59	0.0	0.387283
49889	10663	1	0	3	3	1	5	0.0	2	2014	1	7	2	10.5	80	1	1	2	7075	1.733333333	0.5275	0.132777778	0.0	0.4758333329999999	0.0	0	0.404166667	0.0	1.46	0.0	0.202749
49905	10666	1	5	4	4	1	1	1.0	2	2014	1	7	2	12.33333333	37	0	1	1	6127	1.576388889	0.479722222	0.203888889	0.0	0.474722222	0.078888889	1	0.375555556	3.0	1.2	0.0	0.383136
49923	10670	0	5	1	3	1	5	0.0	2	2014	1	7	2	11.0	62	0	1	1	768	0.241666667	0.101944444	0.168888889	0.0	0.055277778	0.0	0	0.1180555559999999	0.0	0.3	0.0	0.164706
49965	10681	0	0	1	3	6	1	1.0	2	2014	1	7	2	11.5	41	1	1	0	1760	0.446666667	0.192777778	0.111666667	0.066666667	0.0	0.0	0	0.295555556	2.4	0.5	10.5	0.676692
49972	10683	1	1	3	1	6	1	1.0	2	2014	1	8	3	16.75	45	1	0	0	12080	2.960277778	0.8180555559999999	0.280555556	0.45	0.0	0.0	0	0.5972222220000001	3.9	1.8	0.0	0.655814
50017	10693	0	2	3	5	6	1	1.0	2	2014	1	8	3	17.08333333	53	1	1	1	5858	1.435277778	0.510833333	0.29	0.25	0.0	0.066666667	1	0.503888889	2.9	1.05	10.5	0.7293270000000001
50020	10693	3	1	1	2	6	5	0.0	2	2014	1	8	3	17.66666667	8	0	0	1	473	0.178333333	0.072222222	0.133333333	0.0	0.022777778	0.0	0	0.079166667	0.0	0.15	0.0	0.463158
50031	10695	2	0	3	2	6	3	0.0	2	2014	1	8	3	7.5	11	1	0	0	3901	0.9325	0.298888889	0.096666667	0.0	0.312777778	0.0	0	0.205277778	0.0	0.58	0.0	0.3748309999999999
50041	10696	1	7	4	2	1	5	0.0	2	2014	1	8	3	15.66666667	71	0	1	2	4013	1.050277778	0.337777778	0.3266666669999999	0.0	0.333333333	0.0	0	0.274166667	0.0	0.79	0.0	0.426545
50060	10702	0	4	3	3	6	4	1.0	2	2014	1	8	3	22.33333333	26	1	1	0	6424	1.588333333	0.576388889	0.231388889	0.0	0.496666667	0.0	0	0.484166667	1.5	1.22	0.0	0.496845
50077	10707	1	1	4	5	2	1	1.0	2	2014	1	9	4	12.0	35	0	1	1	408	0.1325	0.043888889	0.035	0.0	0.054722222	0.0	0	0.0505555559999999	1.5	0.09	0.0	0.230769
50092	10709	0	5	4	3	1	5	0.0	2	2014	1	9	4	22.33333333	67	1	1	1	2588	0.6397222220000001	0.208888889	0.471666667	0.0	0.044722222	0.0	0	0.133333333	0.0	0.42	0.0	0.0541666999999999
50111	10715	0	1	3	5	6	5	0.0	2	2014	1	9	4	10.0	71	0	0	0	484	0.2025	0.05	0.116111111	0.0	0.0352777779999999	0.0	0	0.0575	0.0	0.15	0.0	0.0628019
50143	10721	3	0	4	2	1	3	0.0	2	2014	1	10	5	8.0	14	1	0	1	1532	0.39	0.120277778	0.248611111	0.0	0.15	0.0	0	0.108888889	0.0	0.28	0.0	0.234694
50144	10721	3	1	3	2	1	3	0.0	2	2014	1	10	5	14.91666667	14	1	0	1	1532	0.368888889	0.093055556	0.240277778	0.0	0.1166666669999999	0.0	0	0.082777778	0.0	0.25	0.0	0.0872483
50158	10726	0	3	3	3	6	1	1.0	2	2014	1	10	5	22.0	23	0	1	0	13079	3.092222222	0.953888889	0.121388889	0.6166666670000001	0.0	0.083333333	1	0.5975	2.8	1.88	0.0	0.60344
50199	10737	1	0	1	3	6	1	1.0	2	2014	1	10	5	12.0	48	0	1	0	1051	0.2691666669999999	0.0775	0.1022222219999999	0.0	0.0925	0.0	0	0.094166667	1.5	0.22	0.0	0.153392
50217	10739	2	1	4	5	1	5	0.0	2	2014	1	10	5	15.16666667	10	0	0	1	1923	0.5019444439999999	0.141388889	0.0625	0.0	0.146388889	0.0	0	0.132777778	0.0	0.39	0.0	0.161088
50228	10741	1	0	3	1	6	1	1.0	2	2014	1	10	5	9.0	31	1	0	0	9080	2.124722222	0.703333333	0.097777778	0.233333333	0.2094444439999999	0.1	1	0.728611111	4.4	1.62	10.5	0.6347689999999999
50231	10742	0	1	3	3	6	5	0.0	2	2014	1	10	5	12.66666667	72	0	0	0	6566	1.532222222	0.487777778	0.111111111	0.283333333	0.0	0.1	1	0.2919444439999999	0.0	1.03	0.0	0.409134
50268	10750	2	2	4	2	2	2	0.0	2	2014	1	10	5	15.33333333	16	0	0	2	1562	0.4744444439999999	0.161388889	0.134722222	0.0	0.069166667	0.0	0	0.077222222	0.0	0.24	0.0	0.0467625999999999
50298	10754	0	0	4	1	2	1	1.0	2	2014	1	11	6	9.0	36	0	1	2	9721	2.206388889	0.668055556	0.153055556	0.433333333	0.0	0.0	0	0.403888889	2.8	1.32	0.0	0.511692
50304	10755	0	2	1	5	6	5	0.0	2	2014	1	11	6	12.91666667	65	1	0	0	540	0.124166667	0.058333333	0.015555556	0.0	0.048055556	0.0	0	0.075	0.0	0.11	0.0	0.3407409999999999
50305	10755	0	3	1	3	6	5	0.0	2	2014	1	11	6	15.5	65	1	0	0	251	0.0608333329999999	0.033888889	0.0425	0.0	0.0194444439999999	0.0	0	0.0375	0.0	0.06	0.0	0.496296
50306	10756	0	0	4	3	1	1	1.0	2	2014	1	11	6	10.0	27	1	1	2	5423	1.305277778	0.378333333	0.095	0.0	0.6152777779999999	0.134722222	1	0.245	3.0	0.88	0.0	0.375283
50321	10759	0	2	1	3	6	4	1.0	2	2014	1	11	6	14.0	23	1	1	0	3360	0.8008333329999999	0.203055556	0.210833333	0.133333333	0.0	0.0	0	0.2372222219999999	1.55	0.58	0.0	0.350117
50351	10766	1	0	1	3	2	5	0.0	2	2014	1	12	7	10.5	64	1	1	1	1839	0.4575	0.1825	0.141944444	0.0	0.090555556	0.0	0	0.1225	0.0	0.26	0.0	0.29932
50372	10770	2	1	3	1	1	1	1.0	2	2014	1	12	7	16.0	21	0	0	1	5808	1.3375	0.555	0.0922222219999999	0.183333333	0.17	0.15	1	0.438055556	3.0	1.54	0.0	0.443881
50381	10773	0	0	4	3	1	5	0.0	2	2014	1	12	7	10.75	62	1	1	2	8028	2.029722222	0.617777778	0.215833333	0.2166666669999999	0.254722222	0.261944444	2	0.368333333	0.0	1.33	0.0	0.109351
50393	10776	0	2	3	3	2	5	0.0	2	2014	1	12	7	15.0	65	1	1	2	12014	2.9252777780000003	1.018055556	0.251666667	0.416666667	0.0	0.2166666669999999	2	0.708611111	0.0	1.78	0.0	0.6283810000000001
50402	10780	0	1	4	5	2	1	1.0	2	2014	1	13	1	7.666666667	39	0	1	2	6377	1.526388889	0.4175	0.205	0.25	0.065277778	0.183333333	1	0.323611111	4.0	0.91	0.0	0.298712
50406	10781	1	3	4	3	1	1	1.0	2	2014	1	13	1	23.75	25	1	1	2	3105	0.778055556	0.22	0.062222222	0.0	0.1875	0.0	0	0.118888889	1.5	0.48	0.0	0.0186916
50424	10786	0	1	3	3	6	5	0.0	2	2014	1	13	1	11.5	83	1	0	0	9316	2.081666667	0.6575	0.0825	0.0	0.7	0.0	0	0.401944444	0.0	1.28	0.0	0.418106
50473	10795	1	0	4	2	2	1	1.0	2	2014	1	13	1	8.5	33	0	1	1	2682	0.717777778	0.2175	0.155833333	0.0	0.183333333	0.0	0	0.188333333	1.5	0.45	0.0	0.318584
50489	10799	0	2	3	5	2	1	1.0	2	2014	1	13	1	16.0	34	1	0	1	2001	0.586666667	0.172777778	0.139166667	0.0	0.15	0.0	0	0.170555556	1.5	0.36	0.0	0.2557
50491	10799	1	3	4	3	2	1	1.0	2	2014	1	13	1	20.13333333	42	0	1	1	751	0.158611111	0.0358333329999999	0.05	0.0	0.033333333	0.0	0	0.024722222	1.5	0.08	0.0	0.146067
50504	10801	0	0	2	2	1	5	0.0	2	2014	1	13	1	14.75	74	0	1	1	1209	0.300555556	0.093888889	0.124444444	0.016666667	0.0	0.0	0	0.081944444	0.0	0.22	0.0	0.291525
50509	10802	0	0	1	1	1	1	1.0	2	2014	1	13	1	7.0	56	1	1	1	705	0.1925	0.063888889	0.131388889	0.0	0.016666667	0.0	0	0.046388889	1.5	0.13	0.0	0.2514969999999999
50517	10802	3	0	1	3	1	1	1.0	2	2014	1	13	1	16.0	23	0	0	1	641	0.185833333	0.065555556	0.0675	0.0	0.034166667	0.0	0	0.044444444	1.5	0.13	0.0	0.125
50520	10804	0	2	4	4	1	1	1.0	2	2014	1	14	2	9.0	33	1	1	1	3144	0.786388889	0.265	0.215277778	0.0	0.221944444	0.0	0	0.215277778	1.5	0.63	0.0	0.207742
50526	10805	0	1	1	5	6	1	1.0	2	2014	1	14	2	18.0	31	1	0	0	735	0.2763888889999999	0.1036111109999999	0.205	0.0	0.026666667	0.0	0	0.1222222219999999	1.5	0.24	10.5	0.295455
50548	10810	0	0	3	1	1	1	1.0	2	2014	1	14	2	7.666666667	46	1	1	2	8648	1.9525	0.609166667	0.278888889	0.316666667	0.1047222219999999	0.1166666669999999	1	0.644444444	4.8	1.62	10.5	0.874138
50549	10810	0	1	3	5	1	1	1.0	2	2014	1	14	2	18.16666667	46	1	1	2	8461	1.938611111	0.581944444	0.123055556	0.283333333	0.194444444	0.133333333	1	0.599722222	4.8	1.49	0.0	0.8540989999999999
50557	10813	2	1	1	2	1	3	0.0	2	2014	1	14	2	15.25	14	0	0	1	1656	0.441111111	0.109722222	0.111111111	0.0	0.083333333	0.0	0	0.126111111	0.0	0.37	0.0	0.15859
50570	10818	0	0	1	3	2	4	1.0	2	2014	1	14	2	12.0	43	1	0	1	591	0.170833333	0.055277778	0.06	0.0	0.046666667	0.0	0	0.056111111	1.5	0.11	0.0	0.173267
50581	10820	1	0	4	3	1	5	0.0	2	2014	1	14	2	6.333333333	64	0	1	1	2211	0.648888889	0.191111111	0.308611111	0.0	0.111111111	0.0	0	0.143333333	0.0	0.46	0.0	0.104651
50613	10826	1	1	4	3	1	1	1.0	2	2014	1	14	2	21.25	29	0	0	1	1578	0.340277778	0.190277778	0.0925	0.0	0.057222222	0.0	0	0.091388889	1.5	0.27	0.0	0.282675
50615	10827	0	1	3	3	6	5	0.0	2	2014	1	15	3	17.5	74	0	1	0	1837	0.4769444439999999	0.1838888889999999	0.143333333	0.0	0.278611111	0.0	0	0.216944444	0.0	0.43	0.0	0.413572
50664	10836	0	3	4	3	1	5	0.0	2	2014	1	15	3	16.0	60	0	1	1	8914	2.186666667	0.737222222	0.189444444	0.2666666669999999	0.0	0.2166666669999999	2	0.642222222	0.0	1.65	0.0	0.656574
50693	10842	1	0	4	1	1	1	1.0	2	2014	1	16	4	8.0	40	0	1	2	5740	1.4475	0.4638888889999999	0.199166667	0.083333333	0.215833333	0.2044444439999999	2	0.357222222	4.7	1.09	0.0	0.1438569999999999
50721	10847	0	1	3	3	2	1	0.0	2	2014	1	16	4	23.0	19	0	0	1	1384	0.295277778	0.0975	0.11	0.0	0.033333333	0.0	0	0.048055556	0.0	0.16	0.0	0.283237
50735	10851	1	1	4	3	1	5	0.0	2	2014	1	16	4	15.75	69	1	1	2	2019	0.676111111	0.2044444439999999	0.2125	0.05	0.132777778	0.066666667	1	0.178888889	0.0	0.55	0.0	0.107143
50819	10865	0	1	3	5	6	4	0.5	2	2014	1	16	4	18.75	32	0	1	0	8177	1.936944444	0.645555556	0.1011111109999999	0.0	0.740833333	0.061666667	1	0.611388889	1.5	1.34	0.0	0.767378
50851	10872	1	2	4	3	1	5	0.0	2	2014	1	17	5	17.0	62	0	1	2	607	0.136111111	0.028055556	0.0	0.0	0.031111111	0.0	0	0.029444444	0.0	0.09	0.0	0.0
50885	10880	2	1	3	1	2	1	1.0	2	2014	1	17	5	17.0	28	0	1	1	12679	2.712777778	0.799444444	0.3908333329999999	0.2	0.0	0.0	0	0.8666666670000001	3.9	2.19	10.5	0.624359
50890	10882	1	0	4	2	2	1	1.0	2	2014	1	17	5	7.25	40	1	1	2	4239	1.063611111	0.297222222	0.073055556	0.0	0.313333333	0.083333333	1	0.296666667	3.0	0.65	0.0	0.573034
50932	10893	0	4	3	5	6	5	0.0	2	2014	1	17	5	12.08333333	65	1	0	0	3271	0.733888889	0.223333333	0.036388889	0.0	0.296111111	0.0	0	0.179722222	0.0	0.47	0.0	0.525502
50974	10902	1	0	3	3	6	1	1.0	2	2014	1	18	6	15.5	21	1	0	0	7767	1.886111111	0.675	0.190555556	0.316666667	0.0	0.1	1	0.530833333	2.8	1.3	10.5	0.397698
50987	10905	1	2	1	5	1	1	1.0	2	2014	1	18	6	12.5	33	1	1	2	549	0.1197222219999999	0.053333333	0.019722222	0.0	0.0536111109999999	0.0	0	0.075277778	1.5	0.14	0.0	0.501845
50992	10906	0	0	3	3	6	1	1.0	2	2014	1	18	6	13.0	29	0	0	0	4519	1.148888889	0.443611111	0.176666667	0.166666667	0.0	0.0	0	0.341388889	1.5	1.2	0.0	0.333605
51016	10913	0	0	3	3	6	5	0.0	2	2014	1	19	7	12.5	75	0	1	0	474	0.170277778	0.073055556	0.133055556	0.0	0.013611111	0.0	0	0.053055556	0.0	0.12	0.0	0.198953
51024	10915	1	2	3	5	1	5	0.0	2	2014	1	19	7	16.66666667	71	0	1	1	1029	0.296111111	0.135833333	0.1075	0.033333333	0.0	0.0	0	0.165	0.0	0.35	0.0	0.496633
51035	10919	1	0	4	3	3	4	0.5	2	2014	1	19	7	14.0	19	1	1	2	15371	3.626944444	1.3708333330000002	0.256111111	0.5166666670000001	0.205277778	0.251388889	2	0.935555556	2.6	2.61	0.0	0.566805
51042	10920	1	1	3	3	6	5	0.0	2	2014	1	19	7	15.5	7	0	0	0	3637	0.836944444	0.2825	0.0922222219999999	0.0	0.308333333	0.0	0	0.263055556	0.0	0.64	0.0	0.4910239999999999
51064	10926	2	0	3	1	2	1	1.0	2	2014	1	20	1	7.5	28	0	1	1	17851	4.078888889	1.335833333	0.12	0.533333333	0.13	0.1	1	0.987777778	5.4	2.5	10.5	0.68982
51069	10928	0	1	4	3	5	5	0.0	2	2014	1	20	1	11.33333333	62	0	1	1	1303	0.353055556	0.095277778	0.059722222	0.0	0.1041666669999999	0.0	0	0.081388889	0.0	0.33	0.0	0.0102389
51083	10934	0	0	3	1	2	1	1.0	2	2014	1	20	1	8.166666667000001	43	1	1	1	5353	1.251111111	0.4302777779999999	0.118333333	0.183333333	0.089444444	0.083333333	1	0.370833333	4.4	0.79	0.0	0.827715
51101	10937	0	5	3	1	2	1	1.0	2	2014	1	20	1	18.0	33	0	1	1	18994	4.370277778	1.361944444	0.155	0.45	0.133333333	0.2	2	1.203888889	6.59	2.91	10.5	0.579142
51119	10941	0	2	1	1	2	1	1.0	2	2014	1	21	2	9.333333333	45	1	1	1	619	0.169166667	0.065555556	0.068055556	0.0	0.053333333	0.0	0	0.0575	1.5	0.11	0.0	0.21256
51124	10941	2	2	3	3	2	1	1.0	2	2014	1	21	2	17.5	18	1	0	1	2447	0.689444444	0.243055556	0.1025	0.0	0.178333333	0.0	0	0.164722222	1.5	0.43	0.0	0.163575
51131	10942	0	2	1	5	1	1	1.0	2	2014	1	21	2	10.25	23	0	1	2	359	0.0861111109999999	0.031666667	0.0627777779999999	0.0	0.009166667	0.0	0	0.0352777779999999	1.5	0.08	0.0	0.0
51134	10943	0	0	4	1	1	1	1.0	2	2014	1	21	2	4.333333333	59	0	1	2	2381	0.855	0.288333333	0.490277778	0.0	0.1	0.0	0	0.178055556	1.5	0.6	0.0	0.0639626
51151	10946	1	3	4	3	1	1	1.0	2	2014	1	21	2	15.66666667	52	1	1	2	4190	1.053611111	0.305	0.438055556	0.0	0.251388889	0.0	0	0.281111111	1.5	0.75	0.0	0.241107
51167	10949	3	1	4	2	1	5	0.0	2	2014	1	21	2	15.08333333	5	1	0	1	1575	0.421666667	0.133888889	0.043888889	0.0	0.111111111	0.0	0	0.086944444	0.0	0.27	0.0	0.0766773
51172	10950	2	0	4	3	2	5	0.0	2	2014	1	21	2	11.0	19	1	0	1	13997	3.227777778	1.150277778	0.134166667	0.45	0.083333333	0.2	2	0.928055556	0.0	2.04	0.0	0.8443579999999999
51177	10951	0	3	3	4	6	1	1.0	2	2014	1	21	2	14.75	33	0	1	0	11622	2.5108333330000003	0.920833333	0.184722222	0.35	0.0	0.066666667	1	0.986666667	2.4	2.07	10.5	0.72607
51202	10955	2	2	4	3	1	1	1.0	2	2014	1	21	2	19.0	24	0	1	1	941	0.2575	0.088055556	0.0925	0.0	0.062222222	0.0	0	0.078333333	1.5	0.2	0.0	0.3191489999999999
51221	10959	1	2	4	3	5	1	1.0	2	2014	1	22	3	17.0	58	1	1	2	7440	1.721388889	0.446111111	0.121944444	0.0	0.4927777779999999	0.0	0	0.334166667	1.5	1.44	0.0	0.2219449999999999
51224	10959	2	2	4	5	5	1	1.0	2	2014	1	22	3	8.0	30	1	1	2	2821	0.907777778	0.325833333	0.272777778	0.0	0.203888889	0.0	0	0.1555555559999999	1.5	0.58	0.0	0.225
51226	10960	2	1	1	5	2	1	1.0	2	2014	1	22	3	11.5	21	1	1	1	360	0.108333333	0.031944444	0.053888889	0.0	0.020555556	0.0	0	0.0886111109999999	1.5	0.22	0.0	0.15047
51305	10981	3	0	4	1	1	1	1.0	2	2014	1	23	4	14.66666667	26	1	0	1	980	0.247777778	0.0625	0.155	0.0	0.033333333	0.0	0	0.0705555559999999	1.5	0.21	0.0	0.0275591
51313	10983	0	1	4	5	1	1	0.0	2	2014	1	23	4	8.383333333	35	1	1	2	4874	1.465	0.548055556	0.2072222219999999	0.366666667	0.0	0.1	1	0.433611111	1.7	1.29	0.0	0.45868
51318	10984	1	1	3	1	1	1	1.0	2	2014	1	23	4	16.0	19	0	1	1	3366	0.795	0.261944444	0.198333333	0.0	0.292777778	0.0	0	0.1675	1.5	0.6	0.0	0.190713
51326	10986	0	1	3	2	6	5	0.0	2	2014	1	23	4	9.0	73	0	0	0	3188	0.803333333	0.227777778	0.161666667	0.0	0.2666666669999999	0.0	0	0.224166667	0.0	0.62	0.0	0.346964
51367	10995	1	1	4	3	1	5	0.0	2	2014	1	24	5	10.5	60	1	1	2	669	0.2822222219999999	0.116388889	0.123611111	0.0	0.032222222	0.0	0	0.056388889	0.0	0.17	0.0	0.0788177
51411	11004	1	2	4	3	1	1	1.0	2	2014	1	24	5	18.16666667	40	0	1	1	952	0.282777778	0.098333333	0.205277778	0.0	0.060277778	0.0	0	0.144166667	1.5	0.32	0.0	0.186898
51428	11005	1	1	1	4	6	4	0.5	2	2014	1	24	5	12.5	25	0	0	0	1225	0.328611111	0.0875	0.052222222	0.0	0.15	0.0	0	0.1011111109999999	0.75	0.24	0.0	0.0494506
51438	11010	0	2	3	3	1	5	0.0	2	2014	1	24	5	10.08333333	61	1	1	2	16714	3.867777778	1.146944444	0.296111111	0.433333333	0.144166667	0.1	1	0.943055556	0.0	2.79	0.0	0.440353
51451	11012	1	0	1	1	2	1	1.0	2	2014	1	24	5	7.166666667	42	0	1	1	1368	0.373611111	0.156111111	0.113611111	0.0	0.179166667	0.0	0	0.115	1.5	0.28	0.0	0.439614
51489	11021	0	0	3	3	6	4	1.0	2	2014	1	25	6	10.5	28	0	0	0	2320	0.573888889	0.213333333	0.221944444	0.066666667	0.0	0.0	0	0.1863888889999999	1.6	0.44	0.0	0.414307
51545	11033	1	1	4	3	6	1	1.0	2	2014	1	26	7	15.0	55	1	1	2	2339	0.614722222	0.185	0.135	0.0	0.178055556	0.2216666669999999	1	0.1725	3.0	0.5	0.0	0.191626
51556	11034	2	0	4	3	1	3	0.0	2	2014	1	26	7	8.5	15	0	0	1	3110	0.8480555559999999	0.255833333	0.309722222	0.0	0.1566666669999999	0.0	0	0.148333333	0.0	0.52	0.0	0.121723
51619	11047	0	3	4	5	6	5	0.0	2	2014	1	27	1	15.5	82	1	0	0	2367	0.646111111	0.232777778	0.0577777779999999	0.0	0.311111111	0.081666667	1	0.2166666669999999	0.0	0.5	0.0	0.608974
51651	11055	0	7	4	3	1	1	1.0	2	2014	1	28	2	12.83333333	31	1	1	1	1204	0.287777778	0.106111111	0.189444444	0.0	0.054166667	0.0	0	0.098333333	1.5	0.29	0.0	0.0
51666	11059	2	1	4	2	1	3	0.0	2	2014	1	28	2	16.75	13	0	0	2	7874	1.879444444	0.615555556	0.23	0.333333333	0.096111111	0.127777778	1	0.328611111	1.25	1.16	0.0	0.224852
51667	11059	3	1	4	3	1	5	0.0	2	2014	1	28	2	7.5	10	0	0	2	1229	0.255833333	0.093055556	0.088333333	0.0	0.05	0.0	0	0.072777778	0.0	0.22	0.0	0.141221
51672	11061	0	0	4	4	1	1	1.0	2	2014	1	29	3	6.0	31	0	1	2	9964	2.350277778	0.765833333	0.112777778	0.0	0.688333333	0.166666667	1	0.4977777779999999	3.0	1.7	0.0	0.414063
51699	11067	4	0	3	1	2	1	1.0	2	2014	1	29	3	7.0	25	0	1	1	7538	1.806944444	0.5841666670000001	0.130833333	0.0	0.768333333	0.190555556	1	0.398055556	3.0	1.21	0.0	0.4508029999999999
51710	11069	1	8	4	4	1	5	0.0	2	2014	1	29	3	13.83333333	70	1	1	1	1765	0.467777778	0.1580555559999999	0.138611111	0.0	0.2019444439999999	0.0	0	0.172777778	0.0	0.39	0.0	0.149518
51714	11071	0	0	4	3	1	5	0.0	2	2014	1	29	3	10.0	66	1	1	2	1143	0.296388889	0.1005555559999999	0.099444444	0.0	0.0608333329999999	0.0	0	0.076111111	0.0	0.21	0.0	0.186131
51740	11075	0	9	4	3	1	1	1.0	2	2014	1	29	3	17.75	44	1	1	2	1837	0.483888889	0.161944444	0.136111111	0.0	0.145555556	0.0	0	0.155833333	1.5	0.39	0.0	0.392157
51748	11075	2	4	1	3	1	3	0.0	2	2014	1	29	3	18.5	12	1	0	2	1813	0.443055556	0.145277778	0.1722222219999999	0.0	0.099722222	0.0	0	0.125833333	0.0	0.34	0.0	0.3951429999999999
51756	11077	0	1	3	4	6	1	1.0	2	2014	1	29	3	13.58333333	57	0	1	0	4033	1.02	0.360833333	0.2419444439999999	0.0	0.5	0.0	0	0.371666667	1.5	0.76	10.5	0.627055
51764	11080	0	5	4	2	1	1	1.0	2	2014	1	29	3	10.5	48	1	1	2	2799	0.606944444	0.185277778	0.062222222	0.0	0.363333333	0.0	0	0.2397222219999999	1.5	0.52	0.0	0.4275779999999999
51772	11081	1	0	1	3	2	1	1.0	2	2014	1	29	3	12.0	31	1	1	1	243	0.0891666669999999	0.04	0.028333333	0.0	0.063888889	0.0	0	0.033888889	1.5	0.06	0.0	0.286885
51789	11084	3	0	2	2	2	3	0.0	2	2014	1	29	3	8.25	15	1	0	2	1245	0.378055556	0.108888889	0.135277778	0.0	0.1	0.0	0	0.1036111109999999	0.0	0.24	0.0	0.16622
51797	11086	0	1	4	3	2	1	1.0	2	2014	1	30	4	18.0	44	1	1	2	980	0.265277778	0.0711111109999999	0.1863888889999999	0.0	0.066388889	0.0	0	0.09	1.5	0.18	0.0	0.157407
51846	11099	0	2	4	3	2	1	1.0	2	2014	1	30	4	10.5	67	0	1	2	3810	1.272222222	0.431944444	0.388611111	0.0	0.583333333	0.1	1	0.2325	3.0	0.72	0.0	0.0752688
51848	11099	1	3	4	4	2	1	1.0	2	2014	1	30	4	19.5	52	1	1	2	7612	1.903611111	0.7	0.116388889	0.0	0.330833333	0.166666667	1	0.3325	3.0	0.99	0.0	0.186299
51851	11100	1	1	3	5	1	1	1.0	2	2014	1	30	4	18.0	25	0	1	1	6577	1.604444444	0.505833333	0.084444444	0.3	0.0	0.0	0	0.525555556	2.4	1.36	10.5	0.821882
51871	11105	1	1	4	4	2	1	0.0	2	2014	1	31	5	17.0	35	0	1	2	5296	1.251388889	0.342777778	0.081388889	0.033333333	0.170555556	0.1	1	0.213888889	1.7	0.81	0.0	0.4766229999999999
51878	11106	1	2	1	5	5	1	1.0	2	2014	1	31	5	12.5	42	0	1	2	445	0.105277778	0.034166667	0.031944444	0.0	0.027777778	0.0	0	0.046388889	1.5	0.15	0.0	0.42515
51898	11114	0	5	4	3	5	1	1.0	2	2014	1	31	5	17.0	36	1	1	1	1052	0.2894444439999999	0.109166667	0.044722222	0.0	0.150277778	0.066388889	1	0.137777778	3.0	0.53	0.0	0.298387
51917	11120	1	4	1	3	2	1	1.0	2	2014	1	31	5	22.5	55	0	1	2	968	0.240277778	0.0725	0.063888889	0.0	0.108055556	0.0	0	0.081666667	1.5	0.16	0.0	0.037415
51921	11122	0	1	3	1	6	1	1.0	2	2014	1	31	5	17.83333333	35	0	0	0	4890	1.133333333	0.411111111	0.3525	0.1166666669999999	0.0	0.0	0	0.3316666669999999	2.1	0.76	10.5	0.60469
51968	11134	0	2	1	3	1	1	1.0	2	2014	2	1	6	18.0	43	1	1	2	627	0.149722222	0.048055556	0.12	0.0	0.016111111	0.0	0	0.039722222	1.5	0.11	0.0	0.0
51990	11139	0	3	4	5	6	1	1.0	2	2014	2	1	6	12.83333333	30	1	0	0	2562	0.680555556	0.233611111	0.156388889	0.1	0.180555556	0.094444444	1	0.211111111	3.9	0.51	0.0	0.313158
51994	11140	2	0	3	3	2	5	0.0	2	2014	2	1	6	13.0	66	0	1	1	1001	0.241388889	0.083333333	0.112222222	0.016666667	0.0	0.0	0	0.104444444	0.0	0.21	0.0	0.635638
52008	11144	0	3	4	3	2	1	1.0	2	2014	2	1	6	21.25	29	1	0	1	1631	0.445	0.121388889	0.223055556	0.0	0.1	0.0	0	0.178055556	1.5	0.38	0.0	0.118565
52009	11144	2	0	3	5	2	5	0.0	2	2014	2	1	6	10.0	10	1	0	1	1282	0.308888889	0.112777778	0.1125	0.0	0.096111111	0.0	0	0.1769444439999999	0.0	0.4	0.0	0.125589
52010	11144	2	1	3	5	2	5	0.0	2	2014	2	1	6	14.0	10	1	0	1	1282	0.308888889	0.096944444	0.107777778	0.0	0.0777777779999999	0.0	0	0.113888889	0.0	0.22	0.0	0.2756099999999999
52024	11146	1	0	4	3	1	1	1.0	2	2014	2	1	6	11.5	54	0	1	1	6614	1.4969444440000002	0.440833333	0.200555556	0.15	0.110555556	0.133333333	1	0.5475	3.0	1.32	0.0	0.487062
52029	11146	2	1	4	1	1	1	1.0	2	2014	2	1	6	19.58333333	25	0	1	1	6115	1.510833333	0.53	0.0847222219999999	0.2	0.1475	0.114444444	1	0.439722222	3.9	1.26	0.0	0.659507
52039	11147	0	6	4	3	1	1	1.0	2	2014	2	1	6	23.0	34	1	1	2	2566	0.610555556	0.212222222	0.2419444439999999	0.0	0.193055556	0.0	0	0.141388889	1.5	0.41	0.0	0.151277
52044	11149	0	0	4	3	2	1	1.0	2	2014	2	1	6	9.0	39	0	1	1	3651	0.925833333	0.351666667	0.2825	0.0	0.180555556	0.0	0	0.215555556	1.5	0.57	0.0	0.314433
52046	11149	0	3	4	3	2	1	1.0	2	2014	2	1	6	11.5	39	0	1	1	1002	0.269444444	0.076111111	0.1975	0.0	0.039444444	0.0	0	0.109444444	1.5	0.2	0.0	0.0203046
52048	11149	0	7	1	3	2	1	1.0	2	2014	2	1	6	18.0	39	0	1	1	1205	0.308333333	0.090555556	0.1011111109999999	0.0	0.111111111	0.0	0	0.148611111	1.5	0.27	0.0	0.194393
52077	11155	3	1	4	3	1	3	0.0	2	2014	2	2	7	18.25	12	0	0	1	1680	0.414166667	0.138611111	0.155277778	0.066666667	0.0	0.0	0	0.158611111	0.75	0.45	0.0	0.500876
52134	11170	0	1	3	1	2	1	1.0	2	2014	2	4	2	19.0	37	0	1	1	23749	5.496388889	1.779166667	0.170277778	0.583333333	0.016666667	0.283333333	2	1.369444444	7.8	3.36	0.0	0.527586
52153	11174	1	0	4	4	2	1	1.0	2	2014	2	4	2	7.75	32	0	1	1	2142	0.658888889	0.2	0.270277778	0.0	0.198055556	0.0	0	0.1397222219999999	1.5	0.38	0.0	0.157058
52158	11174	1	6	4	3	2	1	1.0	2	2014	2	4	2	19.16666667	32	0	1	1	4622	1.179166667	0.35	0.116111111	0.0	0.6083333329999999	0.0	0	0.188333333	1.5	0.65	0.0	0.0840708
52166	11177	0	0	1	3	6	1	0.5	2	2014	2	5	3	10.0	49	0	0	0	1079	0.259444444	0.094166667	0.176666667	0.0	0.076388889	0.0	0	0.0855555559999999	0.75	0.22	0.0	0.0811688
52176	11179	0	0	3	2	1	1	1.0	2	2014	2	5	3	7.25	40	1	1	2	10442	2.451111111	0.731666667	0.101944444	0.2	0.0886111109999999	0.333333333	3	0.6416666670000001	4.3	1.78	0.0	0.6441560000000001
52180	11179	1	2	4	3	1	1	1.0	2	2014	2	5	3	19.5	54	0	1	2	1751	0.464444444	0.119444444	0.123333333	0.0	0.178055556	0.0	0	0.098333333	1.5	0.32	0.0	0.0847458
52182	11180	1	1	1	2	1	3	0.0	2	2014	2	5	3	15.0	14	0	0	1	867	0.2047222219999999	0.065833333	0.1072222219999999	0.0	0.0425	0.0	0	0.054722222	0.0	0.16	0.0	0.111675
52229	11186	3	0	3	1	2	1	1.0	2	2014	2	5	3	6.833333333	19	0	0	1	12805	3.0733333330000003	0.929166667	0.314444444	0.316666667	0.2166666669999999	0.233333333	2	0.3519444439999999	3.9	1.57	0.0	0.317285
52262	11190	0	0	3	1	2	1	1.0	2	2014	2	5	3	6.25	33	0	1	1	15459	3.458055556	1.070555556	0.272222222	0.533333333	0.0	0.1	1	0.725555556	7.8	2.13	0.0	0.395482
52286	11195	1	1	4	1	5	1	1.0	2	2014	2	6	4	16.5	44	1	1	2	7627	1.901944444	0.660833333	0.246666667	0.283333333	0.0	0.1166666669999999	1	0.604166667	3.4	1.91	0.0	0.363678
52328	11199	3	1	3	1	1	1	1.0	2	2014	2	6	4	10.5	29	1	1	1	2815	0.716944444	0.214722222	0.278888889	0.0	0.321944444	0.0	0	0.208611111	1.5	0.55	0.0	0.332889
52329	11199	3	2	4	3	1	1	1.0	2	2014	2	6	4	15.0	29	1	1	1	3432	0.885277778	0.264722222	0.165277778	0.0	0.3358333329999999	0.083611111	1	0.305833333	3.0	0.77	0.0	0.294278
52336	11202	0	0	4	1	1	1	1.0	2	2014	2	6	4	9.75	46	0	1	1	1109	0.294166667	0.098888889	0.143888889	0.0	0.178055556	0.0	0	0.091666667	1.5	0.24	0.0	0.348485
52359	11207	0	4	4	3	1	1	1.0	2	2014	2	6	4	20.25	53	0	1	2	2785	0.6325	0.218055556	0.116388889	0.0	0.233333333	0.0	0	0.16	1.5	0.48	0.0	0.131944
52366	11207	2	0	4	4	1	1	1.0	2	2014	2	6	4	6.5	33	0	1	2	6763	1.718333333	0.533055556	0.1166666669999999	0.1166666669999999	0.0430555559999999	0.1747222219999999	1	0.296944444	5.1	1.05	0.0	0.101964
52370	11207	3	2	4	3	1	1	1.0	2	2014	2	6	4	18.0	27	1	1	2	10311	2.321944444	0.7011111109999999	0.107777778	0.333333333	0.0775	0.307777778	2	0.546111111	5.7	1.61	0.0	0.5325529999999999
52447	11226	1	4	4	5	1	1	1.0	2	2014	2	7	5	18.5	34	1	0	1	672	0.1744444439999999	0.068611111	0.1047222219999999	0.0	0.048333333	0.0	0	0.0861111109999999	1.5	0.22	0.0	0.677419
52448	11226	1	5	4	3	1	1	1.0	2	2014	2	7	5	21.5	34	1	0	1	1805	0.498611111	0.167777778	0.183333333	0.0	0.081944444	0.0	0	0.094166667	1.5	0.33	0.0	0.103245
52454	11228	0	1	1	3	6	1	1.0	2	2014	2	8	6	12.0	31	0	1	0	969	0.1863888889999999	0.038333333	0.024722222	0.0	0.064166667	0.0	0	0.0511111109999999	1.5	0.13	0.0	0.201087
52459	11229	0	4	1	3	1	5	0.0	2	2014	2	8	6	15.5	69	0	1	1	855	0.261111111	0.1066666669999999	0.077222222	0.0	0.0580555559999999	0.0	0	0.064444444	0.0	0.17	0.0	0.353448
52476	11231	4	0	4	3	1	5	0.0	2	2014	2	8	6	8.75	17	0	0	1	893	0.352222222	0.108055556	0.2375	0.0	0.021666667	0.0	0	0.084444444	0.0	0.25	0.0	0.0756579
52478	11231	6	0	4	3	1	5	0.0	2	2014	2	8	6	10.0	15	1	0	1	783	0.3883333329999999	0.1066666669999999	0.301388889	0.0	0.025	0.0	0	0.105833333	0.0	0.3	0.0	0.131234
52524	11240	2	0	4	3	2	1	1.0	2	2014	2	8	6	17.0	55	1	0	1	1528	0.402777778	0.116944444	0.075	0.0	0.1	0.0	0	0.1197222219999999	1.5	0.26	0.0	0.194896
52551	11246	0	1	3	3	6	5	0.0	2	2014	2	8	6	10.5	64	1	0	0	1131	0.333611111	0.116944444	0.2022222219999999	0.0	0.091666667	0.0	0	0.1030555559999999	0.0	0.24	0.0	0.2506739999999999
52558	11249	0	0	3	3	1	5	0.0	2	2014	2	8	6	12.5	65	1	0	1	2321	0.550277778	0.161111111	0.21	0.0	0.15	0.0	0	0.174166667	0.0	0.42	0.0	0.326954
52561	11249	0	3	3	3	1	5	0.0	2	2014	2	8	6	23.25	65	1	0	1	2321	0.5463888889999999	0.170277778	0.178888889	0.0	0.096666667	0.0	0	0.146666667	0.0	0.46	0.0	0.276515
52587	11256	4	2	4	3	2	5	0.0	2	2014	2	8	6	12.75	7	1	0	2	1047	0.334722222	0.1436111109999999	0.152777778	0.0	0.033333333	0.0	0	0.093611111	0.0	0.2	0.0	0.0356083
52592	11257	1	7	4	3	2	4	1.0	2	2014	2	8	6	12.6	55	1	1	1	1366	0.33	0.1	0.109444444	0.0	0.066666667	0.0	0	0.0627777779999999	1.5	0.19	0.0	0.159292
52615	11261	0	1	3	3	2	5	0.0	2	2014	2	8	6	11.16666667	50	1	0	1	1115	0.286666667	0.079444444	0.146111111	0.016666667	0.0	0.0	0	0.140555556	0.0	0.27	10.5	0.387352
52646	11265	0	0	4	3	1	5	0.0	2	2014	2	9	7	13.0	70	0	1	1	4971	1.313611111	0.380833333	0.283333333	0.15	0.166666667	0.15	1	0.307222222	0.0	0.93	0.0	0.427667
52648	11265	1	0	4	3	1	5	0.0	2	2014	2	9	7	13.0	60	0	1	1	4971	1.313611111	0.380833333	0.283333333	0.15	0.166666667	0.15	1	0.307222222	0.0	0.93	0.0	0.427667
52656	11268	0	0	4	3	1	1	1.0	2	2014	2	9	7	9.5	35	1	1	1	3798	0.8786111109999999	0.382222222	0.179166667	0.166666667	0.0	0.0	0	0.250833333	2.4	0.79	0.0	0.554817
52677	11272	3	0	4	3	1	3	0.0	2	2014	2	9	7	15.0	13	0	0	1	791	0.213333333	0.061388889	0.121388889	0.0	0.0258333329999999	0.0	0	0.048611111	0.0	0.16	0.0	0.04
52705	11278	1	3	1	2	6	2	0.0	2	2014	2	10	1	15.5	16	0	0	0	1426	0.42	0.111944444	0.085	0.0	0.149722222	0.083333333	1	0.145555556	0.0	0.32	0.0	0.158397
52724	11282	0	3	3	5	6	1	1.0	2	2014	2	10	1	19.0	27	1	1	0	1898	0.522222222	0.195	0.146944444	0.05	0.0	0.0	0	0.259722222	2.4	0.48	0.0	0.619251
52746	11286	0	3	3	2	6	1	1.0	2	2014	2	10	1	18.0	19	1	0	0	3360	0.8036111109999999	0.305555556	0.226666667	0.15	0.0	0.0	0	0.285	2.4	0.63	10.5	0.531189
52777	11292	0	2	4	3	1	5	0.0	2	2014	2	11	2	16.66666667	65	1	1	2	1281	0.359444444	0.106388889	0.215277778	0.0	0.081944444	0.0	0	0.098888889	0.0	0.26	0.0	0.300562
52788	11294	2	1	3	3	2	1	1.0	2	2014	2	11	2	15.0	46	1	0	1	6148	1.418888889	0.488611111	0.230833333	0.0	0.325	0.0	0	0.306388889	1.5	0.98	0.0	0.353581
52796	11295	1	7	3	1	6	1	0.0	2	2014	2	11	2	19.0	35	0	0	0	6296	1.518055556	0.505	0.225833333	0.0	0.407777778	0.0	0	0.298888889	0.0	0.96	0.0	0.260223
52807	11297	1	8	4	3	1	1	1.0	2	2014	2	11	2	17.0	39	0	1	1	862	0.244166667	0.110555556	0.203333333	0.0	0.015	0.0	0	0.097777778	1.5	0.23	0.0	0.0795455
52814	11297	3	4	4	3	1	5	0.0	2	2014	2	11	2	18.0	6	1	0	1	862	0.237777778	0.1047222219999999	0.1722222219999999	0.0	0.062222222	0.0	0	0.078055556	0.0	0.2	0.0	0.0854093
52823	11299	3	2	4	5	1	5	0.0	2	2014	2	11	2	11.75	9	1	0	1	2544	0.8652777779999999	0.260277778	0.2425	0.0	0.3675	0.0	0	0.2075	0.0	0.71	0.0	0.1378849999999999
52828	11301	0	0	3	3	2	5	0.0	2	2014	2	11	2	11.25	68	1	1	2	10285	2.405833333	0.658611111	0.0891666669999999	0.366666667	0.0	0.1166666669999999	1	0.360555556	0.0	1.41	0.0	0.357473
52838	11303	0	1	4	5	2	1	1.0	2	2014	2	11	2	8.5	42	1	1	1	1169	0.343611111	0.130833333	0.270833333	0.0	0.0358333329999999	0.0	0	0.0866666669999999	1.5	0.2	0.0	0.365385
52841	11303	0	6	4	3	2	1	1.0	2	2014	2	11	2	11.5	42	1	1	1	881	0.211111111	0.051666667	0.0736111109999999	0.0	0.078888889	0.0	0	0.060277778	1.5	0.13	0.0	0.0230415
52845	11303	0	12	4	3	2	1	1.0	2	2014	2	11	2	19.75	42	1	1	1	944	0.255555556	0.067222222	0.1775	0.0	0.072777778	0.0	0	0.077222222	1.5	0.16	0.0	0.0755396
52869	11307	0	0	4	3	2	1	1.0	2	2014	2	12	3	20.5	39	0	1	2	2153	0.508055556	0.165	0.029722222	0.0	0.175277778	0.0	0	0.156388889	1.5	0.36	0.0	0.182948
52889	11312	1	2	1	3	5	1	1.0	2	2014	2	12	3	18.5	34	0	1	1	910	0.295833333	0.111944444	0.120555556	0.0	0.1	0.0	0	0.1041666669999999	1.5	0.34	0.0	0.544
52930	11326	1	1	3	5	6	2	0.0	2	2014	2	13	4	8.166666667000001	16	1	0	0	6050	1.628611111	0.5972222220000001	0.205	0.0	0.67	0.0	0	0.361666667	0.0	1.06	0.0	0.397081
52935	11326	3	0	1	2	6	3	0.0	2	2014	2	13	4	8.5	11	0	0	0	699	0.174166667	0.055	0.0388888889999999	0.0	0.105555556	0.0	0	0.048611111	0.0	0.12	0.0	0.131429
52961	11331	1	0	4	4	1	5	0.0	2	2014	2	14	5	7.25	64	0	1	2	6815	1.581666667	0.571388889	0.3727777779999999	0.25	0.0	0.0	0	0.361944444	0.0	1.15	0.0	0.403684
52964	11332	1	0	3	4	6	4	0.5	2	2014	2	14	5	15.0	22	1	0	0	17810	4.049722222	1.313333333	0.194166667	0.65	0.056111111	0.283333333	3	1.235277778	4.35	2.96	10.5	0.726332
52981	11336	0	0	3	1	6	1	1.0	2	2014	2	14	5	7.5	31	0	1	0	13572	3.098333333	1.001944444	0.101944444	0.483333333	0.3863888889999999	0.1397222219999999	1	0.903888889	5.0	2.18	10.5	0.8506450000000001
52989	11337	3	0	4	2	2	2	0.5	2	2014	2	14	5	8.0	17	1	0	1	1887	0.425277778	0.126944444	0.1175	0.0	0.166666667	0.0	0	0.109166667	0.75	0.27	0.0	0.152672
52996	11339	0	0	3	1	6	1	1.0	2	2014	2	14	5	8.5	29	1	1	0	5367	1.333333333	0.449722222	0.181388889	0.2	0.0	0.083333333	1	0.432222222	1.7	1.0	0.0	0.518638
52999	11339	1	1	2	1	6	1	1.0	2	2014	2	14	5	18.25	28	0	1	0	8287	1.924722222	0.6375	0.1925	0.0	0.6958333329999999	0.0	0	0.657222222	1.5	1.38	0.0	0.6817409999999999
53003	11340	1	1	4	3	1	1	1.0	2	2014	2	14	5	8.333333332999999	37	1	1	1	1064	0.3	0.1191666669999999	0.169166667	0.033333333	0.0	0.0	0	0.112777778	2.1	0.29	0.0	0.165025
53005	11340	1	3	3	5	1	1	1.0	2	2014	2	14	5	17.0	37	1	1	1	7065	1.685277778	0.57	0.293611111	0.25	0.0	0.0	0	0.5075	3.5	1.35	0.0	0.441708
53040	11349	0	1	4	5	6	1	1.0	2	2014	2	14	5	18.5	39	0	1	2	11377	2.811111111	1.0161111109999998	0.068888889	0.2166666669999999	0.35	0.1166666669999999	1	0.883055556	3.9	2.13	0.0	0.742057
53066	11352	1	1	4	5	1	1	1.0	2	2014	2	15	6	18.5	40	1	0	1	3082	0.85	0.285833333	0.259722222	0.0	0.25	0.0	0	0.265	1.5	0.75	0.0	0.20021
53070	11353	0	0	4	3	1	1	0.0	2	2014	2	15	6	14.83333333	35	0	1	1	1564	0.41	0.111666667	0.269444444	0.0	0.0775	0.0	0	0.155833333	0.0	0.37	0.0	0.4652409999999999
53094	11359	1	1	4	3	1	5	0.0	2	2014	2	15	6	12.25	61	1	1	1	2861	0.757222222	0.238055556	0.1844444439999999	0.0	0.333333333	0.1266666669999999	1	0.215833333	0.0	0.65	0.0	0.28314
53107	11363	1	0	1	3	6	1	1.0	2	2014	2	16	7	19.5	38	1	1	0	680	0.195277778	0.076111111	0.076388889	0.0	0.069722222	0.0	0	0.0580555559999999	1.5	0.15	0.0	0.162679
53123	11368	1	0	4	1	1	1	1.0	2	2014	2	16	7	11.0	50	0	1	1	16942	4.033888889	1.1625	0.0855555559999999	0.0	1.3925	0.374166667	3	0.685	6.0	2.63	0.0	0.264801
53141	11373	0	2	4	1	1	1	1.0	2	2014	2	17	1	8.333333332999999	53	0	1	1	11897	2.947222222	0.846666667	0.069166667	0.0	0.933333333	0.083333333	1	0.8108333329999999	3.0	2.39	0.0	0.52655
53145	11375	0	0	4	3	1	5	0.0	2	2014	2	17	1	17.0	85	1	1	2	2997	0.703888889	0.229722222	0.1425	0.05	0.0	0.0	0	0.2275	0.0	0.6	0.0	0.3443219999999999
53223	11394	0	1	3	5	1	1	0.5	2	2014	2	18	2	9.166666667	40	1	0	1	3659	0.922777778	0.2844444439999999	0.0991666669999999	0.0	0.378055556	0.0	0	0.2819444439999999	0.75	0.8	0.0	0.233498
53228	11395	0	5	4	4	1	1	1.0	2	2014	2	19	3	12.5	58	1	1	1	1604	0.463055556	0.148611111	0.2394444439999999	0.05	0.0	0.0	0	0.120555556	1.5	0.35	0.0	0.0184332
53243	11398	0	1	3	4	6	1	1.0	2	2014	2	19	3	17.0	41	0	0	0	8113	1.965833333	0.7172222220000001	0.1047222219999999	0.583333333	0.0	0.083333333	1	0.637777778	3.3	1.51	0.0	0.474739
53262	11400	2	2	1	2	2	3	0.0	2	2014	2	19	3	8.583333332999999	13	0	0	1	1043	0.278888889	0.068055556	0.153611111	0.0	0.075	0.0	0	0.069444444	0.0	0.17	0.0	0.208
53274	11403	0	1	4	1	1	1	1.0	2	2014	2	19	3	17.5	58	0	1	1	4441	1.150277778	0.382222222	0.156944444	0.2666666669999999	0.0	0.1166666669999999	1	0.393611111	4.6	1.01	0.0	0.625265
53291	11406	1	0	4	3	1	1	1.0	2	2014	2	19	3	12.0	33	1	1	1	2182	0.661666667	0.184166667	0.191944444	0.0	0.1888888889999999	0.0	0	0.1675	1.5	0.54	0.0	0.144279
53295	11406	3	0	4	3	1	5	0.0	2	2014	2	19	3	12.0	10	0	0	1	2182	0.661666667	0.184166667	0.191944444	0.0	0.1888888889999999	0.0	0	0.1675	0.0	0.54	0.0	0.144279
53307	11407	4	0	3	3	6	3	0.0	2	2014	2	19	3	12.0	13	1	0	0	4862	1.192777778	0.417777778	0.187777778	0.0	0.5125	0.0	0	0.380555556	0.0	0.96	0.0	0.255474
53324	11412	0	7	3	3	2	5	0.0	2	2014	2	19	3	22.08333333	64	0	1	2	9546	2.752222222	0.818888889	0.1255555559999999	0.283333333	0.0	0.1166666669999999	1	0.612222222	0.0	1.66	0.0	0.4255899999999999
53348	11418	0	0	3	3	1	5	0.0	2	2014	2	20	4	10.5	67	0	1	2	6113	1.6125	0.509166667	0.22	0.0	0.364722222	0.0	0	0.286111111	0.0	1.12	0.0	0.335922
53368	11422	0	1	4	3	1	1	1.0	2	2014	2	20	4	14.33333333	53	0	1	2	3725	0.8275	0.305833333	0.16	0.0	0.281111111	0.0	0	0.290833333	1.5	0.78	0.0	0.355301
53379	11423	0	0	4	3	1	5	0.0	2	2014	2	20	4	11.5	83	1	1	2	1855	0.455	0.131666667	0.187777778	0.0	0.174166667	0.0	0	0.0991666669999999	0.0	0.31	0.0	0.10084
53393	11429	0	2	3	3	6	1	1.0	2	2014	2	21	5	20.5	27	0	1	0	2196	0.629722222	0.194722222	0.148055556	0.0	0.283333333	0.0	0	0.153055556	1.5	0.42	0.0	0.533575
53396	11430	0	1	3	5	6	1	1.0	2	2014	2	21	5	21.0	28	1	0	0	3072	0.710833333	0.248055556	0.0736111109999999	0.0	0.286666667	0.0	0	0.237777778	1.5	0.61	0.0	0.522196
53410	11434	1	1	3	3	6	1	1.0	2	2014	2	21	5	0.5	32	1	1	0	3094	0.702777778	0.2166666669999999	0.198055556	0.0	0.152777778	0.0	0	0.1555555559999999	1.5	0.44	0.0	0.325
53491	11455	0	0	3	4	6	1	1.0	2	2014	2	24	1	11.0	31	0	1	0	7616	1.727777778	0.6230555560000001	0.066388889	0.283333333	0.183055556	0.124444444	1	0.595555556	3.9	1.32	10.5	0.852612
53511	11462	0	0	3	3	1	5	0.0	2	2014	2	24	1	14.0	19	0	0	1	3929	0.988055556	0.4075	0.094444444	0.2	0.0	0.1	1	0.4169444439999999	0.0	0.97	10.5	0.575616
53534	11466	0	0	2	1	2	1	1.0	2	2014	2	25	2	7.75	44	1	1	1	837	0.233055556	0.1025	0.143333333	0.0	0.056388889	0.0	0	0.11	1.5	0.2	0.0	0.280303
53540	11466	4	0	2	2	2	5	0.0	2	2014	2	25	2	7.75	8	0	0	1	837	0.233055556	0.1025	0.143333333	0.0	0.056388889	0.0	0	0.11	0.0	0.2	0.0	0.280303
53565	11471	1	1	1	1	6	1	1.0	2	2014	2	25	2	11.0	35	1	1	0	1519	0.403888889	0.1425	0.187777778	0.083333333	0.0	0.0	0	0.222777778	2.4	0.36	10.5	0.653367
53672	11492	2	0	3	2	1	3	0.0	2	2014	2	27	4	7.75	12	0	0	1	1935	0.4577777779999999	0.151111111	0.151111111	0.0	0.135	0.0	0	0.141944444	0.0	0.38	0.0	0.34638
53675	11492	3	1	4	2	1	5	0.0	2	2014	2	27	4	15.5	9	1	0	1	2226	0.5197222220000001	0.160277778	0.0897222219999999	0.0	0.311666667	0.0	0	0.215833333	0.0	0.54	0.0	0.249678
53693	11496	0	1	4	5	1	1	1.0	2	2014	2	28	5	7.683333332999999	47	1	1	1	2141	0.5	0.130555556	0.215277778	0.0	0.135833333	0.0	0	0.141388889	1.5	0.38	0.0	0.438114
53723	11501	0	1	3	3	6	5	0.0	2	2014	2	28	5	17.0	57	0	0	0	2962	0.7063888890000001	0.240833333	0.232222222	0.05	0.0	0.0	0	0.258888889	0.0	0.6	0.0	0.595494
53725	11502	0	1	3	1	6	1	1.0	2	2014	2	28	5	17.5	25	1	1	0	7179	1.716666667	0.497222222	0.055555556	0.0	0.665277778	0.0	0	0.5708333329999999	1.5	1.22	10.5	0.819465
53729	11504	1	0	3	4	1	1	1.0	2	2014	2	28	5	6.0	56	0	1	1	32442	7.220833333	2.1352777780000003	0.049444444	1.033333333	0.05	0.316666667	3	1.5475	10.3	6.07	0.0	0.568659
53737	11507	0	1	1	3	1	1	1.0	2	2014	3	1	6	12.0	41	0	0	1	746	0.165555556	0.046388889	0.051388889	0.0	0.0388888889999999	0.0	0	0.034444444	1.5	0.11	0.0	0.258065
53739	11507	0	3	1	3	1	1	1.0	2	2014	3	1	6	15.5	41	0	0	1	848	0.178055556	0.060277778	0.048333333	0.0	0.058333333	0.0	0	0.0505555559999999	1.5	0.16	0.0	0.225275
53751	11508	1	4	4	3	1	1	1.0	2	2014	3	1	6	20.58333333	58	0	1	1	6654	1.668611111	0.543611111	0.1625	0.1	0.311666667	0.1	1	0.3238888889999999	3.0	1.14	0.0	0.111492
53760	11509	2	0	3	1	6	1	1.0	2	2014	3	1	6	20.0	25	0	0	1	7423	1.861666667	0.528611111	0.232777778	0.0	0.5525	0.0	0	0.246111111	1.5	0.99	0.0	0.5056430000000001
53764	11510	0	2	3	3	6	1	1.0	2	2014	3	1	6	19.25	25	1	1	0	2112	0.515833333	0.179166667	0.2047222219999999	0.05	0.0	0.0	0	0.1575	2.4	0.41	0.0	0.823633
53771	11512	2	1	1	1	1	1	1.0	2	2014	3	1	6	20.0	27	0	0	1	4129	1.046666667	0.315	0.152777778	0.0	0.3375	0.0	0	0.293611111	1.5	0.79	0.0	0.719016
53788	11517	2	1	4	3	1	5	0.0	2	2014	3	1	6	14.0	62	0	0	1	1129	0.26	0.1172222219999999	0.059444444	0.0	0.061944444	0.0	0	0.153611111	0.0	0.41	0.0	0.209765
53797	11518	2	0	1	3	6	1	1.0	2	2014	3	1	6	21.5	20	1	0	0	1161	0.273055556	0.094722222	0.175833333	0.0	0.1275	0.0	0	0.095833333	1.5	0.23	0.0	0.0753623
53803	11520	0	0	3	3	6	5	0.0	2	2014	3	1	6	11.0	86	1	0	0	443	0.1075	0.039444444	0.064722222	0.0	0.025	0.0	0	0.048611111	0.0	0.09	0.0	0.24
53808	11522	0	0	1	3	6	5	0.0	2	2014	3	1	6	12.0	79	1	0	0	599	0.173333333	0.1036111109999999	0.128333333	0.0	0.056388889	0.0	0	0.116388889	0.0	0.23	0.0	0.415274
53820	11526	2	0	3	3	6	2	0.0	2	2014	3	2	7	19.0	17	1	0	0	2673	0.668611111	0.199444444	0.03	0.0	0.277777778	0.166666667	1	0.156388889	0.0	0.43	0.0	0.261101
53840	11531	2	1	4	5	1	1	1.0	2	2014	3	2	7	10.53333333	51	0	1	1	660	0.160555556	0.052222222	0.1216666669999999	0.0	0.011666667	0.0	0	0.052777778	1.5	0.13	0.0	0.105263
53860	11537	2	1	4	2	1	5	0.0	2	2014	3	3	1	15.5	10	0	0	2	1358	0.38	0.0861111109999999	0.150833333	0.0	0.1005555559999999	0.0	0	0.095555556	0.0	0.3	0.0	0.133721
53885	11542	0	3	3	4	6	1	1.0	2	2014	3	3	1	19.5	38	1	1	0	4985	1.247222222	0.4508333329999999	0.116111111	0.083333333	0.175	0.183333333	2	0.309722222	5.4	0.83	0.0	0.609865
53899	11544	0	1	3	5	6	1	0.5	2	2014	3	3	1	14.0	41	1	0	0	8212	1.935	0.6088888889999999	0.0891666669999999	0.166666667	0.200277778	0.1166666669999999	1	0.5675	3.15	1.37	10.5	0.697504
53964	11556	2	3	4	3	2	1	1.0	2	2014	3	4	2	23.0	35	0	0	1	880	0.260277778	0.113888889	0.190555556	0.0	0.025	0.0	0	0.072222222	1.5	0.17	0.0	0.0461538
53971	11557	4	1	3	4	6	1	1.0	2	2014	3	5	3	17.5	30	0	1	2	4961	1.214722222	0.474722222	0.190833333	0.2166666669999999	0.05	0.1	1	0.607222222	3.2	1.42	0.0	0.682068
54014	11566	0	0	1	3	6	5	0.0	2	2014	3	5	3	10.0	70	1	1	0	642	0.186944444	0.115	0.1541666669999999	0.0	0.024166667	0.0	0	0.168611111	0.0	0.29	10.5	0.495881
54038	11571	0	0	4	1	1	5	0.0	2	2014	3	6	4	8.0	71	1	1	2	1542	0.394722222	0.145277778	0.267222222	0.0	0.083333333	0.0	0	0.131388889	0.0	0.38	0.0	0.2537
54079	11579	2	0	4	2	6	2	0.0	2	2014	3	6	4	7.0	16	0	0	0	6381	1.534722222	0.45	0.2397222219999999	0.15	0.243888889	0.133333333	1	0.281666667	0.85	1.02	0.0	0.168639
54087	11582	0	3	3	3	6	1	0.5	2	2014	3	7	5	13.5	51	0	1	0	8460	1.966666667	0.5658333329999999	0.443611111	0.233333333	0.0	0.0	0	0.518055556	1.5	1.44	0.0	0.390885
54092	11583	2	0	4	4	1	1	1.0	2	2014	3	7	5	11.0	40	0	1	1	2010	0.567777778	0.193055556	0.201666667	0.0	0.229444444	0.0	0	0.200833333	1.5	0.59	0.0	0.406639
54112	11589	0	0	2	1	6	1	1.0	2	2014	3	7	5	8.0	43	0	0	0	2118	0.5247222220000001	0.2097222219999999	0.190277778	0.0	0.161944444	0.0	0	0.185555556	1.5	0.4	10.5	0.582335
54115	11590	0	1	1	5	6	1	1.0	2	2014	3	7	5	17.0	27	1	0	0	1196	0.411666667	0.12	0.313333333	0.0	0.039722222	0.0	0	0.184166667	1.5	0.42	0.0	0.288084
54121	11591	1	0	3	2	6	3	0.0	2	2014	3	7	5	7.666666667	15	0	0	0	1187	0.337777778	0.1011111109999999	0.124722222	0.0	0.066666667	0.0	0	0.085833333	0.0	0.23	0.0	0.23301
54125	11591	2	2	3	3	6	3	0.0	2	2014	3	7	5	16.0	13	0	0	0	667	0.199722222	0.074444444	0.048888889	0.0	0.062222222	0.0	0	0.076944444	0.0	0.15	0.0	0.368231
54134	11592	1	1	3	4	6	1	1.0	2	2014	3	7	5	14.0	30	0	1	0	2972	0.7352777779999999	0.281388889	0.212222222	0.1	0.0	0.0	0	0.321666667	2.4	0.63	10.5	0.497409
54142	11593	1	1	1	2	6	4	1.0	2	2014	3	7	5	19.33333333	22	1	1	0	785	0.218055556	0.086944444	0.0711111109999999	0.0	0.0777777779999999	0.0	0	0.075	1.5	0.19	0.0	0.488889
54159	11597	0	1	4	4	1	1	1.0	2	2014	3	7	5	9.5	48	1	1	2	2297	0.6477777779999999	0.229444444	0.098611111	0.033333333	0.208333333	0.1	1	0.192222222	3.0	0.55	0.0	0.3034679999999999
54161	11597	0	3	4	1	1	1	1.0	2	2014	3	7	5	17.0	48	1	1	2	9773	2.438055556	0.7280555559999999	0.304166667	0.416666667	0.166666667	0.233333333	2	0.79	4.0	2.7	0.0	0.582278
54175	11600	1	1	1	3	6	1	1.0	2	2014	3	7	5	14.66666667	49	0	1	0	1151	0.297777778	0.1580555559999999	0.161111111	0.0	0.141944444	0.0	0	0.2047222219999999	1.5	0.37	10.5	0.540027
54197	11604	0	1	4	3	6	5	0.0	2	2014	3	8	6	18.5	66	1	0	0	637	0.163611111	0.0586111109999999	0.06	0.0	0.044166667	0.0	0	0.048611111	0.0	0.12	0.0	0.331429
54204	11604	2	2	2	3	6	1	1.0	2	2014	3	8	6	23.0	28	0	0	0	6503	1.550277778	0.555	0.050833333	0.0	0.7222222220000001	0.105555556	1	0.543888889	3.0	1.15	0.0	0.820225
54224	11609	0	1	1	3	6	1	1.0	2	2014	3	8	6	12.5	21	1	0	0	203	0.044166667	0.013611111	0.019722222	0.0	0.027777778	0.0	0	0.016388889	1.5	0.03	0.0	0.271186
54231	11611	1	1	2	1	6	1	1.0	2	2014	3	9	7	22.0	30	0	1	0	7588	1.780277778	0.593055556	0.165	0.416666667	0.0	0.1166666669999999	1	0.469166667	2.4	1.22	0.0	0.406157
54267	11616	3	3	4	3	1	5	0.0	2	2014	3	9	7	16.0	9	1	0	1	12524	2.994166667	0.976944444	0.053888889	0.483333333	0.071388889	0.2575	2	0.603888889	0.0	1.94	0.0	0.4908
54293	11623	0	1	1	3	2	1	1.0	2	2014	3	10	1	12.0	50	1	1	2	1662	0.391111111	0.143333333	0.165555556	0.0	0.091944444	0.0	0	0.1011111109999999	1.5	0.24	0.0	0.0
54308	11628	0	0	4	2	1	1	1.0	2	2014	3	11	2	8.5	24	1	1	1	1895	0.6361111110000001	0.183333333	0.21	0.0	0.165833333	0.0	0	0.189722222	1.5	0.54	0.0	0.349927
54313	11628	0	6	4	5	1	1	1.0	2	2014	3	11	2	18.66666667	24	1	1	1	2992	0.734722222	0.2144444439999999	0.23	0.0	0.176666667	0.0	0	0.121944444	1.5	0.49	0.0	0.4373579999999999
54341	11633	0	2	1	5	1	4	1.0	2	2014	3	11	2	14.66666667	56	0	1	2	1387	0.3419444439999999	0.140277778	0.054722222	0.0	0.22	0.0	0	0.134444444	1.5	0.3	10.5	0.706612
54369	11639	0	2	1	3	6	1	1.0	2	2014	3	12	3	10.0	43	1	0	0	436	0.134722222	0.075277778	0.108333333	0.0	0.0213888889999999	0.0	0	0.0975	1.5	0.19	0.0	0.1225069999999999
54399	11645	0	0	4	1	1	1	1.0	2	2014	3	13	4	8.0	48	1	1	2	1834	0.504166667	0.168333333	0.1625	0.0	0.151388889	0.0	0	0.144444444	1.5	0.38	0.0	0.317308
54405	11646	0	0	3	4	6	1	1.0	2	2014	3	13	4	6.75	30	0	1	0	9647	2.5558333330000003	0.8058333329999999	0.155	0.3833333329999999	0.0	0.15	1	0.712777778	5.09	1.89	0.0	0.628215
54414	11648	0	2	1	5	6	1	1.0	2	2014	3	14	5	16.0	52	0	1	0	943	0.238611111	0.1125	0.090833333	0.0	0.091666667	0.0	0	0.1036111109999999	1.5	0.19	0.0	0.265416
54428	11652	1	2	4	3	2	1	1.0	2	2014	3	14	5	18.75	52	0	1	1	4019	0.916944444	0.270833333	0.13	0.0	0.275	0.0	0	0.2163888889999999	1.5	0.53	0.0	0.220796
54439	11654	0	2	1	3	2	1	1.0	2	2014	3	14	5	20.0	45	1	1	1	3012	0.7230555559999999	0.198333333	0.089444444	0.0	0.2844444439999999	0.083333333	1	0.254166667	3.0	0.58	0.0	0.543169
54480	11664	0	1	3	3	1	1	1.0	2	2014	3	14	5	20.5	39	0	0	1	7931	1.872777778	0.581111111	0.381944444	0.25	0.0	0.1166666669999999	1	0.500277778	2.8	1.35	0.0	0.578012
54492	11667	0	1	4	5	1	1	1.0	2	2014	3	15	6	15.0	40	1	1	1	1939	0.5075	0.182777778	0.125277778	0.0	0.203333333	0.0	0	0.193055556	1.5	0.52	0.0	0.378417
54494	11667	1	0	3	3	1	1	0.0	2	2014	3	15	6	10.0	18	0	0	1	10434	2.413333333	0.7697222220000001	0.2425	0.333333333	0.086388889	0.1	1	0.655	2.8	1.75	10.5	0.478796
54508	11670	1	0	1	3	6	2	0.0	2	2014	3	16	7	16.0	16	1	0	0	998	0.258888889	0.111388889	0.088055556	0.0	0.0725	0.0	0	0.104444444	0.0	0.22	0.0	0.521277
54524	11672	3	1	4	5	2	2	0.0	2	2014	3	17	1	12.5	16	0	0	1	5808	1.514444444	0.499444444	0.1988888889999999	0.0	0.519444444	0.070833333	1	0.311388889	0.0	0.97	0.0	0.237288
54537	11675	0	2	4	2	1	4	0.5	2	2014	3	17	1	14.91666667	40	0	1	1	1933	0.534166667	0.163888889	0.156388889	0.0	0.295833333	0.0	0	0.136388889	0.75	0.45	0.0	0.156823
54599	11687	0	1	4	2	1	1	1.0	2	2014	3	19	3	8.916666667000001	40	0	1	1	631	0.181388889	0.066111111	0.105833333	0.0	0.016666667	0.0	0	0.044444444	1.5	0.12	0.0	0.28125
54651	11701	1	0	4	2	1	1	1.0	2	2014	3	21	5	8.666666667000001	37	1	1	1	1322	0.376111111	0.132222222	0.22	0.0	0.066944444	0.0	0	0.126944444	1.5	0.32	0.0	0.262582
54681	11707	0	1	3	4	1	1	1.0	2	2014	3	21	5	13.0	32	0	1	2	13158	3.145555556	0.905277778	0.313055556	0.4	0.0	0.1	1	0.643333333	2.8	2.83	10.5	0.429188
54683	11708	1	1	4	4	5	1	1.0	2	2014	3	21	5	11.0	43	0	1	2	4278	1.084166667	0.3388888889999999	0.140833333	0.0	0.422777778	0.083611111	1	0.303888889	3.0	1.11	0.0	0.530165
54694	11711	0	2	1	3	6	1	1.0	2	2014	3	23	7	17.0	20	0	1	0	729	0.178888889	0.071666667	0.094166667	0.0	0.081666667	0.0	0	0.072777778	1.5	0.14	0.0	0.160305
54700	11713	0	3	4	3	5	1	1.0	2	2014	3	24	1	23.5	24	0	1	2	4887	1.318333333	0.4377777779999999	0.185	0.0	0.3469444439999999	0.0	0	0.251388889	1.5	1.13	0.0	0.108287
54738	11719	2	2	3	3	6	5	0.0	2	2014	3	26	3	17.5	8	0	0	0	9448	2.201944444	0.6466666670000001	0.145	0.25	0.236111111	0.183333333	1	0.693611111	0.0	1.54	0.0	0.707649
54760	11723	1	1	4	3	2	5	0.0	2	2014	3	30	7	12.83333333	10	0	0	2	2270	0.6025	0.208055556	0.1255555559999999	0.0	0.174166667	0.0	0	0.1472222219999999	0.0	0.41	0.0	0.115094
54798	11731	0	1	2	4	1	5	0.0	3	2014	4	1	2	12.0	67	1	1	2	404	0.108888889	0.0586111109999999	0.072777778	0.0	0.0213888889999999	0.0	0	0.047777778	0.0	0.1	0.0	0.348837
54817	11734	0	2	1	3	2	1	1.0	3	2014	4	1	2	18.66666667	28	1	1	1	1560	0.385555556	0.137777778	0.1266666669999999	0.0	0.1225	0.0	0	0.1172222219999999	1.5	0.27	0.0	0.509479
54842	11741	0	1	1	3	6	1	1.0	3	2014	4	1	2	11.33333333	48	0	1	0	978	0.256111111	0.071944444	0.165555556	0.0	0.016666667	0.0	0	0.055	1.5	0.16	0.0	0.040404
54899	11753	6	0	3	2	1	5	0.0	3	2014	4	2	3	7.75	9	1	0	1	12708	2.912777778	1.108611111	0.252777778	0.416666667	0.0	0.0	0	0.704722222	0.0	2.07	0.0	0.4257
54916	11756	0	1	2	3	1	5	0.0	3	2014	4	2	3	10.63333333	63	0	1	2	3237	0.8086111109999999	0.211111111	0.200833333	0.0	0.1625	0.0	0	0.1580555559999999	0.0	0.53	0.0	0.0298769999999999
54932	11760	0	4	4	3	1	1	1.0	3	2014	4	3	4	20.25	45	0	1	1	10466	2.4363888890000003	0.756111111	0.321111111	0.0	0.63	0.096666667	1	0.466111111	3.0	1.66	0.0	0.22348
54946	11762	1	0	3	4	6	1	1.0	3	2014	4	3	4	15.0	22	1	0	0	7731	1.920555556	0.633611111	0.205	0.283333333	0.0	0.1166666669999999	1	0.580277778	4.8	1.3	0.0	0.8559120000000001
54972	11767	0	0	1	2	6	1	1.0	3	2014	4	3	4	8.5	43	1	0	0	464	0.182777778	0.068888889	0.145	0.0	0.0194444439999999	0.0	0	0.066111111	1.5	0.14	0.0	0.176471
55012	11774	1	2	2	1	1	1	1.0	3	2014	4	3	4	16.75	58	0	1	1	6564	1.818333333	0.57	0.064166667	0.35	0.058888889	0.333333333	2	0.4125	4.9	1.46	0.0	0.451852
55033	11778	1	2	4	5	1	1	1.0	3	2014	4	4	5	8.25	47	0	1	1	3203	0.846666667	0.285833333	0.235555556	0.233333333	0.0	0.0	0	0.226111111	1.5	0.68	0.0	0.5
55036	11778	1	5	4	1	1	1	1.0	3	2014	4	4	5	17.0	47	0	1	1	1519	0.449166667	0.152777778	0.164444444	0.0	0.215555556	0.0	0	0.135555556	1.5	0.42	0.0	0.4200819999999999
55047	11780	1	1	3	4	1	5	0.0	3	2014	4	4	5	17.0	62	0	1	1	1850	0.464722222	0.144166667	0.188055556	0.033333333	0.0	0.0	0	0.141388889	0.0	0.39	0.0	0.4931239999999999
55058	11783	1	0	3	1	6	1	1.0	3	2014	4	4	5	10.0	28	0	0	0	6400	1.526944444	0.436944444	0.232777778	0.066666667	0.471666667	0.09	1	0.445	3.0	1.07	0.0	0.533708
55067	11785	0	0	4	1	1	1	1.0	3	2014	4	4	5	8.5	53	1	1	1	3432	0.857222222	0.3075	0.101388889	0.0	0.419166667	0.0	0	0.2738888889999999	1.5	0.72	0.0	0.5557810000000001
55096	11790	1	5	3	3	1	5	0.0	3	2014	4	4	5	17.66666667	50	1	0	2	2387	0.633055556	0.217777778	0.154444444	0.0	0.179166667	0.0	0	0.220277778	0.0	0.52	0.0	0.336696
55120	11795	1	2	4	3	1	1	1.0	3	2014	4	5	6	23.58333333	51	0	1	1	1725	0.423888889	0.15	0.173055556	0.0	0.05	0.0	0	0.0855555559999999	1.5	0.28	0.0	0.100649
55139	11799	0	3	4	3	6	1	1.0	3	2014	4	5	6	21.33333333	31	1	0	0	13560	3.493888889	1.163611111	0.191944444	0.0	0.937777778	0.283333333	1	0.4552777779999999	3.0	2.39	0.0	0.23734
55158	11800	3	1	4	5	1	2	0.0	3	2014	4	5	6	16.18333333	16	1	0	1	11510	2.728888889	0.826666667	0.198333333	0.933333333	0.0	0.233333333	2	0.431388889	1.55	1.71	0.0	0.222795
55170	11803	0	1	3	5	1	1	1.0	3	2014	4	5	6	10.58333333	41	1	1	1	4481	1.061944444	0.384722222	0.2022222219999999	0.133333333	0.0	0.0	0	0.286111111	1.5	0.89	0.0	0.390291
55187	11808	1	0	4	3	1	5	0.0	3	2014	4	6	7	14.0	78	0	1	1	10701	2.610277778	0.818611111	0.359722222	0.2666666669999999	0.0	0.0	0	0.583333333	0.0	1.89	0.0	0.308095
55189	11810	0	0	4	3	6	1	1.0	3	2014	4	6	7	14.0	44	1	0	0	1789	0.634166667	0.143888889	0.1216666669999999	0.0	0.1125	0.0	0	0.111666667	1.5	0.32	0.0	0.119403
55222	11817	0	0	3	3	1	5	0.0	3	2014	4	7	1	10.5	75	1	1	2	9771	2.359444444	0.7666666670000001	0.259722222	0.0	0.533333333	0.0	0	0.2394444439999999	0.0	1.56	0.0	0.155452
55235	11821	1	0	4	3	1	1	1.0	3	2014	4	7	1	8.5	32	1	1	1	2601	0.6830555559999999	0.2425	0.295833333	0.0	0.128333333	0.0	0	0.176111111	1.5	0.51	0.0	0.22082
55248	11824	1	3	3	4	2	1	1.0	3	2014	4	7	1	17.08333333	45	0	1	1	7567	1.741388889	0.601388889	0.093333333	0.333333333	0.193055556	0.149722222	1	0.616388889	4.8	1.17	10.5	0.715638
55254	11825	1	2	3	4	1	5	0.0	3	2014	4	7	1	17.41666667	51	1	1	1	6114	1.441944444	0.504166667	0.283055556	0.183333333	0.0	0.083333333	1	0.431944444	0.0	1.12	10.5	0.639228
55260	11826	0	0	3	1	6	1	1.0	3	2014	4	7	1	7.75	28	0	1	0	4965	1.220277778	0.438055556	0.222777778	0.0	0.4	0.0	0	0.356111111	1.5	0.87	0.0	0.432137
55265	11828	1	0	3	3	1	1	1.0	3	2014	4	7	1	9.75	52	1	0	1	2431	0.706666667	0.190833333	0.120555556	0.0	0.183611111	0.0	0	0.118888889	1.5	0.44	0.0	0.17757
55272	11829	0	0	4	3	1	1	1.0	3	2014	4	7	1	13.0	29	1	1	2	6863	1.7430555559999998	0.531944444	0.1844444439999999	0.2166666669999999	0.0	0.0	0	0.387222222	1.8	1.38	0.0	0.208752
55282	11831	1	3	3	4	1	1	1.0	3	2014	4	7	1	20.08333333	50	1	1	1	9067	2.116388889	0.7855555559999999	0.1075	0.3833333329999999	0.0	0.0	0	0.5277777779999999	2.4	1.53	0.0	0.600526
55288	11833	1	1	3	1	6	1	1.0	3	2014	4	7	1	22.0	23	1	0	0	8199	2.039722222	0.729166667	0.311388889	0.183333333	0.053333333	0.1166666669999999	1	0.481666667	4.1	1.43	0.0	0.333333
55301	11838	0	0	3	1	1	1	1.0	3	2014	4	8	2	6.5	43	1	1	2	18763	4.439166667	1.473888889	0.110277778	0.6166666670000001	0.194166667	0.283333333	2	0.99	9.49	3.12	0.0	0.597082
55305	11838	1	2	3	4	1	1	1.0	3	2014	4	8	2	7.85	48	0	1	2	14829	3.56	1.121111111	0.139444444	0.466666667	0.226944444	0.213055556	2	0.906944444	5.5	2.54	10.5	0.5883609999999999
55312	11839	0	1	4	3	1	5	0.0	3	2014	4	8	2	10.13333333	60	1	1	1	1219	0.322222222	0.093333333	0.082777778	0.05	0.0	0.0	0	0.105555556	0.0	0.32	0.0	0.339474
55336	11844	1	0	1	3	6	1	1.0	3	2014	4	8	2	14.0	49	0	0	0	2010	0.502222222	0.1838888889999999	0.225833333	0.0	0.211111111	0.0	0	0.1719444439999999	1.5	0.41	0.0	0.34895
55345	11847	1	0	4	4	1	1	1.0	3	2014	4	8	2	7.0	26	0	1	1	10540	2.6325	0.906388889	0.1155555559999999	0.5	0.0625	0.2	2	0.880277778	4.4	2.53	0.0	0.514358
55384	11859	0	1	3	3	1	1	1.0	3	2014	4	9	3	11.83333333	28	1	0	1	3608	0.967777778	0.358055556	0.135277778	0.0	0.263333333	0.0	0	0.1769444439999999	1.5	0.64	0.0	0.158556
55430	11869	1	0	4	3	1	1	1.0	3	2014	4	9	3	15.5	51	1	1	1	1235	0.334722222	0.109722222	0.195555556	0.0	0.145555556	0.0	0	0.078611111	1.5	0.23	0.0	0.166078
55434	11871	0	0	3	3	6	4	0.5	3	2014	4	9	3	20.5	24	1	0	0	7036	1.588611111	0.676388889	0.108611111	0.2666666669999999	0.0	0.083333333	1	0.315	1.6	1.12	0.0	0.6393300000000001
55442	11872	2	2	4	5	1	5	0.0	3	2014	4	9	3	15.0	8	0	0	2	2748	0.749722222	0.223333333	0.221111111	0.0	0.1719444439999999	0.0	0	0.151944444	0.0	0.68	0.0	0.1645339999999999
55444	11873	0	1	2	1	2	1	1.0	3	2014	4	9	3	15.5	27	1	1	1	5409	1.4533333330000002	0.421666667	0.065555556	0.0	0.7252777779999999	0.177777778	1	0.302222222	3.0	0.84	0.0	0.32261
55494	11887	0	0	1	3	6	5	0.0	3	2014	4	10	4	16.58333333	37	0	0	0	1085	0.311666667	0.116111111	0.201666667	0.0	0.0525	0.0	0	0.095277778	0.0	0.22	0.0	0.253644
55525	11894	0	4	4	3	5	1	1.0	3	2014	4	11	5	23.5	31	1	1	2	2471	0.611111111	0.182777778	0.110833333	0.0	0.135555556	0.0	0	0.123333333	1.5	0.59	0.0	0.0878378
55539	11896	0	3	1	1	6	5	0.0	3	2014	4	11	5	1.0	34	0	1	0	1757	0.466111111	0.121388889	0.306666667	0.0	0.033333333	0.0	0	0.103333333	0.0	0.31	0.0	0.0591398
55542	11897	2	0	1	1	2	1	1.0	3	2014	4	11	5	12.5	54	1	0	1	407	0.091666667	0.024166667	0.0119444439999999	0.0	0.029166667	0.0	0	0.026111111	1.5	0.06	0.0	0.1489359999999999
55546	11897	4	1	3	1	2	1	1.0	3	2014	4	11	5	18.25	22	0	1	1	11410	2.768333333	0.891111111	0.0736111109999999	0.316666667	0.354166667	0.1166666669999999	1	0.800555556	4.4	1.93	0.0	0.6845939999999999
55582	11910	0	0	3	1	2	1	1.0	3	2014	4	11	5	6.5	41	0	1	1	22715	5.096666667	1.464444444	0.076111111	0.716666667	0.0427777779999999	0.233333333	2	1.134444444	6.59	3.2	10.5	0.6092069999999999
55594	11913	1	1	3	1	6	1	1.0	3	2014	4	11	5	20.5	30	1	1	0	3570	0.8211111109999999	0.241111111	0.047777778	0.0	0.436388889	0.0	0	0.224722222	1.5	0.55	0.0	0.733004
55608	11917	0	1	4	5	2	1	1.0	3	2014	4	11	5	7.333333333	44	0	1	1	9947	2.358611111	0.7455555559999999	0.206666667	0.533333333	0.0	0.083333333	1	0.63	3.3	1.43	0.0	0.710758
55626	11920	1	1	3	1	6	5	0.0	3	2014	4	12	6	20.0	67	1	0	0	6787	1.7225	0.503888889	0.170833333	0.0	0.541666667	0.196666667	2	0.346666667	0.0	1.14	0.0	0.5424680000000001
55637	11921	2	2	4	1	1	5	0.0	3	2014	4	12	6	19.66666667	8	1	0	1	3598	0.905277778	0.267777778	0.085277778	0.0	0.264444444	0.083333333	1	0.231666667	0.0	0.67	0.0	0.6534770000000001
55643	11922	0	1	1	5	1	1	1.0	3	2014	4	12	6	22.5	27	1	1	2	262	0.0575	0.022222222	0.011111111	0.0	0.016666667	0.0	0	0.0194444439999999	1.5	0.05	0.0	0.185714
55670	11928	0	0	4	3	1	1	1.0	3	2014	4	12	6	16.0	37	1	1	1	11245	2.748888889	0.744166667	0.302777778	0.3	0.0	0.0	0	0.4533333329999999	1.5	1.85	0.0	0.48223
55706	11935	2	2	1	3	2	3	0.0	3	2014	4	13	7	13.83333333	11	0	0	2	1472	0.3975	0.138888889	0.154444444	0.0	0.093611111	0.0	0	0.120833333	0.0	0.24	0.0	0.43908
55730	11941	1	0	3	3	1	2	0.0	3	2014	4	13	7	15.0	16	1	0	2	1347	0.515	0.141388889	0.068888889	0.0	0.140833333	0.1166666669999999	1	0.097222222	0.0	0.33	0.0	0.2
55740	11946	1	0	1	1	2	5	0.0	3	2014	4	14	1	8.0	60	1	0	1	3020	0.836666667	0.250555556	0.368611111	0.1166666669999999	0.0	0.0	0	0.265277778	0.0	0.57	0.0	0.445026
55748	11948	1	0	4	3	2	1	1.0	3	2014	4	14	1	9.5	57	1	1	1	3535	0.849166667	0.2275	0.151944444	0.0	0.226111111	0.0	0	0.168055556	1.5	0.58	0.0	0.0975207
55792	11958	1	1	4	3	2	1	1.0	3	2014	4	15	2	16.5	56	1	1	1	3292	0.879722222	0.263333333	0.1225	0.0	0.347222222	0.0	0	0.207777778	1.5	0.73	0.0	0.163102
55816	11963	0	0	1	3	6	1	1.0	3	2014	4	15	2	13.0	44	0	0	0	1986	0.515	0.166111111	0.214722222	0.0	0.152222222	0.0	0	0.151111111	1.5	0.36	10.5	0.266544
55834	11968	1	1	1	3	2	5	0.0	3	2014	4	16	3	12.16666667	67	1	1	1	1138	0.416111111	0.1166666669999999	0.230833333	0.0	0.062222222	0.0	0	0.06	0.0	0.22	0.0	0.0
55836	11969	1	0	3	1	6	1	1.0	3	2014	4	16	3	8.5	32	1	1	0	15788	3.675555556	1.1075	0.2691666669999999	0.466666667	0.0	0.0	0	1.050833333	5.09	2.56	10.5	0.663759
55856	11975	1	1	3	5	6	1	1.0	3	2014	4	16	3	18.0	27	1	0	0	3463	0.843888889	0.273611111	0.063055556	0.183333333	0.0	0.1	1	0.294722222	2.9	0.66	10.5	0.6192270000000001
55862	11979	0	0	3	4	1	1	1.0	3	2014	4	16	3	7.0	54	0	1	1	6471	1.621388889	0.5161111110000001	0.032222222	0.183333333	0.433888889	0.15	1	0.436111111	4.0	1.28	0.0	0.328025
55880	11981	2	0	4	3	1	3	0.0	3	2014	4	16	3	12.0	12	1	0	1	7377	1.961111111	0.616388889	0.202777778	0.25	0.145277778	0.1	1	0.5119444439999999	0.75	1.5	0.0	0.328812
55882	11981	2	2	4	3	1	3	0.0	3	2014	4	16	3	14.66666667	12	1	0	1	1332	0.3625	0.154444444	0.184166667	0.0	0.095277778	0.0	0	0.150277778	0.0	0.37	0.0	0.279113
55894	11983	1	1	1	1	6	1	1.0	3	2014	4	16	3	17.5	35	1	1	0	2601	0.6180555560000001	0.205555556	0.158888889	0.05	0.15	0.083333333	1	0.178611111	4.4	0.41	10.5	0.393468
55899	11984	0	3	4	3	6	1	0.5	3	2014	4	16	3	22.0	40	0	0	0	2093	0.5644444439999999	0.156944444	0.1747222219999999	0.05	0.0	0.0	0	0.151666667	1.5	0.46	0.0	0.161172
55902	11985	1	0	1	1	6	1	1.0	3	2014	4	16	3	8.5	49	0	0	0	2156	0.594722222	0.162777778	0.205	0.1	0.0	0.0	0	0.131666667	1.7	0.36	0.0	0.1814349999999999
55907	11986	1	1	1	3	1	1	1.0	3	2014	4	16	3	21.0	54	1	1	1	997	0.294722222	0.130555556	0.180833333	0.0	0.028611111	0.0	0	0.109166667	1.5	0.27	0.0	0.379135
55913	11987	4	1	4	3	6	1	1.0	3	2014	4	16	3	14.83333333	57	1	0	0	1588	0.394444444	0.146111111	0.158611111	0.0	0.131111111	0.0	0	0.1591666669999999	1.5	0.38	10.5	0.682373
55923	11991	0	1	1	5	6	1	1.0	3	2014	4	17	4	14.0	34	0	0	0	1229	0.342222222	0.120277778	0.2638888889999999	0.0	0.044444444	0.0	0	0.097777778	1.5	0.22	0.0	0.2215909999999999
55934	11994	0	3	3	3	6	1	1.0	3	2014	4	17	4	17.16666667	35	0	1	0	2015	0.519166667	0.2072222219999999	0.126944444	0.0	0.1988888889999999	0.0	0	0.170833333	1.5	0.38	0.0	0.279675
55940	11996	0	1	3	4	1	1	1.0	3	2014	4	17	4	17.5	45	0	1	2	12548	3.2436111110000003	1.144166667	0.2325	0.45	0.0	0.2	2	0.993888889	5.9	2.75	0.0	0.4237
55952	12000	4	1	3	3	2	3	0.0	3	2014	4	18	5	14.5	13	1	0	1	1466	0.539166667	0.185277778	0.132777778	0.0	0.141944444	0.0	0	0.1422222219999999	0.0	0.45	0.0	0.210938
55995	12012	0	0	4	3	6	1	1.0	3	2014	4	18	5	10.0	50	1	1	2	3030	0.6319444439999999	0.1541666669999999	0.3358333329999999	0.0	0.066666667	0.0	0	0.1172222219999999	1.5	0.43	0.0	0.218009
56023	12019	1	0	3	3	6	5	0.0	3	2014	4	20	7	11.75	76	1	0	0	3878	0.877222222	0.255555556	0.023611111	0.0	0.2819444439999999	0.0	0	0.164722222	0.0	0.53	0.0	0.247892
56027	12021	0	0	4	3	1	1	1.0	3	2014	4	20	7	14.0	27	0	1	1	16081	3.798611111	1.1419444440000002	0.047777778	0.6333333329999999	0.065277778	0.288888889	2	0.884166667	6.9	2.71	0.0	0.544455
56040	12023	1	0	3	1	6	1	1.0	3	2014	4	20	7	7.0	22	0	0	0	7442	1.820833333	0.611388889	0.0288888889999999	0.0	0.578888889	0.25	1	0.344166667	3.0	1.17	0.0	0.0468119
56048	12025	0	1	1	5	6	1	1.0	3	2014	4	20	7	11.0	48	0	1	0	583	0.226111111	0.066111111	0.108055556	0.0	0.0575	0.0	0	0.085833333	1.5	0.18	0.0	0.333333
56053	12026	0	3	4	3	6	1	1.0	3	2014	4	20	7	21.0	53	0	0	0	3175	0.8475	0.25	0.236388889	0.0	0.223611111	0.0	0	0.2419444439999999	1.5	0.64	0.0	0.452354
56071	12033	0	0	4	3	1	5	0.0	3	2014	4	21	1	12.0	65	1	0	1	4149	0.92	0.259444444	0.291388889	0.0	0.183333333	0.0	0	0.205833333	0.0	0.65	0.0	0.248313
56106	12039	1	1	4	3	1	1	1.0	3	2014	4	21	1	16.5	24	1	0	1	2235	0.596944444	0.176388889	0.235833333	0.0	0.111111111	0.0	0	0.190555556	1.5	0.56	0.0	0.419825
56128	12043	0	2	4	3	5	1	1.0	3	2014	4	21	1	10.33333333	44	1	1	2	5063	1.273055556	0.339444444	0.230555556	0.05	0.255277778	0.129444444	1	0.234166667	3.4	1.24	0.0	0.266904
56133	12043	2	1	1	5	5	4	0.0	3	2014	4	21	1	10.75	18	0	0	2	1999	0.488888889	0.301388889	0.205	0.0	0.181388889	0.0	0	0.2188888889999999	0.0	0.67	0.0	0.6484770000000001
56134	12043	2	3	3	3	5	4	0.0	3	2014	4	21	1	15.0	18	0	0	2	16994	3.949444444	1.1705555559999998	0.055555556	0.433333333	0.2666666669999999	0.233333333	2	0.962777778	1.85	4.04	0.0	0.588863
56144	12046	0	1	1	5	6	5	0.0	3	2014	4	21	1	16.66666667	63	1	0	0	1021	0.259444444	0.110277778	0.166666667	0.016666667	0.0	0.0	0	0.116944444	0.0	0.24	0.0	0.456057
56159	12049	2	0	4	2	2	5	0.0	3	2014	4	22	2	8.5	6	0	0	2	3075	0.7463888890000001	0.241388889	0.152777778	0.0	0.203055556	0.0	0	0.180555556	0.0	0.46	0.0	0.313846
56188	12059	0	1	1	2	2	1	1.0	3	2014	4	22	2	12.66666667	40	1	1	1	1115	0.266111111	0.090277778	0.134166667	0.0	0.1	0.0	0	0.103333333	1.5	0.2	0.0	0.260753
56194	12059	0	7	1	3	2	1	1.0	3	2014	4	22	2	17.5	40	1	1	1	883	0.235555556	0.079166667	0.134166667	0.0	0.066666667	0.0	0	0.1325	1.5	0.24	0.0	0.209644
56212	12064	0	2	4	5	1	1	1.0	3	2014	4	22	2	14.5	46	1	0	1	446	0.4533333329999999	0.114166667	0.148055556	0.0	0.283333333	0.0	0	0.1	1.5	0.31	0.0	0.197222
56264	12076	1	1	4	3	1	1	1.0	3	2014	4	23	3	14.5	52	0	1	2	2171	0.666388889	0.220555556	0.26	0.0	0.1411111109999999	0.0	0	0.1555555559999999	1.5	0.49	0.0	0.258929
56266	12076	1	3	4	3	1	1	1.0	3	2014	4	23	3	17.33333333	52	0	1	2	2171	0.666388889	0.220555556	0.2613888889999999	0.0	0.117777778	0.0	0	0.175555556	1.5	0.51	0.0	0.318038
56269	12076	2	0	4	1	1	1	1.0	3	2014	4	23	3	8.25	23	1	1	2	4337	1.052777778	0.3358333329999999	0.079722222	0.083333333	0.317777778	0.133888889	1	0.346388889	3.6	0.9	0.0	0.500401
56272	12076	2	3	4	3	1	1	1.0	3	2014	4	23	3	19.25	23	1	1	2	10589	2.4483333330000003	0.7175	0.085	0.0	0.8683333329999999	0.066666667	1	0.606666667	3.0	1.78	0.0	0.397436
56274	12077	0	1	4	3	2	5	0.0	3	2014	4	23	3	14.75	74	1	1	1	1596	0.391944444	0.113333333	0.114722222	0.0	0.108888889	0.0	0	0.1005555559999999	0.0	0.24	0.0	0.220994
56289	12083	0	0	3	4	1	1	1.0	3	2014	4	23	3	4.5	42	1	0	1	1286	0.363611111	0.1172222219999999	0.136944444	0.0	0.058333333	0.0	0	0.079166667	1.5	0.25	0.0	0.0385965
56319	12090	0	0	1	2	6	1	1.0	3	2014	4	24	4	8.0	30	1	0	0	591	0.225277778	0.071666667	0.145	0.0	0.0430555559999999	0.0	0	0.0841666669999999	1.5	0.18	0.0	0.270627
56323	12090	1	0	3	1	6	1	1.0	3	2014	4	24	4	8.0	20	0	0	0	16172	3.813055556	1.197777778	0.211666667	0.6	0.0	0.1	1	1.188611111	3.9	3.04	10.5	0.753213
56355	12096	0	5	4	3	1	1	1.0	3	2014	4	24	4	14.0	38	1	1	1	4529	1.144166667	0.446944444	0.140555556	0.1	0.113333333	0.1888888889999999	1	0.2847222219999999	3.4	0.87	0.0	0.217561
56374	12101	1	0	4	3	3	5	0.0	3	2014	4	24	4	11.5	61	0	1	1	5817	1.475555556	0.502777778	0.126111111	0.0	0.710555556	0.233888889	1	0.299722222	0.0	1.05	0.0	0.313253
56392	12103	2	1	4	5	1	5	0.0	3	2014	4	24	4	8.416666667000001	9	1	0	1	1352	0.3883333329999999	0.118333333	0.233888889	0.0	0.065	0.0	0	0.114444444	0.0	0.29	0.0	0.269417
56393	12103	2	2	4	5	1	5	0.0	3	2014	4	24	4	15.25	9	1	0	1	1352	0.3988888889999999	0.1266666669999999	0.221944444	0.0	0.069444444	0.0	0	0.156388889	0.0	0.44	0.0	0.149201
56402	12103	3	4	4	3	1	3	0.0	3	2014	4	24	4	18.11666667	13	0	0	1	792	0.159722222	0.036944444	0.053333333	0.0	0.0302777779999999	0.0	0	0.029444444	0.0	0.1	0.0	0.301887
56410	12105	2	1	1	2	1	5	0.0	3	2014	4	25	5	15.41666667	10	1	0	2	802	0.2125	0.06	0.0625	0.0	0.0586111109999999	0.0	0	0.0461111109999999	0.0	0.14	0.0	0.0542169
56423	12109	0	0	3	2	1	5	0.0	3	2014	4	25	5	8.0	46	1	0	1	1381	0.420555556	0.136388889	0.277777778	0.0	0.068888889	0.0	0	0.133611111	0.0	0.36	0.0	0.139293
56424	12109	0	1	3	5	1	5	0.0	3	2014	4	25	5	8.75	46	1	0	1	10987	2.539444444	0.8594444440000001	0.187222222	0.316666667	0.0	0.1	1	0.668611111	0.0	1.9	10.5	0.574159
56435	12111	2	0	4	3	2	5	0.0	3	2014	4	25	5	8.0	6	1	0	1	13136	3.460277778	0.848888889	0.250277778	0.3833333329999999	0.0	0.0	0	0.588888889	0.0	2.02	0.0	0.508491
56445	12113	3	1	4	2	1	5	0.0	3	2014	4	25	5	15.18333333	10	0	0	1	912	0.274166667	0.081111111	0.151388889	0.0	0.049722222	0.0	0	0.082777778	0.0	0.22	0.0	0.110738
56458	12117	1	1	3	1	1	1	1.0	3	2014	4	25	5	17.5	34	1	1	1	2679	1.181111111	0.4927777779999999	0.1255555559999999	0.033333333	0.0511111109999999	0.1	1	0.289722222	3.2	0.76	0.0	0.536913
56462	12118	2	1	1	2	2	3	0.0	3	2014	4	25	5	15.41666667	13	1	0	1	1114	0.329444444	0.078888889	0.179722222	0.0	0.136388889	0.0	0	0.073333333	0.0	0.2	0.0	0.0
56477	12120	1	2	1	4	1	4	1.0	3	2014	4	25	5	13.0	40	0	1	2	1720	0.4425	0.158888889	0.1472222219999999	0.0	0.170833333	0.0	0	0.161111111	1.5	0.41	10.5	0.634483
56479	12120	2	5	4	5	1	5	0.0	3	2014	4	25	5	20.0	8	0	0	2	2261	0.561388889	0.158611111	0.145833333	0.0	0.1166666669999999	0.0	0	0.114722222	0.0	0.36	0.0	0.37046
56500	12126	0	0	4	4	2	1	1.0	3	2014	4	25	5	9.75	54	1	1	1	1613	0.409166667	0.124166667	0.153333333	0.0	0.114166667	0.0	0	0.0991666669999999	1.5	0.25	0.0	0.529412
56505	12126	2	0	3	2	2	1	0.0	3	2014	4	25	5	7.833333333	18	0	0	1	5414	1.3666666669999998	0.461111111	0.0705555559999999	0.0	0.6658333329999999	0.0	0	0.395	0.0	0.93	0.0	0.387482
56514	12127	0	4	4	3	4	1	1.0	3	2014	4	25	5	0.5	35	1	0	1	10343	2.419722222	0.818888889	0.076111111	0.35	0.114166667	0.166666667	1	0.557777778	4.3	2.83	0.0	0.455677
56516	12127	1	1	2	1	4	1	1.0	3	2014	4	25	5	17.5	37	0	1	1	653	0.185555556	0.068333333	0.1172222219999999	0.0	0.051666667	0.0	0	0.082222222	1.5	0.28	0.0	0.148649
56527	12130	0	0	4	4	6	1	1.0	3	2014	4	26	6	9.75	38	1	1	2	9563	2.1825	0.681111111	0.3483333329999999	0.25	0.083333333	0.1	1	0.453611111	3.0	1.32	0.0	0.350888
56547	12135	2	0	1	3	6	5	0.0	3	2014	4	26	6	14.0	9	1	0	0	1032	0.2925	0.1180555559999999	0.072777778	0.0	0.1041666669999999	0.0	0	0.148333333	0.0	0.25	0.0	0.413858
56567	12144	0	2	3	3	6	1	1.0	3	2014	4	26	6	17.41666667	44	1	0	0	3984	0.908333333	0.302777778	0.0475	0.0	0.505555556	0.0	0	0.326944444	1.5	0.76	0.0	0.478335
56581	12147	0	2	4	3	1	1	1.0	3	2014	4	27	7	15.33333333	47	1	1	2	2539	0.563055556	0.156944444	0.141666667	0.0	0.15	0.0	0	0.1191666669999999	1.5	0.38	0.0	0.11655
56607	12153	1	1	4	5	6	1	1.0	3	2014	4	27	7	12.5	45	0	0	0	1937	0.525555556	0.180555556	0.2288888889999999	0.0	0.149166667	0.0	0	0.149444444	1.5	0.36	0.0	0.252788
56635	12159	0	1	1	3	6	1	1.0	3	2014	4	27	7	16.66666667	49	0	0	0	936	0.2663888889999999	0.082777778	0.149722222	0.0	0.085833333	0.0	0	0.089444444	1.5	0.19	0.0	0.167702
56641	12161	1	1	4	1	5	1	1.0	3	2014	4	28	1	16.5	47	1	1	2	9154	2.1075	0.608055556	0.150555556	0.0	0.541388889	0.066666667	1	0.419166667	3.0	2.2	0.0	0.31279
56661	12166	0	3	1	3	2	1	1.0	3	2014	4	28	1	18.68333333	38	1	0	1	657	0.1591666669999999	0.0725	0.085277778	0.0	0.033055556	0.0	0	0.066944444	1.5	0.13	0.0	0.352697
56685	12173	1	1	3	4	6	1	1.0	3	2014	4	28	1	18.0	37	0	1	0	17109	3.948333333	1.320277778	0.151666667	0.7666666670000001	0.0	0.083333333	1	1.11	3.3	3.37	10.5	0.63989
56701	12177	0	1	4	5	2	5	0.0	3	2014	4	29	2	14.16666667	66	1	1	2	4418	1.072222222	0.298333333	0.387222222	0.0	0.302222222	0.0	0	0.277777778	0.0	0.7	0.0	0.299
56710	12181	0	3	4	3	2	5	0.0	3	2014	4	29	2	21.08333333	55	0	1	2	1650	0.406666667	0.114444444	0.102777778	0.0	0.083333333	0.0	0	0.114444444	0.0	0.29	0.0	0.0946602
56718	12181	2	4	4	3	2	3	0.0	3	2014	4	29	2	21.08333333	15	0	0	2	1650	0.406666667	0.114444444	0.102777778	0.0	0.083333333	0.0	0	0.114444444	0.0	0.29	0.0	0.0946602
56730	12183	1	4	3	3	6	3	0.0	3	2014	4	29	2	17.66666667	15	0	0	0	787	0.203888889	0.061944444	0.1011111109999999	0.0	0.07	0.0	0	0.083611111	0.0	0.17	0.0	0.0996678
56744	12187	0	0	3	1	6	1	1.0	3	2014	4	30	3	8.5	32	0	1	0	6200	1.471111111	0.504444444	0.076111111	0.466666667	0.0	0.083333333	1	0.4508333329999999	2.9	1.11	0.0	0.773876
56777	12192	0	3	4	3	1	1	1.0	3	2014	4	30	3	15.0	41	0	1	1	1659	0.401944444	0.100277778	0.037777778	0.0	0.133333333	0.0	0	0.1047222219999999	1.5	0.3	0.0	0.183024
56784	12192	2	0	3	2	1	3	0.0	3	2014	4	30	3	8.25	15	1	0	1	962	0.2075	0.058888889	0.082222222	0.0	0.044444444	0.0	0	0.044722222	0.0	0.14	0.0	0.279503
56786	12192	2	2	1	3	1	3	0.0	3	2014	4	30	3	15.26666667	15	1	0	1	962	0.2075	0.058888889	0.082222222	0.0	0.033333333	0.0	0	0.0358333329999999	0.0	0.13	0.0	0.0620154999999999
56817	12198	0	5	4	3	1	1	1.0	3	2014	4	30	3	19.6	46	1	1	1	699	0.1866666669999999	0.0625	0.143333333	0.0	0.016666667	0.0	0	0.07	1.5	0.19	0.0	0.0555556
56821	12198	1	1	1	5	1	1	1.0	3	2014	4	30	3	16.5	22	1	0	1	1222	0.301666667	0.1397222219999999	0.143055556	0.0	0.0625	0.0	0	0.0897222219999999	1.5	0.31	0.0	0.541796
56863	12210	0	4	4	3	1	5	0.0	3	2014	5	1	4	18.0	70	1	1	1	2435	0.556111111	0.171666667	0.1075	0.0	0.123888889	0.0	0	0.184722222	0.0	0.56	0.0	0.311278
56871	12211	1	1	2	3	6	5	0.0	3	2014	5	1	4	9.016666667	66	0	0	0	5370	1.309166667	0.500555556	0.110277778	0.2	0.073888889	0.156111111	1	0.4683333329999999	0.0	1.07	0.0	0.832147
56930	12226	1	0	4	2	2	1	1.0	3	2014	5	2	5	12.0	55	1	1	1	4856	1.193055556	0.408611111	0.053333333	0.0	0.533611111	0.069722222	1	0.305277778	3.0	0.74	0.0	0.321201
56941	12228	0	1	4	5	5	1	1.0	3	2014	5	3	6	14.0	32	1	1	2	10602	2.219166667	0.743055556	0.1875	0.0	0.868888889	0.077222222	1	0.357777778	3.0	2.2	0.0	0.436335
56944	12228	1	2	4	3	5	1	1.0	3	2014	5	3	6	18.0	43	0	1	2	10480	2.463333333	0.7797222220000001	0.316111111	0.0	0.6830555559999999	0.0922222219999999	1	0.376388889	3.0	2.37	0.0	0.270111
56951	12230	0	0	4	1	6	5	0.0	3	2014	5	3	6	7.25	66	1	1	0	1291	0.3975	0.1675	0.270555556	0.0	0.0505555559999999	0.0	0	0.08	0.0	0.28	0.0	0.135417
56977	12231	3	3	4	3	1	3	0.0	3	2014	5	3	6	17.5	14	1	0	2	1468	0.380833333	0.105833333	0.163333333	0.0	0.144444444	0.0	0	0.12	0.0	0.32	0.0	0.310185
56994	12234	0	2	4	3	2	1	1.0	3	2014	5	3	6	12.58333333	41	0	1	1	4438	1.007777778	0.291666667	0.148333333	0.0	0.201388889	0.0	0	0.197222222	1.5	0.56	0.0	0.471831
57002	12235	0	1	4	3	1	1	1.0	3	2014	5	3	6	11.25	57	1	1	1	4834	1.614444444	0.362222222	0.21	0.133333333	0.108888889	0.133333333	1	0.2263888889999999	3.0	0.86	0.0	0.293252
57024	12240	2	0	1	3	6	3	0.0	3	2014	5	3	6	13.0	11	1	0	0	713	0.231388889	0.093333333	0.177777778	0.0	0.021666667	0.0	0	0.113611111	0.0	0.23	0.0	0.178484
57038	12243	0	1	4	3	1	1	1.0	3	2014	5	4	7	16.0	44	0	1	2	2731	0.7163888890000001	0.199722222	0.083888889	0.0	0.26	0.0	0	0.161666667	1.5	0.5	0.0	0.171821
57044	12243	3	1	4	3	1	5	0.0	3	2014	5	4	7	16.0	8	1	0	2	2731	0.7163888890000001	0.199722222	0.083888889	0.0	0.26	0.0	0	0.161666667	0.0	0.5	0.0	0.171821
57088	12251	1	3	1	3	2	1	1.0	3	2014	5	4	7	16.0	31	0	1	2	1914	0.417777778	0.1541666669999999	0.12	0.0	0.224166667	0.0	0	0.185	1.5	0.35	0.0	0.315315
57106	12256	0	1	4	3	1	1	1.0	3	2014	5	5	1	14.0	24	1	1	2	6208	1.530555556	0.491388889	0.120555556	0.066666667	0.3833333329999999	0.133333333	1	0.343611111	3.0	1.03	0.0	0.205335
57108	12257	0	0	4	3	1	1	1.0	3	2014	5	5	1	13.5	68	0	1	1	2303	0.649166667	0.195555556	0.1938888889999999	0.0	0.150277778	0.0	0	0.150277778	1.5	0.47	0.0	0.155268
57132	12261	1	0	3	3	1	1	1.0	3	2014	5	5	1	13.0	34	0	1	1	18532	4.125555556	1.339166667	0.171666667	0.433333333	0.138888889	0.2	2	1.063055556	5.4	3.13	0.0	0.461197
57135	12261	1	3	3	3	1	1	1.0	3	2014	5	5	1	17.91666667	34	0	1	1	18533	4.1677777780000005	1.354166667	0.2097222219999999	0.416666667	0.0	0.133333333	1	1.186944444	6.3	3.22	0.0	0.652001
57148	12264	1	1	3	4	1	1	1.0	3	2014	5	5	1	16.0	39	0	1	1	16919	4.021111111000001	1.282777778	0.158888889	0.2666666669999999	0.120833333	0.24	2	0.975833333	4.8	2.87	0.0	0.579846
57155	12266	1	0	4	3	1	1	0.0	3	2014	5	5	1	12.0	66	1	1	1	1610	0.396666667	0.103333333	0.046666667	0.0	0.1166666669999999	0.0	0	0.099444444	0.0	0.28	0.0	0.215084
57160	12268	0	1	4	3	1	1	1.0	3	2014	5	5	1	20.5	50	1	1	1	6385	1.5572222219999998	0.462777778	0.254722222	0.0	0.5852777779999999	0.0925	1	0.366944444	3.0	1.28	0.0	0.2944739999999999
57181	12272	1	2	1	3	6	4	1.0	3	2014	5	5	1	15.76666667	26	1	1	0	697	0.2075	0.081111111	0.052777778	0.0	0.073888889	0.0	0	0.065833333	1.5	0.14	0.0	0.337553
57189	12273	2	4	4	3	2	1	1.0	3	2014	5	5	1	18.7	58	0	1	1	2727	0.669722222	0.2119444439999999	0.110555556	0.1	0.0866666669999999	0.1166666669999999	1	0.245	3.0	0.6	0.0	0.3310659999999999
57196	12276	0	2	3	3	6	4	1.0	3	2014	5	5	1	22.5	24	0	1	0	2201	0.771388889	0.234166667	0.208333333	0.0	0.208333333	0.0	0	0.16	1.5	0.43	0.0	0.161458
57198	12276	1	2	3	3	6	4	1.0	3	2014	5	5	1	22.5	25	0	1	0	2201	0.771388889	0.234166667	0.208333333	0.0	0.208333333	0.0	0	0.16	1.5	0.43	0.0	0.161458
57206	12280	0	1	1	3	1	1	1.0	3	2014	5	6	2	18.76666667	62	0	1	2	2102	0.496388889	0.185555556	0.136111111	0.0	0.158333333	0.0	0	0.135	1.5	0.41	0.0	0.211934
57217	12281	2	4	3	2	1	2	0.0	3	2014	5	6	2	18.0	16	1	0	2	11550	2.806388889	0.923333333	0.131388889	0.583333333	0.0	0.083333333	1	0.761388889	1.95	2.16	0.0	0.5549069999999999
57226	12283	2	1	3	2	1	3	0.0	3	2014	5	6	2	18.0	15	0	0	1	868	0.211111111	0.080833333	0.081944444	0.0	0.066111111	0.0	0	0.171111111	0.0	0.48	0.0	0.558442
57237	12286	3	0	4	2	6	5	0.0	3	2014	5	6	2	7.666666667	7	0	0	0	5685	1.4775	0.4025	0.4927777779999999	0.183333333	0.0	0.0	0	0.393055556	0.0	1.05	0.0	0.373145
57239	12287	0	0	4	3	1	5	0.0	3	2014	5	6	2	10.5	69	1	1	2	1724	0.368333333	0.1	0.0	0.0	0.181111111	0.0	0	0.066111111	0.0	0.23	0.0	0.268908
57278	12293	3	0	1	3	2	1	1.0	3	2014	5	6	2	18.0	20	0	0	1	2181	0.535555556	0.190277778	0.125833333	0.0	0.272777778	0.0	0	0.1625	1.5	0.39	0.0	0.6905979999999999
57285	12295	0	3	4	3	1	1	1.0	3	2014	5	7	3	17.0	30	1	1	2	1131	0.283333333	0.0891666669999999	0.243888889	0.0	0.040833333	0.0	0	0.085833333	1.5	0.22	0.0	0.0485436999999999
57330	12306	1	0	3	1	6	1	1.0	3	2014	5	7	3	8.0	28	1	1	0	6477	1.4816666669999998	0.502222222	0.094722222	0.066666667	0.3958333329999999	0.283333333	2	0.493888889	4.7	1.11	10.5	0.774466
57333	12308	0	0	2	2	2	1	1.0	3	2014	5	7	3	7.5	51	0	1	1	1335	0.363333333	0.115277778	0.289722222	0.0	0.053333333	0.0	0	0.135833333	1.5	0.32	0.0	0.376278
57336	12308	0	3	1	2	2	1	1.0	3	2014	5	7	3	8.25	51	0	1	1	867	0.337777778	0.179166667	0.235	0.0	0.058333333	0.0	0	0.070277778	1.5	0.17	0.0	0.470356
57341	12308	0	8	2	2	2	1	1.0	3	2014	5	7	3	16.25	51	0	1	1	1335	0.363333333	0.115277778	0.289722222	0.0	0.06	0.0	0	0.128055556	1.5	0.31	0.0	0.381779
57354	12310	0	1	3	1	6	1	1.0	3	2014	5	8	4	16.5	42	1	1	0	7310	1.773888889	0.555	0.16	0.0	0.8666666670000001	0.0	0	0.6125	1.5	1.46	0.0	0.42585
57364	12312	1	1	4	3	2	1	1.0	3	2014	5	8	4	19.66666667	43	0	1	1	9871	2.351111111	0.738055556	0.294722222	0.0	0.543888889	0.0	0	0.385555556	1.5	1.42	0.0	0.3494239999999999
57369	12312	3	3	4	3	2	3	0.0	3	2014	5	8	4	19.66666667	15	0	0	1	9871	2.351111111	0.738055556	0.294722222	0.0	0.543888889	0.0	0	0.385555556	0.0	1.42	0.0	0.3494239999999999
57371	12312	4	3	4	3	2	5	0.0	3	2014	5	8	4	19.66666667	10	1	0	1	9871	2.351111111	0.738055556	0.294722222	0.0	0.543888889	0.0	0	0.385555556	0.0	1.42	0.0	0.3494239999999999
57391	12316	1	2	1	3	6	1	1.0	3	2014	5	8	4	15.75	29	0	0	0	1657	0.505833333	0.131388889	0.121388889	0.0	0.2119444439999999	0.0	0	0.173611111	1.5	0.41	0.0	0.1008
57395	12318	0	1	3	1	1	1	1.0	3	2014	5	8	4	21.0	21	0	0	1	2317	0.863611111	0.483055556	0.075833333	0.033333333	0.073888889	0.166666667	1	0.292777778	3.0	1.07	0.0	0.268501
57413	12324	0	0	3	3	6	5	0.0	3	2014	5	8	4	11.75	66	0	1	0	827	0.219444444	0.0991666669999999	0.1047222219999999	0.0	0.0777777779999999	0.0	0	0.0775	0.0	0.16	0.0	0.5376340000000001
57457	12336	1	0	3	5	6	1	1.0	3	2014	5	9	5	8.5	30	0	0	0	11006	2.520833333	0.909722222	0.165833333	0.4	0.0	0.166666667	2	0.845555556	2.9	1.95	10.5	0.7444149999999999
57461	12337	0	0	3	3	6	5	0.0	3	2014	5	9	5	10.0	70	1	0	0	1472	0.431944444	0.203055556	0.0991666669999999	0.0	0.096388889	0.0	0	0.102777778	0.0	0.27	0.0	0.191892
57473	12338	2	0	3	2	1	3	0.0	3	2014	5	9	5	7.0	12	0	0	1	10228	2.523333333	0.6836111109999999	0.093055556	0.55	0.0436111109999999	0.308333333	2	0.514444444	1.75	1.64	0.0	0.460583
57488	12339	3	0	3	1	1	1	1.0	3	2014	5	9	5	8.083333332999999	29	1	1	1	9547	2.186666667	0.681111111	0.231111111	0.35	0.0991666669999999	0.1175	1	0.714722222	5.0	1.78	10.5	0.68597
57490	12339	3	4	1	5	1	1	1.0	3	2014	5	9	5	19.5	29	1	1	1	436	0.11	0.0436111109999999	0.059722222	0.0	0.05	0.0	0	0.048055556	1.5	0.1	0.0	0.537572
57500	12341	1	1	4	3	1	1	1.0	3	2014	5	9	5	11.25	68	1	0	1	3128	0.856666667	0.273333333	0.148333333	0.0	0.300277778	0.0	0	0.1541666669999999	1.5	0.56	0.0	0.189189
57511	12345	0	1	4	5	5	1	1.0	3	2014	5	9	5	12.0	59	0	1	2	9937	2.255833333	0.7986111109999999	0.1625	0.533333333	0.05	0.133333333	1	0.6283333329999999	3.79	2.65	0.0	0.439876
57515	12345	0	5	1	3	5	1	1.0	3	2014	5	9	5	19.25	59	0	1	2	696	0.155833333	0.049444444	0.026111111	0.0	0.033055556	0.0	0	0.049166667	1.5	0.15	0.0	0.141243
57524	12346	0	5	4	3	1	1	1.0	3	2014	5	9	5	0.5	37	0	1	2	5482	1.297222222	0.443611111	0.193611111	0.0	0.3469444439999999	0.205833333	1	0.37	3.0	1.08	0.0	0.563063
57546	12354	0	3	3	5	6	5	0.0	3	2014	5	10	6	14.25	68	1	0	0	4400	1.085277778	0.407222222	0.054444444	0.0	0.304722222	0.133333333	1	0.203333333	0.0	0.61	0.0	0.443989
57547	12354	0	4	3	3	6	5	0.0	3	2014	5	10	6	18.5	68	1	0	0	3181	0.8125	0.311388889	0.095277778	0.0	0.208888889	0.0	0	0.252777778	0.0	0.6	0.0	0.4516479999999999
57551	12355	1	1	4	1	1	1	1.0	3	2014	5	10	6	22.5	54	0	1	1	13782	4.120277778	1.068055556	0.041388889	0.583333333	0.066944444	0.183333333	2	0.535833333	3.0	2.24	0.0	0.296008
57556	12356	1	0	4	3	1	1	1.0	3	2014	5	10	6	20.25	35	1	1	2	2521	0.643611111	0.2419444439999999	0.127777778	0.0	0.128611111	0.0	0	0.151388889	1.5	0.44	0.0	0.370642
57577	12359	1	1	4	1	2	1	1.0	3	2014	5	10	6	20.0	40	0	1	1	16775	3.813333333	1.161944444	0.145833333	0.25	0.34	0.433333333	2	0.8341666670000001	4.3	2.26	0.0	0.455211
57580	12359	3	0	3	3	2	2	0.0	3	2014	5	10	6	18.0	16	0	0	1	19628	4.448333333	1.463333333	0.218611111	0.7333333329999999	0.0	0.1166666669999999	1	1.189444444	2.7	2.91	10.5	0.558384
57589	12361	0	1	3	3	6	1	1.0	3	2014	5	10	6	19.0	27	0	0	0	12386	2.893611111	0.904444444	0.155833333	0.0	0.918888889	0.309722222	2	0.555	4.5	2.01	0.0	0.2742739999999999
57597	12363	1	0	3	3	6	1	1.0	3	2014	5	10	6	19.75	34	0	1	0	6262	1.480277778	0.504166667	0.220555556	0.2	0.0	0.0	0	0.55	2.4	1.41	0.0	0.7656569999999999
57598	12363	1	1	3	3	6	1	1.0	3	2014	5	10	6	22.0	34	0	1	0	6262	1.4516666669999998	0.500555556	0.223333333	0.2166666669999999	0.0	0.0	0	0.4144444439999999	2.4	1.21	0.0	0.504692
57608	12365	0	3	4	5	2	1	1.0	3	2014	5	10	6	12.5	42	1	1	1	1798	0.443055556	0.180277778	0.232777778	0.0	0.064166667	0.0	0	0.116388889	1.5	0.34	0.0	0.167064
57613	12365	1	3	4	5	2	1	1.0	3	2014	5	10	6	9.85	44	0	1	1	8114	1.937777778	0.6475	0.285833333	0.0	0.686666667	0.0	0	0.313888889	1.5	1.04	0.0	0.261062
57624	12365	4	1	4	5	2	5	0.0	3	2014	5	10	6	8.833333332999999	5	1	0	1	1798	0.443055556	0.180277778	0.232777778	0.0	0.064166667	0.0	0	0.106388889	0.0	0.33	0.0	0.0913838
57633	12367	2	1	3	3	6	5	0.0	3	2014	5	10	6	14.66666667	21	0	0	0	3644	1.229444444	0.357222222	0.0891666669999999	0.0	0.416388889	0.112222222	1	0.257222222	0.0	0.77	0.0	0.389849
57635	12368	0	1	3	1	6	5	0.0	3	2014	5	10	6	10.0	61	0	0	0	7202	1.7427777780000002	0.623888889	0.109166667	0.066666667	0.5458333329999999	0.091666667	1	0.415	0.0	1.21	10.5	0.540161
57637	12368	1	1	1	5	6	1	1.0	3	2014	5	10	6	11.66666667	47	1	1	0	388	0.099444444	0.041111111	0.049722222	0.0	0.06	0.0	0	0.036666667	1.5	0.07	0.0	0.1212119999999999
57645	12370	1	1	3	3	6	4	0.5	3	2014	5	11	7	16.0	21	1	0	0	6271	1.584166667	0.562222222	0.08	0.0	0.714722222	0.133333333	1	0.1975	1.5	0.84	0.0	0.3150489999999999
57686	12381	3	1	4	3	2	5	0.0	3	2014	5	11	7	11.01666667	10	0	0	1	4786	1.227222222	0.357777778	0.207777778	0.2166666669999999	0.0	0.0	0	0.315555556	0.0	0.77	0.0	0.253521
57702	12384	0	0	1	3	6	4	1.0	3	2014	5	11	7	13.0	23	1	0	0	453	0.129444444	0.064444444	0.0119444439999999	0.0	0.066666667	0.0	0	0.078611111	1.5	0.13	0.0	0.448763
57703	12384	0	3	1	3	6	4	1.0	3	2014	5	11	7	15.91666667	23	1	0	0	480	0.127222222	0.052777778	0.032222222	0.0	0.0430555559999999	0.0	0	0.0575	1.5	0.13	0.0	0.4879229999999999
57740	12396	0	1	3	3	6	5	0.0	3	2014	5	12	1	11.5	73	0	0	0	4145	0.963055556	0.289166667	0.1988888889999999	0.0	0.3383333329999999	0.0	0	0.2819444439999999	0.0	0.81	0.0	0.2985219999999999
57757	12403	1	3	1	3	1	1	1.0	3	2014	5	13	2	19.33333333	46	1	0	1	1795	0.525555556	0.129444444	0.1036111109999999	0.0	0.19	0.0	0	0.123888889	1.5	0.38	0.0	0.121076
57763	12403	3	2	4	3	1	1	1.0	3	2014	5	13	2	22.33333333	21	1	1	1	3337	0.768055556	0.244722222	0.110555556	0.0	0.1722222219999999	0.0	0	0.118888889	1.5	0.47	0.0	0.214953
57766	12404	0	3	3	3	1	1	1.0	3	2014	5	13	2	18.33333333	31	0	1	1	11346	2.597222222	0.815	0.358888889	0.416666667	0.0	0.0	0	0.7019444440000001	3.9	1.92	0.0	0.6941039999999999
57777	12406	0	3	4	5	1	1	1.0	3	2014	5	13	2	13.25	46	1	1	2	4731	1.158611111	0.389166667	0.085	0.0	0.3883333329999999	0.081666667	1	0.219722222	3.0	0.76	0.0	0.238938
57782	12406	2	1	4	2	1	3	0.0	3	2014	5	13	2	15.5	12	1	0	2	1288	0.510277778	0.148611111	0.182222222	0.0	0.194444444	0.0	0	0.1266666669999999	0.0	0.42	0.0	0.0855263
57812	12412	0	1	4	2	1	1	1.0	3	2014	5	13	2	8.183333333	44	1	1	2	3532	0.820277778	0.240555556	0.079722222	0.0	0.2666666669999999	0.0	0	0.22	1.5	0.59	0.0	0.277778
57817	12412	0	7	4	3	1	1	1.0	3	2014	5	13	2	18.5	44	1	1	2	2332	0.6025	0.188611111	0.0847222219999999	0.0	0.166944444	0.0	0	0.154722222	1.5	0.48	0.0	0.344704
57851	12414	0	4	1	3	2	1	1.0	3	2014	5	13	2	19.75	31	0	1	1	280	0.075277778	0.016666667	0.055277778	0.0	0.032777778	0.0	0	0.033888889	1.5	0.07	0.0	0.590164
57876	12420	1	1	4	1	1	1	1.0	3	2014	5	14	3	17.75	40	0	1	1	6039	1.416944444	0.362777778	0.1216666669999999	0.0	0.515	0.1166666669999999	1	0.305833333	3.0	0.96	0.0	0.324251
57885	12423	0	0	3	1	1	1	1.0	3	2014	5	14	3	7.5	39	1	1	1	1124	0.275833333	0.123611111	0.055277778	0.0	0.070277778	0.0	0	0.081666667	1.5	0.24	0.0	0.156463
57893	12424	1	1	3	1	6	1	1.0	3	2014	5	14	3	17.0	34	1	1	0	3805	0.966111111	0.353611111	0.288333333	0.25	0.0	0.1166666669999999	1	0.239166667	1.7	0.66	0.0	0.4518
57897	12425	0	4	4	4	1	1	1.0	3	2014	5	14	3	8.833333332999999	43	0	1	2	1833	0.491388889	0.1591666669999999	0.2213888889999999	0.0	0.162222222	0.0	0	0.2191666669999999	1.5	0.51	0.0	0.481622
57928	12429	0	0	4	4	6	5	0.0	3	2014	5	14	3	9.083333333	63	0	0	0	6919	1.714444444	0.481666667	0.269722222	0.35	0.0	0.083333333	1	0.5347222220000001	0.0	1.25	0.0	0.756883
57955	12434	4	0	1	2	1	5	0.0	3	2014	5	14	3	8.75	6	1	0	1	607	0.189722222	0.082222222	0.124166667	0.0	0.027777778	0.0	0	0.09	0.0	0.19	0.0	0.17284
57960	12435	0	4	4	5	1	1	1.0	3	2014	5	14	3	17.5	49	1	1	2	1845	0.512777778	0.151388889	0.258333333	0.0	0.138888889	0.0	0	0.1566666669999999	1.5	0.44	0.0	0.278369
57972	12437	1	0	1	1	1	1	1.0	3	2014	5	14	3	8.75	28	1	1	1	606	0.155277778	0.054166667	0.068055556	0.0	0.068888889	0.0	0	0.040555556	1.5	0.11	0.0	0.3150679999999999
57976	12437	1	4	1	5	1	1	1.0	3	2014	5	14	3	17.66666667	28	1	1	1	2629	0.6375	0.243055556	0.074444444	0.0	0.2738888889999999	0.0	0	0.251944444	1.5	0.61	10.5	0.485116
57980	12437	2	1	1	1	2	1	1.0	3	2014	5	14	3	13.33333333	26	1	0	1	606	0.156944444	0.0577777779999999	0.065	0.0	0.041666667	0.0	0	0.041944444	1.5	0.1	0.0	0.172185
57988	12439	0	1	3	5	1	1	1.0	3	2014	5	14	3	10.5	28	0	1	2	8890	1.974166667	0.623611111	0.098333333	0.316666667	0.064166667	0.133333333	1	0.7272222220000001	3.9	1.78	10.5	0.668067
57995	12442	0	0	3	2	6	1	1.0	3	2014	5	15	4	7.916666667	23	1	0	0	3713	0.930555556	0.262222222	0.066111111	0.0	0.3075	0.2166666669999999	1	0.185277778	3.0	0.56	0.0	0.2458769999999999
57997	12442	0	2	3	2	6	1	1.0	3	2014	5	15	4	14.25	23	1	0	0	3713	0.930555556	0.262222222	0.066111111	0.0	0.278333333	0.1166666669999999	1	0.172777778	3.0	0.55	0.0	0.202572
58026	12447	0	9	3	3	6	5	0.0	3	2014	5	15	4	20.5	68	1	1	0	10669	2.3825	0.698888889	0.158611111	0.0	0.583055556	0.076666667	1	0.499444444	0.0	1.55	0.0	0.418242
58078	12462	0	2	3	3	2	5	0.0	3	2014	5	16	5	10.5	85	0	1	1	2430	0.588055556	0.176111111	0.3458333329999999	0.0	0.2025	0.0	0	0.1411111109999999	0.0	0.4	0.0	0.370079
58089	12466	0	0	3	3	1	1	0.5	3	2014	5	17	6	12.0	42	1	1	2	755	0.182777778	0.065555556	0.103333333	0.0	0.046666667	0.0	0	0.0872222219999999	0.75	0.18	0.0	0.296178
58169	12485	2	3	4	3	6	1	1.0	3	2014	5	18	7	16.08333333	23	0	1	2	5747	1.4536111109999998	0.467222222	0.136111111	0.333333333	0.0	0.133333333	1	0.2575	2.29	0.92	0.0	0.149946
58171	12485	3	1	4	1	6	1	1.0	3	2014	5	18	7	22.16666667	19	1	1	2	972	0.256388889	0.087777778	0.082777778	0.0	0.04	0.0	0	0.0605555559999999	1.5	0.21	0.0	0.0275229
58187	12491	0	1	4	3	1	1	1.0	3	2014	5	18	7	19.25	37	0	1	2	5335	1.523055556	0.4552777779999999	0.234166667	0.0	0.3	0.0	0	0.274166667	1.5	0.97	0.0	0.4893619999999999
58199	12493	0	2	1	3	6	1	1.0	3	2014	5	18	7	12.83333333	59	0	0	0	1413	0.305555556	0.099444444	0.092777778	0.0	0.128611111	0.0	0	0.103888889	1.5	0.3	0.0	0.235294
58217	12496	1	1	3	3	6	1	1.0	3	2014	5	18	7	12.5	28	1	0	0	1309	0.4225	0.141944444	0.1875	0.0	0.071388889	0.0	0	0.095833333	1.5	0.24	0.0	0.0898551
58222	12497	1	1	4	5	2	1	1.0	3	2014	5	18	7	9.75	41	0	1	1	1163	0.323333333	0.098888889	0.212777778	0.0	0.105277778	0.0	0	0.069444444	1.5	0.21	0.0	0.184
58227	12497	2	2	4	3	2	3	0.0	3	2014	5	18	7	13.83333333	12	0	0	1	2652	0.6477777779999999	0.190833333	0.1125	0.0	0.288333333	0.0	0	0.189722222	0.0	0.44	0.0	0.311859
58262	12507	0	0	3	1	6	1	1.0	3	2014	5	19	1	8.5	31	0	1	0	5010	1.143611111	0.360833333	0.240555556	0.1166666669999999	0.0	0.0	0	0.386666667	2.9	0.86	10.5	0.5862069999999999
58272	12508	2	0	3	2	1	1	0.5	3	2014	5	19	1	8.333333332999999	26	1	0	1	978	0.4625	0.146944444	0.24	0.0	0.066666667	0.0	0	0.1275	0.75	0.39	0.0	0.1089319999999999
58274	12508	2	3	1	2	1	1	0.5	3	2014	5	19	1	15.5	26	1	0	1	978	0.461944444	0.125833333	0.285	0.0	0.11	0.0	0	0.1166666669999999	0.75	0.36	0.0	0.104762
58276	12508	3	1	1	5	1	1	0.5	3	2014	5	19	1	11.75	22	1	0	1	1181	0.258055556	0.091944444	0.1769444439999999	0.0	0.044444444	0.0	0	0.106388889	0.75	0.3	0.0	0.227154
58313	12516	0	2	4	3	1	1	1.0	3	2014	5	19	1	18.75	43	0	1	1	1960	0.631388889	0.195555556	0.112777778	0.0	0.131944444	0.2166666669999999	1	0.137777778	3.0	0.55	0.0	0.217742
58317	12516	1	2	4	3	1	1	1.0	3	2014	5	19	1	11.5	41	1	1	1	5048	1.190277778	0.366944444	0.1580555559999999	0.0	0.370555556	0.0	0	0.246111111	1.5	0.87	0.0	0.234763
58331	12518	0	1	3	3	6	1	1.0	3	2014	5	19	1	16.5	43	1	0	0	10643	2.409166667	0.8080555559999999	0.314444444	0.35	0.0	0.0	0	0.837777778	2.9	1.88	10.5	0.7267899999999999
58332	12519	1	0	4	1	2	1	1.0	3	2014	5	19	1	7.5	47	0	1	2	12273	3.094722222	0.944166667	0.21	0.566666667	0.15	0.45	2	0.665555556	6.7	2.0	0.0	0.328047
58348	12523	0	1	3	1	1	1	1.0	3	2014	5	20	2	18.0	30	0	1	1	13123	3.1325	1.039722222	0.378888889	0.433333333	0.0	0.1166666669999999	1	0.934166667	5.6	4.0	0.0	0.547725
58395	12532	2	0	3	2	2	3	0.0	3	2014	5	20	2	7.5	15	1	0	1	2411	0.693333333	0.213055556	0.086944444	0.0	0.328611111	0.133333333	1	0.152777778	0.0	0.43	0.0	0.116364
58399	12533	0	2	4	3	1	1	0.0	3	2014	5	20	2	20.66666667	76	0	1	2	2520	0.8322222220000001	0.262777778	0.171111111	0.0	0.141666667	0.0	0	0.1838888889999999	0.0	0.75	0.0	0.297583
58409	12535	0	2	1	3	6	5	0.0	3	2014	5	20	2	15.66666667	60	0	0	0	1033	0.253333333	0.061666667	0.0891666669999999	0.0	0.073888889	0.0	0	0.0536111109999999	0.0	0.17	0.0	0.233161
58477	12551	0	0	4	4	2	1	1.0	3	2014	5	22	4	6.0	45	0	1	2	19170	4.805277778	1.625277778	0.294722222	0.583333333	0.398055556	0.1	1	0.933333333	4.3	3.04	0.0	0.5023810000000001
58513	12556	0	2	3	5	1	1	1.0	3	2014	5	22	4	16.5	31	1	1	1	17812	4.023611111	1.052222222	0.220833333	0.5	0.0	0.1	1	0.7555555559999999	4.7	2.63	0.0	0.596691
58523	12559	0	2	3	5	6	1	1.0	3	2014	5	22	4	11.33333333	53	1	0	0	3005	0.6913888890000001	0.209166667	0.091111111	0.0	0.1863888889999999	0.0	0	0.170555556	1.5	0.45	0.0	0.20684
58565	12567	0	0	3	3	6	1	1.0	3	2014	5	23	5	14.0	23	1	0	0	8379	1.876111111	0.625833333	0.076944444	0.3	0.0	0.0	0	0.558333333	2.8	1.36	10.5	0.534328
58569	12567	1	1	1	1	6	1	1.0	3	2014	5	23	5	20.5	25	1	1	0	3034	0.715555556	0.2488888889999999	0.151388889	0.083333333	0.0	0.0	0	0.141666667	1.5	0.42	0.0	0.243137
58581	12569	0	0	1	1	6	1	1.0	3	2014	5	23	5	7.5	37	1	0	0	1838	0.443333333	0.123333333	0.212222222	0.0	0.1066666669999999	0.0	0	0.125277778	1.5	0.32	0.0	0.13082
58605	12572	1	0	2	1	6	1	1.0	3	2014	5	23	5	9.333333333	27	0	1	0	4220	1.017222222	0.347777778	0.138888889	0.0	0.5075	0.0	0	0.286666667	1.5	0.7	10.5	0.789729
58617	12573	1	2	4	4	1	1	1.0	3	2014	5	23	5	14.0	27	0	1	2	4905	1.16	0.36	0.171111111	0.0	0.462222222	0.120833333	1	0.316944444	3.0	0.93	0.0	0.370727
58637	12576	1	0	3	1	1	1	1.0	3	2014	5	23	5	8.0	27	1	0	1	16454	3.689166667	1.188888889	0.230555556	0.466666667	0.1916666669999999	0.133333333	1	0.907777778	6.59	2.61	10.5	0.786108
58690	12585	0	7	1	3	1	1	1.0	3	2014	5	24	6	23.25	33	1	1	2	1810	0.443611111	0.149166667	0.15	0.0	0.075555556	0.0	0	0.0891666669999999	1.5	0.29	0.0	0.161994
58694	12585	1	3	3	5	1	1	1.0	3	2014	5	24	6	19.0	31	1	1	2	11733	2.7780555560000004	0.935833333	0.145555556	0.416666667	0.0	0.0	0	0.7394444440000001	2.8	2.09	0.0	0.483847
58695	12585	1	4	4	5	1	1	1.0	3	2014	5	24	6	1.75	31	1	1	2	11733	2.816666667	0.926388889	0.193333333	0.0	0.778055556	0.0	0	0.622222222	1.5	1.9	0.0	0.451339
58711	12590	0	0	4	3	1	1	1.0	3	2014	5	24	6	8.0	59	0	1	1	4429	1.171111111	0.408055556	0.141388889	0.0	0.2375	0.1166666669999999	1	0.189722222	3.0	0.78	0.0	0.0980966
58721	12593	0	0	4	3	1	5	0.0	3	2014	5	24	6	7.0	69	1	1	1	2447	0.6225	0.181111111	0.319722222	0.05	0.0	0.0	0	0.132222222	0.0	0.42	0.0	0.102941
58732	12594	0	1	4	4	1	1	1.0	3	2014	5	24	6	14.5	51	1	1	2	19869	4.7530555560000005	1.3375	0.207777778	0.65	0.0	0.333333333	2	1.109444444	6.8	3.62	0.0	0.467702
58750	12599	1	2	3	3	1	1	1.0	3	2014	5	25	7	18.75	57	1	1	2	15418	3.602777778	1.186111111	0.137222222	0.483333333	0.0	0.2	2	0.765833333	4.8	2.43	0.0	0.448313
58753	12600	2	3	4	5	2	4	1.0	3	2014	5	25	7	19.0	27	1	1	2	4286	1.2275	0.383055556	0.451666667	0.066666667	0.1166666669999999	0.166666667	1	0.215555556	2.7	0.72	0.0	0.0257732
58782	12604	2	3	4	3	1	4	0.0	3	2014	5	25	7	1.5	18	0	0	1	2773	0.635833333	0.215277778	0.334444444	0.0	0.126388889	0.0	0	0.168888889	0.0	0.63	0.0	0.172697
58791	12605	1	1	3	3	2	1	1.0	3	2014	5	25	7	18.0	25	1	0	1	16740	4.036666667	1.268055556	0.111388889	0.3	0.53	0.2	2	1.048333333	3.9	2.68	0.0	0.5524640000000001
58804	12607	0	0	1	3	6	5	0.0	3	2014	5	25	7	9.5	60	1	0	0	1134	0.308333333	0.111111111	0.058888889	0.0	0.088888889	0.0	0	0.088888889	0.0	0.23	0.0	0.346875
58811	12609	0	1	1	3	1	1	1.0	3	2014	5	25	7	11.5	51	1	1	1	783	0.17	0.059444444	0.054722222	0.0	0.0358333329999999	0.0	0	0.0352777779999999	1.5	0.11	0.0	0.212598
58816	12609	1	1	1	3	1	1	1.0	3	2014	5	25	7	11.5	23	1	0	1	783	0.17	0.059444444	0.054722222	0.0	0.0358333329999999	0.0	0	0.0352777779999999	1.5	0.11	0.0	0.212598
58828	12611	0	1	4	5	6	1	1.0	3	2014	5	25	7	17.5	25	0	1	0	2884	0.6941666670000001	0.230277778	0.29	0.0	0.102777778	0.0	0	0.1591666669999999	1.5	0.49	0.0	0.383944
58846	12616	0	2	4	3	2	1	1.0	3	2014	5	26	1	13.5	36	1	1	1	1076	0.243333333	0.098611111	0.08	0.0	0.055	0.0	0	0.085833333	1.5	0.18	0.0	0.0841423999999999
58853	12616	1	2	4	5	2	1	1.0	3	2014	5	26	1	15.25	36	0	1	1	5028	1.180833333	0.403055556	0.078055556	0.0	0.423055556	0.0	0	0.243888889	1.5	0.72	0.0	0.1173119999999999
58873	12619	0	0	4	3	2	1	1.0	3	2014	5	26	1	12.0	49	1	0	1	5033	1.217777778	0.417777778	0.166666667	0.0	0.456111111	0.1719444439999999	1	0.403611111	3.0	0.84	0.0	0.298004
58879	12619	3	0	4	3	2	4	1.0	3	2014	5	26	1	9.0	26	1	1	1	3007	0.7025	0.2488888889999999	0.232222222	0.0	0.146944444	0.0	0	0.180833333	1.5	0.44	0.0	0.2811059999999999
58921	12630	3	0	4	2	1	3	0.0	3	2014	5	27	2	9.0	15	1	0	1	2676	0.638888889	0.177777778	0.2525	0.0	0.205555556	0.0	0	0.161388889	0.0	0.46	0.0	0.354561
58928	12632	0	1	4	3	2	1	1.0	3	2014	5	27	2	16.83333333	37	0	1	1	11142	2.724444444	0.807222222	0.0461111109999999	0.15	0.993055556	0.1541666669999999	2	0.6958333329999999	5.5	1.71	0.0	0.293413
58989	12641	1	1	4	3	1	5	0.0	3	2014	5	28	3	12.16666667	78	0	1	1	816	0.215555556	0.048611111	0.124722222	0.0	0.071666667	0.0	0	0.068888889	0.0	0.17	0.0	0.0927419
58994	12642	1	5	4	3	1	1	0.5	3	2014	5	28	3	20.91666667	39	0	1	1	786	0.316666667	0.099444444	0.135833333	0.0	0.066388889	0.0	0	0.069722222	0.75	0.21	0.0	0.00398406
59001	12644	0	0	4	3	1	5	0.0	3	2014	5	28	3	12.0	74	1	1	2	2943	0.7294444440000001	0.262222222	0.1030555559999999	0.0	0.257222222	0.0	0	0.228055556	0.0	0.69	0.0	0.186358
59018	12649	0	2	3	3	6	5	0.0	3	2014	5	28	3	16.58333333	68	1	1	0	804	0.206388889	0.069722222	0.07	0.0	0.0608333329999999	0.0	0	0.082222222	0.0	0.2	0.0	0.253378
59042	12656	0	0	3	1	1	1	1.0	3	2014	5	29	4	7.333333333	35	0	1	2	14492	3.437222222	1.043611111	0.2369444439999999	0.3833333329999999	0.0	0.15	1	0.912777778	6.7	2.56	10.5	0.572733
59054	12661	0	3	4	5	1	1	1.0	3	2014	5	29	4	22.25	56	1	1	1	1502	0.3494444439999999	0.125	0.048055556	0.0	0.1216666669999999	0.0	0	0.131388889	1.5	0.38	0.0	0.45666
59068	12661	3	2	4	3	1	2	0.0	3	2014	5	29	4	23.61666667	17	1	0	1	2667	0.63	0.1938888889999999	0.242222222	0.066666667	0.0	0.0	0	0.164722222	1.2	0.51	0.0	0.527825
59097	12670	0	0	3	1	1	1	1.0	3	2014	5	29	4	9.0	36	1	1	2	12671	2.9905555560000003	1.047777778	0.074722222	0.45	0.0	0.133333333	1	0.8738888890000001	5.2	2.44	0.0	0.638271
59099	12671	0	0	1	3	6	1	1.0	3	2014	5	30	5	14.0	25	0	0	0	828	0.190833333	0.114166667	0.099722222	0.0	0.05	0.0	0	0.0580555559999999	1.5	0.13	0.0	0.0526316
59111	12672	1	1	3	1	1	1	1.0	3	2014	5	30	5	22.0	31	0	1	1	7082	1.700833333	0.566666667	0.193611111	0.0	0.2613888889999999	0.0	0	0.293611111	1.5	1.07	0.0	0.126774
59132	12676	1	1	4	3	1	5	0.0	3	2014	5	30	5	12.75	87	0	1	1	4842	1.2525	0.394166667	0.189444444	0.0	0.7102777779999999	0.0	0	0.333055556	0.0	1.01	0.0	0.259383
59135	12678	0	0	4	1	6	1	1.0	3	2014	5	30	5	6.833333333	42	1	0	0	3022	0.7355555559999999	0.2319444439999999	0.163888889	0.0	0.223611111	0.0	0	0.194722222	1.5	0.52	0.0	0.3694719999999999
59140	12679	0	2	3	1	2	1	1.0	3	2014	5	30	5	17.0	40	1	1	1	7817	2.059444444	0.633888889	0.2225	0.316666667	0.0	0.0	0	0.723333333	2.4	1.56	0.0	0.52765
59153	12683	0	0	3	1	6	1	1.0	3	2014	5	30	5	8.666666667000001	45	0	1	0	14835	3.471944444	1.144722222	0.279166667	0.483333333	0.0	0.2166666669999999	1	0.8683333329999999	4.1	2.37	0.0	0.582214
59193	12691	0	0	4	3	1	5	0.0	3	2014	5	30	5	10.5	64	0	1	1	9095	2.618055556	0.761388889	0.021944444	0.166666667	0.233333333	0.2	1	0.508611111	0.0	1.77	0.0	0.351174
59197	12692	0	0	4	3	1	5	0.0	3	2014	5	30	5	14.41666667	68	0	1	1	887	0.215555556	0.064166667	0.11	0.0	0.033333333	0.0	0	0.0605555559999999	0.0	0.16	0.0	0.169725
59242	12699	1	3	3	3	6	5	0.0	3	2014	5	31	6	14.0	68	1	0	0	1000	0.224722222	0.068333333	0.053055556	0.0	0.1	0.0	0	0.059444444	0.0	0.15	0.0	0.257009
59260	12702	2	4	4	3	1	1	1.0	3	2014	5	31	6	16.0	20	1	1	1	1339	0.326944444	0.099722222	0.1125	0.0	0.068888889	0.0	0	0.108611111	1.5	0.33	0.0	0.0409207
59266	12704	0	0	1	3	6	5	0.0	3	2014	5	31	6	10.0	77	1	0	0	802	0.2325	0.0736111109999999	0.150277778	0.0	0.056388889	0.0	0	0.069166667	0.0	0.18	0.0	0.0160643
59293	12711	0	1	1	5	6	1	1.0	3	2014	5	31	6	12.58333333	36	0	1	0	295	0.074722222	0.057222222	0.0269444439999999	0.0	0.066666667	0.0	0	0.033888889	1.5	0.07	0.0	0.7459020000000001
59294	12711	1	1	3	5	6	1	1.0	3	2014	5	31	6	12.58333333	33	1	1	0	3022	0.6838888890000001	0.243888889	0.135833333	0.0	0.232222222	0.0	0	0.200833333	1.5	0.49	0.0	0.416321
59316	12714	1	7	4	3	1	1	1.0	3	2014	5	31	6	20.08333333	51	0	1	2	7574	1.7775	0.4825	0.105	0.166666667	0.15	0.2666666669999999	2	0.299166667	4.5	1.11	0.0	0.169916
59353	12720	3	2	3	3	6	3	0.0	3	2014	6	1	7	22.0	12	1	0	0	1835	0.4583333329999999	0.158611111	0.072777778	0.0	0.153333333	0.0	0	0.1041666669999999	0.0	0.33	0.0	0.250667
59356	12720	4	1	4	3	6	3	0.0	3	2014	6	1	7	14.0	11	1	0	0	6293	1.418888889	0.426388889	0.0625	0.0	0.443333333	0.233333333	1	0.320555556	0.0	1.03	0.0	0.440208
59364	12721	0	1	1	3	6	1	1.0	3	2014	6	1	7	10.25	27	0	1	2	1027	0.265833333	0.0841666669999999	0.1891666669999999	0.0	0.0625	0.0	0	0.081666667	1.5	0.19	0.0	0.207483
59371	12723	0	2	1	5	1	1	1.0	3	2014	6	1	7	18.25	48	0	1	2	599	0.1575	0.118333333	0.063611111	0.0	0.1216666669999999	0.0	0	0.095	1.5	0.19	0.0	0.649123
59374	12723	0	5	3	3	1	1	1.0	3	2014	6	1	7	19.5	48	0	1	2	6436	1.490555556	0.5508333329999999	0.099444444	0.283333333	0.0	0.1	1	0.404722222	2.4	1.08	0.0	0.6163350000000001
59375	12724	0	1	4	3	1	5	0.0	3	2014	6	1	7	17.0	85	1	1	2	1215	0.281388889	0.078611111	0.065555556	0.0	0.064444444	0.0	0	0.067222222	0.0	0.19	0.0	0.0867768999999999
59388	12728	3	1	4	3	1	5	0.0	3	2014	6	1	7	11.75	6	1	0	1	2380	0.6316666670000001	0.21	0.211388889	0.0	0.1125	0.0	0	0.135555556	0.0	0.44	0.0	0.17418
59422	12738	0	3	4	5	1	1	1.0	3	2014	6	2	1	18.0	56	1	1	1	804	0.2819444439999999	0.096111111	0.1025	0.0	0.034444444	0.0	0	0.079722222	1.5	0.21	0.0	0.240418
59424	12738	1	0	3	1	1	1	1.0	3	2014	6	2	1	7.5	59	0	1	1	14585	3.3025	1.156388889	0.2675	0.65	0.0	0.133333333	1	0.957222222	6.59	2.64	10.5	0.609402
59440	12740	1	2	1	3	1	5	0.0	3	2014	6	2	1	15.0	77	0	1	2	464	0.140833333	0.044444444	0.066944444	0.0	0.016666667	0.0	0	0.019722222	0.0	0.08	0.0	0.112676
59488	12753	0	1	3	3	1	5	0.0	3	2014	6	3	2	14.33333333	66	1	1	1	892	0.3263888889999999	0.119444444	0.163888889	0.0	0.066666667	0.0	0	0.106111111	0.0	0.27	0.0	0.128272
59494	12755	0	0	4	1	1	5	0.0	3	2014	6	3	2	6.75	57	1	1	1	8750	2.083611111	0.611111111	0.099444444	0.0	0.7836111109999999	0.1	1	0.483055556	0.0	1.45	0.0	0.451409
59524	12762	0	2	4	3	1	1	1.0	3	2014	6	3	2	14.33333333	59	0	1	1	995	0.336111111	0.092777778	0.151944444	0.0	0.114166667	0.0	0	0.12	1.5	0.35	0.0	0.180556
59527	12762	0	5	4	3	1	1	1.0	3	2014	6	3	2	16.08333333	59	0	1	1	995	0.3383333329999999	0.095833333	0.17	0.0	0.1125	0.0	0	0.109722222	1.5	0.38	0.0	0.078481
59550	12768	1	1	1	3	2	1	1.0	3	2014	6	3	2	19.66666667	32	1	1	1	1100	0.301111111	0.091388889	0.253611111	0.0	0.072222222	0.0	0	0.124166667	1.5	0.25	0.0	0.194631
59568	12770	2	0	4	2	2	3	0.0	3	2014	6	4	3	8.0	15	0	0	1	3311	0.873611111	0.313888889	0.172777778	0.0	0.361111111	0.143888889	1	0.180277778	0.0	0.5	0.0	0.0801233
59574	12771	1	2	4	2	1	1	1.0	3	2014	6	4	3	15.41666667	33	1	1	1	1158	0.360277778	0.105555556	0.159722222	0.0	0.1291666669999999	0.0	0	0.1036111109999999	1.5	0.27	0.0	0.120643
59586	12773	0	4	1	5	3	1	1.0	3	2014	6	4	3	19.0	49	1	1	1	1030	0.259166667	0.079166667	0.0725	0.0	0.0627777779999999	0.0	0	0.100277778	1.5	0.22	0.0	0.922438
59591	12773	2	0	4	2	3	3	0.0	3	2014	6	4	3	8.0	14	0	0	1	2765	0.845	0.3125	0.2713888889999999	0.0	0.256111111	0.066666667	1	0.154444444	0.0	0.52	0.0	0.0701439
59606	12777	0	1	1	1	6	1	1.0	3	2014	6	4	3	17.66666667	33	0	0	0	2604	0.666944444	0.235277778	0.035555556	0.0	0.238888889	0.1	1	0.184722222	3.0	0.48	0.0	0.203008
59624	12780	2	1	1	2	1	2	0.0	3	2014	6	4	3	16.33333333	16	1	0	1	1907	0.400555556	0.127777778	0.300277778	0.0	0.152222222	0.0	0	0.1397222219999999	0.0	0.4	0.0	0.17495
59685	12798	2	1	1	5	2	3	0.0	3	2014	6	5	4	15.25	15	0	0	1	720	0.244166667	0.088333333	0.211388889	0.0	0.027777778	0.0	0	0.108611111	0.0	0.26	0.0	0.150895
59687	12798	4	2	4	3	2	5	0.0	3	2014	6	5	4	17.0	7	0	0	1	1685	0.400555556	0.113888889	0.28	0.0	0.083333333	0.0	0	0.117777778	0.0	0.26	0.0	0.216981
59709	12807	0	5	3	1	6	1	1.0	3	2014	6	5	4	18.0	34	0	1	0	4217	1.053055556	0.36	0.33	0.2	0.0	0.0	0	0.301666667	2.9	0.72	10.5	0.758748
59713	12807	1	1	3	5	6	1	1.0	3	2014	6	5	4	17.0	36	1	1	0	7724	1.873611111	0.6738888890000001	0.204166667	0.3833333329999999	0.0	0.083333333	1	0.666388889	2.9	1.54	10.5	0.79283
59732	12812	2	1	3	1	6	1	1.0	3	2014	6	6	5	18.0	26	0	1	0	4714	1.091111111	0.381944444	0.015277778	0.0	0.566666667	0.0	0	0.417777778	1.5	0.88	10.5	0.65359
59737	12814	0	2	4	3	1	1	1.0	3	2014	6	6	5	10.75	44	1	1	1	1212	0.388611111	0.207777778	0.150833333	0.0	0.074722222	0.0	0	0.0875	1.5	0.24	0.0	0.2539679999999999
59738	12814	0	5	4	4	1	1	1.0	3	2014	6	6	5	12.16666667	44	1	1	1	1017	0.270555556	0.0886111109999999	0.095277778	0.0	0.066111111	0.0	0	0.083055556	1.5	0.21	0.0	0.2173909999999999
59759	12821	0	0	3	3	1	1	1.0	3	2014	6	6	5	9.0	43	0	1	2	6846	1.611666667	0.5425	0.071944444	0.0	0.754166667	0.133333333	1	0.498055556	3.0	1.26	10.5	0.702175
59774	12824	0	0	2	3	6	4	1.0	3	2014	6	6	5	8.5	28	1	0	0	2640	0.6316666670000001	0.200555556	0.0430555559999999	0.1166666669999999	0.0	0.0	0	0.178055556	1.15	0.47	0.0	0.591264
59779	12825	0	0	3	3	2	1	1.0	3	2014	6	6	5	17.5	23	1	0	1	1344	0.3075	0.084444444	0.026388889	0.0	0.08	0.0	0	0.088055556	1.5	0.2	0.0	0.0883281
59827	12837	0	0	4	3	6	5	0.0	3	2014	6	7	6	11.0	72	0	1	0	4918	1.203888889	0.3983333329999999	0.134444444	0.1166666669999999	0.15	0.1166666669999999	1	0.304722222	0.0	0.82	0.0	0.2060159999999999
59830	12838	0	2	3	5	6	1	1.0	3	2014	6	7	6	18.81666667	42	1	0	0	5391	1.445277778	0.482222222	0.155277778	0.3	0.05	0.2	2	0.4483333329999999	3.9	1.27	0.0	0.6344489999999999
59843	12841	0	1	4	5	1	1	1.0	3	2014	6	7	6	11.58333333	71	0	1	2	5205	1.213611111	0.434444444	0.140277778	0.0	0.366666667	0.0	0	0.25	1.5	0.87	0.0	0.1655559999999999
59844	12841	0	2	4	3	1	1	1.0	3	2014	6	7	6	11.75	71	0	1	2	3668	0.862222222	0.296388889	0.175277778	0.0	0.2666666669999999	0.0	0	0.164166667	1.5	0.73	0.0	0.135364
59862	12845	1	1	1	3	6	5	0.0	3	2014	6	7	6	7.666666667	31	0	0	0	1726	0.485	0.1916666669999999	0.0775	0.0	0.192777778	0.0	0	0.123055556	0.0	0.36	0.0	0.130926
59890	12847	3	2	4	5	6	3	0.0	3	2014	6	7	6	19.33333333	15	1	0	0	5688	1.308055556	0.378611111	0.0275	0.0	0.399444444	0.108333333	1	0.2225	0.0	0.77	0.0	0.265918
59927	12853	0	1	4	3	1	1	1.0	3	2014	6	7	6	18.0	37	1	1	2	5459	1.290833333	0.457222222	0.154444444	0.183333333	0.0	0.083333333	1	0.321944444	2.1	0.92	0.0	0.504745
59936	12857	0	0	1	3	1	5	0.0	3	2014	6	8	7	10.0	65	0	1	2	608	0.166388889	0.065	0.143888889	0.0	0.015277778	0.0	0	0.047777778	0.0	0.13	0.0	0.0116279
59944	12859	1	0	3	3	6	1	1.0	3	2014	6	8	7	13.5	28	1	0	0	2390	0.620833333	0.183333333	0.270555556	0.15	0.0	0.0	0	0.269444444	1.5	0.68	0.0	0.334021
59949	12860	1	0	4	3	1	1	1.0	3	2014	6	8	7	13.5	34	0	1	1	6568	1.596944444	0.449444444	0.224444444	0.166666667	0.2166666669999999	0.133333333	1	0.4302777779999999	3.0	1.22	0.0	0.519045
59960	12864	0	0	1	3	2	1	1.0	3	2014	6	8	7	11.83333333	42	0	1	1	885	0.259722222	0.0736111109999999	0.136388889	0.0	0.0511111109999999	0.0	0	0.088888889	1.5	0.21	0.0	0.05
59965	12864	0	7	4	5	2	1	1.0	3	2014	6	8	7	22.75	42	0	1	1	6142	1.5069444440000002	0.5147222220000001	0.161944444	0.0	0.398611111	0.1255555559999999	1	0.375	3.0	1.0	0.0	0.36963
59980	12864	3	7	4	5	2	3	0.0	3	2014	6	8	7	22.75	13	0	0	1	6142	1.5069444440000002	0.5147222220000001	0.161944444	0.0	0.398611111	0.1255555559999999	1	0.375	0.0	1.0	0.0	0.36963
59995	12868	0	2	4	3	2	1	1.0	3	2014	6	8	7	10.58333333	39	1	1	1	729	0.2097222219999999	0.061388889	0.1580555559999999	0.0	0.016944444	0.0	0	0.058888889	1.5	0.13	0.0	0.0707547
60034	12872	3	0	1	3	2	5	0.0	3	2014	6	8	7	15.0	6	1	0	1	591	0.217777778	0.064166667	0.141388889	0.0	0.033611111	0.0	0	0.054166667	0.0	0.13	0.0	0.261538
60035	12873	0	0	4	3	6	1	1.0	3	2014	6	8	7	16.0	26	1	0	0	5516	1.345277778	0.3983333329999999	0.1875	0.133333333	0.212222222	0.1	1	0.299444444	3.0	0.84	0.0	0.392393
60070	12882	1	1	4	1	2	1	1.0	3	2014	6	9	1	12.5	43	1	1	1	2033	0.5111111110000001	0.1541666669999999	0.283055556	0.083333333	0.0	0.0	0	0.128333333	1.5	0.34	0.0	0.0800866
60088	12886	0	0	1	3	6	1	1.0	3	2014	6	9	1	12.0	23	1	1	0	703	0.1694444439999999	0.041111111	0.099722222	0.0	0.044444444	0.0	0	0.068333333	1.5	0.15	0.0	0.199187
60096	12887	1	4	4	3	2	5	0.0	3	2014	6	9	1	21.5	70	1	0	1	5015	1.384722222	0.4144444439999999	0.235277778	0.083333333	0.133333333	0.133333333	1	0.2394444439999999	0.0	0.83	0.0	0.163573
60151	12896	1	0	3	1	6	1	1.0	3	2014	6	9	1	7.583333333	27	0	1	0	3642	0.908333333	0.280277778	0.123888889	0.0	0.299722222	0.0	0	0.32	1.5	0.74	0.0	0.709201
60206	12908	0	5	4	3	2	5	0.0	3	2014	6	10	2	21.58333333	72	1	1	1	875	0.233333333	0.095	0.071388889	0.0	0.06	0.0	0	0.066666667	0.0	0.14	0.0	0.35
60215	12910	0	0	4	3	1	1	1.0	3	2014	6	10	2	14.83333333	32	0	1	2	2358	0.591666667	0.208055556	0.298888889	0.0	0.1255555559999999	0.0	0	0.166944444	1.5	0.45	0.0	0.394343
60228	12912	1	0	3	2	6	1	1.0	3	2014	6	10	2	8.083333332999999	34	0	0	0	3422	0.828611111	0.238055556	0.1925	0.0	0.226666667	0.0	0	0.208888889	1.5	0.53	0.0	0.130319
60238	12914	0	0	1	2	6	1	1.0	3	2014	6	10	2	8.5	35	1	1	0	3149	0.766388889	0.261944444	0.1022222219999999	0.0	0.3458333329999999	0.0	0	0.248055556	1.5	0.56	10.5	0.647256
60245	12914	0	7	1	2	6	1	1.0	3	2014	6	10	2	16.5	35	1	1	0	738	0.213055556	0.059444444	0.128333333	0.0	0.065277778	0.0	0	0.070833333	1.5	0.18	0.0	0.203922
60258	12918	0	0	1	2	6	1	1.0	3	2014	6	10	2	8.5	25	1	0	0	1027	0.2625	0.079722222	0.073333333	0.0	0.074722222	0.0	0	0.089444444	1.5	0.2	0.0	0.347826
60273	12919	1	0	3	1	6	1	1.0	3	2014	6	11	3	8.0	53	1	0	0	7424	1.811388889	0.529166667	0.054722222	0.05	0.4402777779999999	0.2022222219999999	2	0.499166667	4.7	1.27	0.0	0.551475
60277	12921	0	1	1	5	6	5	0.0	3	2014	6	11	3	14.08333333	71	1	0	0	548	0.1291666669999999	0.034722222	0.053888889	0.0	0.0258333329999999	0.0	0	0.053888889	0.0	0.1	0.0	0.453608
60280	12922	0	2	1	5	6	1	1.0	3	2014	6	11	3	20.0	36	1	1	0	2453	0.606666667	0.236666667	0.144444444	0.0	0.163888889	0.0	0	0.193055556	1.5	0.43	0.0	0.48777
60304	12928	0	5	1	3	1	1	1.0	3	2014	6	11	3	18.38333333	54	1	1	1	619	0.238055556	0.063055556	0.134722222	0.0	0.033333333	0.0	0	0.0511111109999999	1.5	0.16	0.0	0.0543478
60341	12933	1	0	3	4	6	1	1.0	3	2014	6	11	3	6.0	27	0	0	0	28440	6.275277778	2.121388889	0.0725	0.95	0.2216666669999999	0.195	2	1.358611111	4.3	5.44	0.0	0.537927
60347	12935	0	0	3	3	6	4	1.0	3	2014	6	11	3	12.5	23	1	0	0	22234	5.285555556	1.588611111	0.163055556	0.716666667	0.0	0.1166666669999999	1	0.869722222	1.85	3.61	0.0	0.4841899999999999
60359	12939	0	2	3	5	1	1	1.0	3	2014	6	11	3	11.5	50	0	1	2	5114	1.287222222	0.436944444	0.154444444	0.233333333	0.0	0.0	0	0.505555556	2.4	1.18	10.5	0.747253
60402	12947	0	1	1	1	1	5	0.0	3	2014	6	12	4	14.0	63	0	1	1	1613	0.628888889	0.173611111	0.240833333	0.0	0.083333333	0.0	0	0.244166667	0.0	0.78	0.0	0.196815
60424	12949	1	1	3	2	2	1	1.0	3	2014	6	13	5	21.0	37	1	1	1	7215	1.768611111	0.6152777779999999	0.158333333	0.2666666669999999	0.0	0.0	0	0.4325	2.8	1.06	0.0	0.402698
60430	12950	2	1	1	5	6	4	0.0	3	2014	6	13	5	11.33333333	18	0	0	0	919	0.2069444439999999	0.078333333	0.083333333	0.0	0.043888889	0.0	0	0.059444444	0.0	0.14	0.0	0.303738
60436	12953	0	0	1	3	6	1	0.0	3	2014	6	13	5	10.0	91	1	0	0	901	0.245	0.072777778	0.090833333	0.0	0.04	0.0	0	0.059722222	0.0	0.16	0.0	0.269767
60445	12954	1	3	4	3	1	1	1.0	3	2014	6	13	5	17.51666667	28	1	1	1	1162	0.333055556	0.0861111109999999	0.2166666669999999	0.0	0.090555556	0.0	0	0.107777778	1.5	0.28	0.0	0.0670103
60466	12959	0	4	2	3	6	1	1.0	3	2014	6	13	5	22.75	55	1	1	1	11016	2.4083333330000003	0.7875	0.2225	0.466666667	0.0	0.0	0	0.571111111	2.8	1.68	0.0	0.68823
60504	12967	3	3	4	3	2	5	0.0	3	2014	6	14	6	16.33333333	6	1	0	1	1859	0.670555556	0.228333333	0.166944444	0.0	0.261666667	0.0	0	0.161111111	0.0	0.46	0.0	0.212069
60540	12974	0	0	3	3	6	1	1.0	3	2014	6	14	6	9.5	52	0	1	2	2189	0.4794444439999999	0.119444444	0.180555556	0.0	0.1794444439999999	0.0	0	0.159722222	1.5	0.51	0.0	0.196522
60557	12978	1	1	4	3	1	5	0.0	3	2014	6	14	6	12.5	78	0	1	1	3200	0.7938888890000001	0.238888889	0.421111111	0.0	0.257777778	0.0	0	0.219444444	0.0	0.7	0.0	0.187342
60592	12987	4	5	4	3	2	5	0.0	3	2014	6	15	7	17.66666667	9	1	0	1	2324	0.671666667	0.2444444439999999	0.114444444	0.0	0.251111111	0.152777778	1	0.1925	0.0	0.46	0.0	0.291486
60636	12998	1	0	4	1	2	5	0.0	3	2014	6	16	1	7.0	63	0	1	1	2908	0.6913888890000001	0.218611111	0.213333333	0.0	0.105277778	0.0	0	0.186111111	0.0	0.5	0.0	0.131343
60712	13014	0	2	1	3	2	1	1.0	3	2014	6	17	2	18.0	34	1	1	1	1426	0.343611111	0.090555556	0.064722222	0.0	0.112222222	0.0	0	0.105	1.5	0.22	0.0	0.396825
60751	13026	0	3	2	3	2	1	1.0	3	2014	6	17	2	12.58333333	41	1	1	2	2571	0.5972222220000001	0.182777778	0.0897222219999999	0.0	0.127222222	0.0	0	0.168888889	1.5	0.43	0.0	0.1759869999999999
60779	13030	0	1	4	2	1	1	1.0	3	2014	6	18	3	8.35	43	1	1	2	1609	0.4602777779999999	0.140555556	0.2641666669999999	0.0	0.0861111109999999	0.0	0	0.1325	1.5	0.38	0.0	0.171908
60800	13034	0	1	4	5	1	1	1.0	3	2014	6	18	3	12.5	58	1	1	2	5406	1.285	0.423333333	0.098055556	0.0	0.553055556	0.159444444	1	0.306944444	3.0	0.92	0.0	0.213575
60815	13035	5	2	4	3	2	5	0.0	3	2014	6	18	3	16.0	10	1	0	2	6367	1.438611111	0.404722222	0.057222222	0.0	0.418333333	0.1166666669999999	1	0.261666667	0.0	0.86	0.0	0.2176219999999999
60855	13045	0	3	4	1	1	5	0.0	3	2014	6	19	4	18.0	62	1	1	2	2006	0.563055556	0.190277778	0.324166667	0.0	0.078055556	0.0	0	0.2094444439999999	0.0	0.5	0.0	0.320955
60869	13047	0	1	4	1	1	1	1.0	3	2014	6	19	4	14.0	37	0	1	1	6206	1.5594444440000002	0.488055556	0.2288888889999999	0.0	0.472777778	0.1719444439999999	1	0.401666667	3.0	1.14	0.0	0.363762
60900	13052	1	0	1	2	2	1	1.0	3	2014	6	19	4	8.766666667	37	0	1	1	240	0.0736111109999999	0.051388889	0.041944444	0.0	0.0269444439999999	0.0	0	0.1041666669999999	1.5	0.23	0.0	0.2293329999999999
60905	13053	1	1	3	4	6	1	1.0	3	2014	6	19	4	16.5	47	0	0	0	10562	2.565555556	0.918055556	0.216111111	0.316666667	0.0	0.133333333	1	0.798333333	3.3	1.82	10.5	0.5751569999999999
60923	13058	0	3	4	3	1	5	0.0	3	2014	6	19	4	14.5	86	0	1	1	6357	1.721944444	0.491944444	0.2463888889999999	0.0	0.48	0.1	1	0.350555556	0.0	1.27	0.0	0.287639
60925	13058	0	5	4	3	1	5	0.0	3	2014	6	19	4	16.83333333	86	0	1	1	5144	1.384166667	0.410277778	0.062222222	0.0	0.535555556	0.083333333	1	0.3925	0.0	1.1	0.0	0.4154279999999999
60926	13058	1	0	4	3	1	5	0.0	3	2014	6	19	4	11.5	86	1	1	1	534	0.1888888889999999	0.044166667	0.136944444	0.0	0.0141666669999999	0.0	0	0.0575	0.0	0.15	0.0	0.0
60938	13059	0	1	3	5	2	1	1.0	3	2014	6	19	4	18.0	34	1	1	2	6143	1.581388889	0.581111111	0.3275	0.25	0.0	0.0	0	0.515555556	1.7	1.18	0.0	0.4439659999999999
60940	13059	1	0	4	3	2	1	1.0	3	2014	6	19	4	7.5	40	0	1	2	666	0.175277778	0.055277778	0.105833333	0.0	0.026666667	0.0	0	0.051944444	1.5	0.11	0.0	0.101604
60948	13060	0	1	1	4	2	4	1.0	3	2014	6	19	4	10.0	25	0	1	2	2727	0.652222222	0.230277778	0.186111111	0.0	0.2125	0.0	0	0.183611111	1.5	0.42	0.0	0.385779
60961	13065	0	0	3	1	6	1	1.0	3	2014	6	20	5	8.0	38	0	0	0	6930	1.6375	0.443055556	0.129722222	0.1	0.35	0.183333333	1	0.458611111	4.0	1.09	0.0	0.4869779999999999
61002	13078	1	1	4	3	1	5	0.0	3	2014	6	21	6	22.83333333	74	0	0	1	2828	0.7736111109999999	0.263611111	0.129444444	0.0	0.193333333	0.0	0	0.224722222	0.0	0.73	0.0	0.145859
61003	13078	2	0	4	3	1	1	1.0	3	2014	6	21	6	19.5	32	0	1	1	2828	0.744722222	0.228333333	0.1291666669999999	0.0	0.265277778	0.0	0	0.218333333	1.5	0.59	0.0	0.633588
61036	13082	1	8	4	3	1	1	1.0	3	2014	6	21	6	23.08333333	51	1	1	1	4454	1.004444444	0.296666667	0.066111111	0.0	0.3775	0.0	0	0.22	1.5	0.75	0.0	0.213384
61054	13086	0	3	4	3	1	1	1.0	3	2014	6	21	6	15.33333333	56	0	1	2	9627	2.343611111	0.665277778	0.095833333	0.166666667	0.357777778	0.183333333	2	0.3825	4.5	1.5	0.0	0.175018
61055	13086	0	4	4	3	1	1	1.0	3	2014	6	21	6	18.0	56	0	1	2	879	0.253055556	0.111388889	0.113611111	0.0	0.030555556	0.0	0	0.040833333	1.5	0.14	0.0	0.0204081999999999
61063	13087	1	1	1	3	6	2	0.0	3	2014	6	21	6	16.66666667	16	0	0	0	593	0.150277778	0.035	0.078055556	0.0	0.0233333329999999	0.0	0	0.035555556	0.0	0.1	0.0	0.078125
61074	13089	1	5	2	3	6	1	1.0	3	2014	6	21	6	13.33333333	41	1	1	0	1760	0.396944444	0.123888889	0.038333333	0.0	0.133333333	0.0	0	0.106111111	1.5	0.26	0.0	0.293194
61090	13094	0	1	4	5	1	1	1.0	3	2014	6	21	6	14.91666667	61	0	1	2	5294	1.299722222	0.388055556	0.113888889	0.1166666669999999	0.173888889	0.109444444	1	0.409166667	3.0	1.25	0.0	0.560081
61112	13100	0	4	4	3	1	1	1.0	3	2014	6	22	7	18.0	43	0	1	1	7787	1.746388889	0.581388889	0.179722222	0.0	0.5325	0.1	1	0.4169444439999999	3.0	1.27	0.0	0.259161
61123	13101	0	5	4	3	1	1	1.0	3	2014	6	22	7	14.5	56	0	1	2	8601	2.003611111	0.825	0.166666667	0.3	0.098055556	0.173888889	1	0.426666667	3.0	1.32	0.0	0.440755
61164	13109	2	0	4	3	1	1	1.0	3	2014	6	22	7	8.0	22	1	1	1	4325	1.061388889	0.319722222	0.436388889	0.0	0.2166666669999999	0.0	0	0.1891666669999999	1.5	0.76	0.0	0.061674
61166	13109	2	2	3	3	1	1	1.0	3	2014	6	22	7	13.75	22	1	1	1	16381	3.966111111	1.2175	0.097222222	0.5166666670000001	0.0	0.2	2	0.967777778	4.8	3.34	0.0	0.564581
61188	13113	4	0	3	3	6	5	0.0	3	2014	6	22	7	13.0	10	1	0	0	2008	0.495833333	0.161388889	0.113055556	0.0	0.195555556	0.0	0	0.175555556	0.0	0.44	0.0	0.267405
61197	13116	0	0	3	3	1	5	0.0	3	2014	6	23	1	15.0	74	0	1	1	4636	1.270555556	0.393611111	0.148888889	0.0	0.316666667	0.0	0	0.3358333329999999	0.0	0.93	0.0	0.198511
61212	13119	0	2	1	3	6	1	1.0	3	2014	6	23	1	16.0	31	1	1	0	2123	0.588055556	0.1722222219999999	0.2119444439999999	0.0	0.150833333	0.0	0	0.216944444	1.5	0.47	0.0	0.398207
61271	13135	0	0	3	3	6	1	1.0	3	2014	6	23	1	10.0	37	0	0	0	4328	1.060555556	0.3125	0.253611111	0.0	0.29	0.0	0	0.2375	1.5	0.68	0.0	0.295906
61293	13142	0	2	1	3	1	5	0.0	3	2014	6	24	2	12.33333333	71	1	1	2	982	0.2469444439999999	0.0991666669999999	0.110833333	0.0	0.049444444	0.0	0	0.097222222	0.0	0.25	0.0	0.12
61295	13142	0	4	1	3	1	5	0.0	3	2014	6	24	2	19.18333333	71	1	1	2	1198	0.343888889	0.124444444	0.156944444	0.0	0.049166667	0.0	0	0.083055556	0.0	0.26	0.0	0.167224
61303	13145	0	0	3	1	6	1	1.0	3	2014	6	24	2	10.5	46	1	0	0	3783	0.948611111	0.339444444	0.056111111	0.0	0.279166667	0.0	0	0.18	1.5	0.55	0.0	0.425926
61348	13154	1	1	3	4	1	1	1.0	3	2014	6	24	2	17.0	33	0	1	1	11110	2.553888889	0.7533333329999999	0.171666667	0.45	0.0	0.083333333	1	0.902222222	2.5	2.21	0.0	0.534483
61385	13160	1	1	2	3	2	5	0.0	3	2014	6	24	2	14.0	63	1	1	1	3980	1.050555556	0.3727777779999999	0.111944444	0.0	0.455	0.1166666669999999	1	0.238611111	0.0	0.68	0.0	0.389988
61437	13174	0	2	3	3	1	1	1.0	3	2014	6	25	3	21.5	31	0	1	1	15367	3.563888889	1.217777778	0.011666667	0.55	0.087777778	0.333333333	2	0.642777778	4.3	2.26	0.0	0.406655
61465	13179	2	1	1	2	1	5	0.0	3	2014	6	25	3	15.75	9	0	0	2	344	0.127777778	0.036944444	0.106388889	0.0	0.012222222	0.0	0	0.063888889	0.0	0.16	0.0	0.0173913
61521	13191	0	4	4	3	1	5	0.0	3	2014	6	26	4	22.5	69	1	1	2	5986	1.4725	0.4733333329999999	0.261666667	0.0	0.483333333	0.0	0	0.2019444439999999	0.0	0.96	0.0	0.231087
61522	13192	0	0	3	3	6	1	1.0	3	2014	6	26	4	16.0	27	1	1	0	5568	1.219722222	0.290833333	0.021666667	0.0	0.491666667	0.0	0	0.272777778	1.5	0.73	0.0	0.51222
61529	13194	2	0	3	2	6	3	0.0	3	2014	6	26	4	7.25	13	1	0	0	6703	1.762777778	0.603888889	0.1422222219999999	0.05	0.2	0.15	1	0.334444444	1.25	1.09	0.0	0.182724
61531	13195	1	0	4	3	1	1	1.0	3	2014	6	26	4	9.5	52	0	1	2	916	0.2047222219999999	0.068611111	0.069722222	0.0	0.0575	0.0	0	0.056944444	1.5	0.17	0.0	0.321951
61549	13199	0	1	3	4	1	1	1.0	3	2014	6	26	4	18.5	40	0	1	1	7834	1.934444444	0.620833333	0.127222222	0.166666667	0.161666667	0.1	1	0.601388889	4.4	1.48	0.0	0.7468819999999999
61569	13202	2	3	1	5	6	1	1.0	3	2014	6	26	4	16.25	22	0	0	0	677	0.158333333	0.044166667	0.015	0.0	0.056944444	0.0	0	0.045555556	1.5	0.11	0.0	0.329268
61578	13203	1	4	4	5	1	5	0.0	3	2014	6	26	4	16.66666667	63	0	1	2	2482	0.6230555560000001	0.1775	0.2725	0.0	0.211111111	0.0	0	0.201388889	0.0	0.54	0.0	0.304828
61587	13204	0	3	3	2	2	1	1.0	3	2014	6	26	4	15.25	31	1	0	1	3076	0.796666667	0.2347222219999999	0.2847222219999999	0.0	0.255555556	0.0	0	0.25	1.5	0.57	0.0	0.153333
61599	13205	2	1	4	5	1	1	1.0	3	2014	6	26	4	17.0	20	1	1	1	5117	1.145277778	0.301388889	0.384166667	0.0	0.353055556	0.0	0	0.247777778	1.5	0.78	0.0	0.423767
61608	13207	1	0	3	1	6	1	1.0	3	2014	6	26	4	14.0	48	1	0	0	10900	2.523888889	0.708611111	0.184166667	0.25	0.133333333	0.1166666669999999	1	0.604166667	4.1	2.08	10.5	0.494713
61640	13216	2	1	4	3	1	1	1.0	3	2014	6	27	5	21.0	31	0	1	1	1256	0.300555556	0.1191666669999999	0.1575	0.0	0.090833333	0.0	0	0.0775	1.5	0.21	0.0	0.114695
61652	13217	1	6	4	3	6	1	1.0	3	2014	6	27	5	18.25	45	1	1	2	769	0.218055556	0.067777778	0.113055556	0.0	0.034722222	0.0	0	0.0580555559999999	1.5	0.16	0.0	0.177033
61660	13217	4	3	4	3	1	5	0.0	3	2014	6	27	5	20.5	9	0	0	2	4728	1.1944444440000002	0.4033333329999999	0.185555556	0.0	0.291388889	0.0	0	0.231111111	0.0	0.83	0.0	0.112981
61662	13218	0	1	4	5	1	5	0.0	3	2014	6	27	5	14.25	64	1	1	2	2032	0.4683333329999999	0.131944444	0.064444444	0.0	0.1075	0.0	0	0.111666667	0.0	0.32	0.0	0.171642
61668	13219	0	0	4	1	1	1	1.0	3	2014	6	27	5	7.5	52	1	1	1	2316	0.593333333	0.208888889	0.094166667	0.0	0.153333333	0.0	0	0.188055556	1.5	0.52	0.0	0.398818
61700	13224	2	1	4	2	2	5	0.0	3	2014	6	27	5	17.25	10	0	0	2	3064	0.7144444440000001	0.2094444439999999	0.283888889	0.033333333	0.0	0.0	0	0.156944444	0.0	0.47	0.0	0.0336283
61720	13229	0	1	1	5	1	5	0.0	3	2014	6	27	5	13.0	61	1	1	2	415	0.094722222	0.051666667	0.040833333	0.0	0.041944444	0.0	0	0.0225	0.0	0.06	0.0	0.4444439999999999
61731	13232	0	2	3	3	6	4	0.5	3	2014	6	27	5	23.0	20	1	1	0	4098	1.009444444	0.335	0.097222222	0.0	0.3	0.0	0	0.281388889	0.75	0.77	0.0	0.491609
61737	13232	2	2	3	3	6	4	0.5	3	2014	6	27	5	23.0	21	1	0	0	4098	1.009444444	0.335	0.097222222	0.0	0.3	0.0	0	0.281388889	0.75	0.77	0.0	0.491609
61741	13233	0	0	1	3	6	5	0.0	3	2014	6	27	5	12.0	67	0	0	0	1091	0.306388889	0.100277778	0.053055556	0.0	0.11	0.0	0	0.118888889	0.0	0.25	0.0	0.191589
61801	13249	0	1	4	3	1	5	0.0	3	2014	6	28	6	16.0	76	0	1	2	4694	1.073888889	0.335277778	0.1041666669999999	0.0	0.386111111	0.0	0	0.168611111	0.0	0.79	0.0	0.181219
61838	13255	2	0	1	3	2	1	1.0	3	2014	6	28	6	10.0	19	0	1	1	1429	0.373333333	0.172777778	0.131944444	0.0	0.1022222219999999	0.0	0	0.113611111	1.5	0.25	0.0	0.234719
61845	13257	0	0	1	4	2	5	0.0	3	2014	6	28	6	8.5	73	1	1	1	1159	0.299444444	0.134722222	0.128333333	0.0	0.045277778	0.0	0	0.076666667	0.0	0.19	0.0	0.326087
61846	13257	0	1	1	4	2	5	0.0	3	2014	6	28	6	11.66666667	73	1	1	1	1159	0.306111111	0.125	0.093888889	0.0	0.0897222219999999	0.0	0	0.111388889	0.0	0.21	0.0	0.261845
61873	13264	0	4	4	3	6	1	1.0	3	2014	6	28	6	20.75	59	1	1	2	6013	1.524444444	0.4577777779999999	0.393055556	0.133333333	0.0	0.0	0	0.248611111	1.8	0.95	0.0	0.12514
61880	13266	1	1	4	3	2	1	1.0	3	2014	6	28	6	22.0	60	0	1	2	3589	0.969166667	0.293055556	0.3338888889999999	0.083333333	0.0	0.0	0	0.134444444	1.5	0.5	0.0	0.0578511999999999
61884	13268	1	1	4	3	1	3	0.0	3	2014	6	29	7	15.33333333	13	1	0	2	375	0.096388889	0.035555556	0.066666667	0.0	0.016944444	0.0	0	0.028333333	0.0	0.08	0.0	0.00980392
61899	13272	0	1	1	3	6	1	1.0	3	2014	6	29	7	16.33333333	39	0	1	0	1004	0.256388889	0.121388889	0.1772222219999999	0.0	0.057222222	0.0	0	0.098055556	1.5	0.21	0.0	0.419263
61901	13272	1	1	1	3	6	1	1.0	3	2014	6	29	7	16.33333333	37	1	1	0	1004	0.256388889	0.121388889	0.1772222219999999	0.0	0.057222222	0.0	0	0.098055556	1.5	0.21	0.0	0.419263
61938	13283	0	3	1	5	1	1	1.0	3	2014	6	29	7	15.41666667	32	1	1	2	229	0.0575	0.023055556	0.015555556	0.0	0.020277778	0.0	0	0.027222222	1.5	0.05	0.0	0.428571
61954	13287	1	0	3	1	1	1	1.0	3	2014	6	30	1	11.5	57	1	1	1	15613	3.820833333	1.264166667	0.1722222219999999	0.5166666670000001	0.0	0.183333333	1	0.9625	5.0	3.03	0.0	0.6248199999999999
61970	13289	3	0	3	2	1	2	0.0	3	2014	6	30	1	8.0	16	0	0	1	2266	0.628611111	0.1863888889999999	0.118888889	0.0	0.113611111	0.0	0	0.160833333	0.0	0.46	0.0	0.146805
61995	13297	0	1	3	1	6	1	0.0	3	2014	6	30	1	17.5	35	0	1	0	5325	1.203333333	0.325833333	0.124722222	0.0	0.418611111	0.0	0	0.2797222219999999	0.0	0.78	0.0	0.379345
62009	13304	0	0	3	1	2	1	1.0	3	2014	6	30	1	8.666666667000001	32	0	1	1	4251	0.980833333	0.288055556	0.1036111109999999	0.0	0.283333333	0.0	0	0.3677777779999999	1.5	0.72	10.5	0.725076
62048	13312	1	2	3	3	1	1	1.0	3	2014	7	1	2	13.76666667	31	1	0	1	698	0.173055556	0.095833333	0.0611111109999999	0.0	0.075	0.0	0	0.137222222	1.5	0.3	0.0	0.2894739999999999
62061	13315	0	0	4	2	1	1	1.0	3	2014	7	1	2	8.166666667000001	34	1	1	1	5126	1.225277778	0.363333333	0.1005555559999999	0.0	0.417777778	0.1011111109999999	1	0.297777778	3.0	0.87	0.0	0.5186569999999999
62118	13329	1	1	3	1	6	1	1.0	3	2014	7	1	2	17.08333333	22	0	0	0	2076	0.538055556	0.1719444439999999	0.202777778	0.0	0.158333333	0.0	0	0.161388889	1.5	0.38	0.0	0.406196
62134	13333	2	1	1	1	1	1	1.0	3	2014	7	1	2	20.16666667	28	1	1	1	2407	0.660833333	0.213055556	0.053055556	0.0	0.29	0.0	0	0.209166667	1.5	0.58	0.0	0.36919
62140	13336	0	3	4	5	1	5	0.0	3	2014	7	2	3	13.26666667	70	1	1	2	2884	0.7494444440000001	0.29	0.167777778	0.1	0.0	0.0	0	0.273611111	0.0	0.7	0.0	0.347208
62143	13337	1	0	3	4	6	1	1.0	3	2014	7	2	3	9.0	25	0	0	0	4377	1.201388889	0.3925	0.137222222	0.0	0.324722222	0.129444444	1	0.2372222219999999	3.0	0.79	0.0	0.4812649999999999
62194	13352	0	1	1	5	1	1	1.0	3	2014	7	2	3	11.75	29	1	1	1	345	0.2047222219999999	0.056944444	0.091944444	0.0	0.055555556	0.0	0	0.054166667	1.5	0.15	0.0	0.117949
62199	13354	2	2	3	4	2	1	1.0	3	2014	7	2	3	19.0	19	1	1	1	2967	0.800555556	0.230833333	0.323333333	0.0	0.1447222219999999	0.0	0	0.192222222	1.5	0.54	0.0	0.261561
62207	13357	0	0	3	3	1	1	1.0	3	2014	7	2	3	13.0	33	0	1	2	8940	2.1183333330000003	0.640555556	0.225	0.183333333	0.0	0.0	0	0.3852777779999999	1.5	1.45	0.0	0.105263
62230	13362	2	1	1	3	6	1	1.0	3	2014	7	3	4	17.0	18	1	0	0	687	0.193611111	0.1022222219999999	0.121111111	0.0	0.033333333	0.0	0	0.0502777779999999	1.5	0.13	0.0	0.0718232
62270	13370	0	0	4	4	2	5	0.0	3	2014	7	3	4	7.0	63	0	1	2	5973	1.4838888890000002	0.513611111	0.1975	0.183333333	0.1838888889999999	0.2	1	0.251388889	0.0	0.92	0.0	0.161326
62275	13371	0	0	2	1	1	1	1.0	3	2014	7	3	4	8.166666667000001	43	0	0	1	9305	2.313888889	0.632777778	0.096666667	0.4	0.1891666669999999	0.2666666669999999	3	0.6658333329999999	5.9	1.76	0.0	0.733417
62292	13373	0	2	1	5	6	1	1.0	3	2014	7	3	4	10.5	28	1	1	0	464	0.113333333	0.0711111109999999	0.028055556	0.0	0.0194444439999999	0.0	0	0.072777778	1.5	0.16	0.0	0.21374
62355	13386	0	4	4	3	2	1	1.0	3	2014	7	4	5	18.51666667	33	1	1	2	3427	0.8825	0.265277778	0.1225	0.0	0.389722222	0.126111111	1	0.236111111	3.0	0.57	0.0	0.662353
62361	13387	0	3	3	4	2	1	1.0	3	2014	7	4	5	14.0	57	0	1	1	4241	0.950555556	0.3383333329999999	0.220555556	0.133333333	0.0	0.0	0	0.3358333329999999	2.4	0.7	10.5	0.545079
62373	13390	1	3	3	3	6	1	1.0	3	2014	7	4	5	1.0	37	0	0	0	6093	1.544722222	0.473888889	0.051666667	0.0	0.529444444	0.227222222	1	0.250277778	3.0	0.89	0.0	0.328524
62409	13399	0	0	1	3	6	5	0.0	3	2014	7	5	6	16.5	77	1	0	0	780	0.2347222219999999	0.085833333	0.091111111	0.0	0.078333333	0.0	0	0.127222222	0.0	0.24	0.0	0.2903929999999999
62423	13402	0	0	1	3	6	1	1.0	3	2014	7	5	6	11.75	43	1	0	0	1046	0.275277778	0.116111111	0.099722222	0.0	0.144444444	0.0	0	0.106111111	1.5	0.25	0.0	0.534031
62431	13403	1	2	4	3	1	1	1.0	3	2014	7	5	6	16.0	38	0	1	1	11603	2.777777778	0.8761111109999999	0.1794444439999999	0.2	0.339722222	0.2119444439999999	1	0.5722222220000001	3.0	2.12	0.0	0.406796
62445	13405	2	3	4	3	2	5	0.0	3	2014	7	5	6	15.83333333	6	1	0	2	890	0.259722222	0.1025	0.1769444439999999	0.0	0.027777778	0.0	0	0.0502777779999999	0.0	0.14	0.0	0.0718232
62447	13407	1	0	3	3	1	5	0.0	3	2014	7	5	6	9.0	75	1	1	2	14307	3.393611111	1.081666667	0.211111111	0.3	0.316388889	0.133611111	1	0.586666667	0.0	2.19	0.0	0.419034
62467	13414	1	1	1	3	1	4	0.5	3	2014	7	5	6	18.66666667	23	1	1	1	2025	0.5025	0.155833333	0.341111111	0.0	0.093888889	0.0	0	0.165555556	0.75	0.48	0.0	0.595638
62474	13415	1	4	4	2	2	1	1.0	3	2014	7	5	6	11.75	50	0	1	2	1408	0.360277778	0.113888889	0.184166667	0.0	0.070277778	0.0	0	0.091666667	1.5	0.22	0.0	0.10303
62480	13416	1	0	4	3	1	1	1.0	3	2014	7	5	6	15.0	56	0	1	1	1399	0.373888889	0.118333333	0.150277778	0.0	0.083333333	0.0	0	0.0841666669999999	1.5	0.25	0.0	0.2409239999999999
62484	13418	0	0	3	3	6	1	1.0	3	2014	7	6	7	9.0	34	1	0	0	4232	0.956388889	0.270277778	0.136666667	0.0	0.2	0.0	0	0.167222222	1.5	0.55	0.0	0.1063119999999999
62489	13419	0	2	4	3	1	5	0.0	3	2014	7	6	7	11.5	69	1	1	1	2817	0.65	0.290555556	0.203611111	0.133333333	0.0	0.083333333	1	0.256666667	0.0	0.64	0.0	0.397186
62497	13422	0	0	4	3	1	4	0.5	3	2014	7	6	7	7.0	27	1	1	2	8248	1.868888889	0.6219444439999999	0.061666667	0.0	0.431111111	0.0	0	0.341111111	0.75	1.22	0.0	0.211726
62498	13422	0	1	4	3	1	4	0.5	3	2014	7	6	7	20.5	27	1	1	2	8248	1.919722222	0.6102777779999999	0.056111111	0.0	0.556666667	0.0	0	0.365	0.75	1.26	0.0	0.204718
62532	13429	1	0	1	3	6	1	1.0	3	2014	7	6	7	12.0	31	0	1	0	1447	0.35	0.1291666669999999	0.1255555559999999	0.0	0.088888889	0.0	0	0.102777778	1.5	0.25	0.0	0.424324
62595	13441	3	1	3	2	1	3	0.0	3	2014	7	7	1	16.0	12	0	0	1	2240	0.544166667	0.153333333	0.187777778	0.0	0.18	0.0	0	0.222777778	0.0	0.51	0.0	0.552369
62624	13449	1	0	1	2	1	1	1.0	3	2014	7	7	1	8.333333332999999	34	1	0	1	847	0.281666667	0.073888889	0.176388889	0.0	0.033333333	0.0	0	0.098888889	1.5	0.24	0.0	0.196629
62651	13455	0	0	3	1	1	1	1.0	3	2014	7	7	1	8.5	37	0	1	1	5277	1.447222222	0.511388889	0.0886111109999999	0.2	0.199444444	0.171388889	2	0.510277778	4.7	1.41	0.0	0.49755
62665	13459	1	3	4	3	1	1	1.0	3	2014	7	7	1	17.66666667	61	1	1	1	2181	0.519444444	0.176666667	0.013055556	0.0	0.133333333	0.0	0	0.128333333	1.5	0.38	0.0	0.181818
62715	13473	0	1	3	1	6	1	1.0	3	2014	7	8	2	17.5	44	1	1	0	3671	0.944166667	0.319166667	0.061666667	0.15	0.056944444	0.1036111109999999	1	0.3316666669999999	3.9	0.69	10.5	0.843384
62716	13473	0	2	3	3	6	1	1.0	3	2014	7	8	2	19.0	44	1	1	0	1940	0.493888889	0.1875	0.133888889	0.0	0.138888889	0.0	0	0.2025	1.5	0.42	0.0	0.6776409999999999
62719	13474	0	0	3	3	6	1	1.0	3	2014	7	8	2	10.0	43	1	0	0	2126	0.504444444	0.179166667	0.176388889	0.0	0.138888889	0.0	0	0.163055556	1.5	0.37	0.0	0.465077
62732	13478	1	1	1	3	1	5	0.0	3	2014	7	8	2	11.33333333	75	0	1	1	964	0.258611111	0.064166667	0.2094444439999999	0.0	0.038333333	0.0	0	0.069444444	0.0	0.2	0.0	0.236
62737	13478	3	0	4	3	1	1	1.0	3	2014	7	8	2	10.5	36	1	1	1	6569	1.5161111109999998	0.496944444	0.155	0.0	0.416666667	0.1166666669999999	1	0.363888889	3.0	1.2	0.0	0.164122
62755	13484	0	6	4	3	1	5	0.0	3	2014	7	8	2	16.66666667	60	1	1	2	4985	1.194166667	0.366111111	0.17	0.0	0.333333333	0.0	0	0.287777778	0.0	0.82	0.0	0.159266
62765	13487	0	1	3	2	6	5	0.0	3	2014	7	8	2	14.75	28	0	0	0	7007	1.5966666669999998	0.541388889	0.243888889	0.0	0.6930555559999999	0.0	0	0.538611111	0.0	1.24	0.0	0.574523
62770	13488	1	0	1	3	1	5	0.0	3	2014	7	8	2	11.5	78	1	0	1	560	0.1772222219999999	0.070277778	0.151944444	0.0	0.016666667	0.0	0	0.0586111109999999	0.0	0.15	0.0	0.104265
62788	13491	0	0	4	3	2	5	0.0	3	2014	7	8	2	7.0	63	1	1	1	8565	2.070555556	0.603055556	0.363055556	0.0	0.5	0.0	0	0.257222222	0.0	1.26	0.0	0.147948
62791	13491	0	4	1	3	2	5	0.0	3	2014	7	8	2	14.0	63	1	1	1	467	0.137777778	0.044166667	0.076388889	0.0	0.025555556	0.0	0	0.046944444	0.0	0.09	0.0	0.0177515
62804	13494	0	1	3	4	1	1	1.0	3	2014	7	9	3	6.0	50	0	1	2	15080	3.621388889	1.260555556	0.243611111	0.533333333	0.0	0.1166666669999999	1	0.729722222	5.3	2.49	0.0	0.462885
62828	13501	3	1	4	5	1	1	1.0	3	2014	7	9	3	7.1	27	1	1	1	349	0.125833333	0.039722222	0.089444444	0.0	0.016666667	0.0	0	0.0525	1.5	0.11	0.0	0.0317459999999999
62832	13502	3	0	3	1	1	1	1.0	3	2014	7	9	3	13.33333333	46	0	1	1	9586	2.246388889	0.632222222	0.409722222	0.333333333	0.0	0.1166666669999999	1	0.4552777779999999	3.0	1.74	0.0	0.281879
62834	13503	0	0	1	3	1	1	1.0	3	2014	7	9	3	10.0	43	1	1	2	2410	0.5225	0.130833333	0.088055556	0.0	0.138611111	0.0	0	0.149166667	1.5	0.4	0.0	0.260708
62904	13518	1	0	4	1	6	1	1.0	3	2014	7	10	4	9.25	55	1	1	2	8593	2.089166667	0.629444444	0.098888889	0.0	0.6930555559999999	0.0	0	0.357222222	1.5	1.26	0.0	0.192068
62915	13521	0	0	4	3	1	1	1.0	3	2014	7	10	4	8.75	32	1	1	1	941	0.2847222219999999	0.080833333	0.096388889	0.0	0.083333333	0.0	0	0.080555556	1.5	0.22	0.0	0.151724
62916	13521	0	2	4	2	1	1	1.0	3	2014	7	10	4	9.0	32	1	1	1	980	0.314444444	0.089444444	0.211388889	0.0	0.033333333	0.0	0	0.0925	1.5	0.28	0.0	0.00900901
62966	13532	0	1	1	5	6	5	0.0	3	2014	7	11	5	11.66666667	60	0	1	0	991	0.25	0.146944444	0.1036111109999999	0.066666667	0.0	0.0	0	0.120833333	0.0	0.23	10.5	0.457471
62977	13534	0	1	3	1	1	1	1.0	3	2014	7	11	5	16.0	52	1	1	2	10889	2.656944444	0.765833333	0.211111111	0.666666667	0.0	0.133333333	1	0.908888889	5.9	2.27	0.0	0.501834
62979	13534	0	3	4	3	1	1	1.0	3	2014	7	11	5	20.75	52	1	1	2	6022	1.536944444	0.4758333329999999	0.157777778	0.2	0.283333333	0.15	1	0.403611111	3.6	1.26	0.0	0.229181
63016	13541	0	2	4	3	1	1	1.0	3	2014	7	11	5	18.5	42	1	1	2	2108	0.627222222	0.190555556	0.164166667	0.0	0.361111111	0.0	0	0.251388889	1.5	0.59	0.0	0.19558
63033	13546	0	4	1	3	1	1	1.0	3	2014	7	12	6	17.58333333	31	0	1	1	2976	0.760277778	0.272777778	0.296111111	0.0	0.211388889	0.0	0	0.255	1.5	0.69	0.0	0.350763
63044	13547	2	2	4	3	1	5	0.0	3	2014	7	12	6	14.26666667	6	1	0	1	1258	0.354722222	0.125	0.125	0.0	0.159722222	0.0	0	0.108611111	0.0	0.27	0.0	0.345269
63085	13554	1	2	4	3	2	5	0.0	3	2014	7	12	6	15.25	49	1	0	1	1068	0.305277778	0.109166667	0.192777778	0.0	0.053333333	0.0	0	0.1125	0.0	0.24	0.0	0.293827
63111	13562	0	10	2	3	6	1	1.0	3	2014	7	12	6	17.5	38	1	1	0	4137	1.013333333	0.318888889	0.0627777779999999	0.0	0.315555556	0.0	0	0.193333333	1.5	0.67	0.0	0.324713
63121	13563	1	4	3	3	1	4	1.0	3	2014	7	12	6	20.0	26	0	1	1	3353	0.833333333	0.263611111	0.166388889	0.0	0.308611111	0.0	0	0.261666667	1.5	0.71	0.0	0.536093
63151	13569	0	1	4	5	1	5	0.0	3	2014	7	13	7	10.0	70	0	1	2	2893	0.7361111109999999	0.235277778	0.034166667	0.0	0.2372222219999999	0.0	0	0.181388889	0.0	0.58	0.0	0.0949464
63171	13574	0	2	3	3	6	4	0.5	3	2014	7	13	7	21.5	24	1	1	0	7314	1.803055556	0.6466666670000001	0.18	0.25	0.158888889	0.1022222219999999	1	0.422222222	2.35	1.15	0.0	0.586184
63200	13580	1	3	4	3	6	3	0.0	3	2014	7	13	7	15.0	12	1	0	0	2875	0.6719444440000001	0.199722222	0.036111111	0.0	0.494444444	0.0	0	0.123333333	0.0	0.49	0.0	0.414414
63216	13582	2	2	4	3	1	1	1.0	3	2014	7	13	7	21.5	29	1	1	1	18430	4.539166667	1.541944444	0.323611111	0.716666667	0.1625	0.1166666669999999	1	0.850555556	4.6	3.81	0.0	0.370346
63219	13583	1	0	4	3	1	5	0.0	3	2014	7	14	1	14.16666667	58	1	1	1	2615	0.651388889	0.205833333	0.156944444	0.0	0.134722222	0.0	0	0.151388889	0.0	0.45	0.0	0.170642
63226	13584	0	1	3	2	6	1	1.0	3	2014	7	14	1	9.166666667	40	0	0	0	6265	1.584444444	0.438055556	0.0922222219999999	0.0	0.463055556	0.112222222	1	0.364444444	3.0	1.03	0.0	0.358232
63250	13591	0	0	3	3	6	1	1.0	3	2014	7	14	1	11.0	53	1	0	0	1706	0.423055556	0.168611111	0.126111111	0.0	0.0777777779999999	0.0	0	0.105277778	1.5	0.28	10.5	0.403694
63259	13592	1	1	1	1	1	1	1.0	3	2014	7	14	1	15.0	37	1	0	1	1199	0.3238888889999999	0.1016666669999999	0.154722222	0.0	0.114444444	0.0	0	0.127777778	1.5	0.32	0.0	0.1413039999999999
63268	13593	1	1	3	5	1	1	1.0	3	2014	7	14	1	7.583333333	44	0	1	1	9345	2.188611111	0.646944444	0.105555556	0.183333333	0.255	0.233333333	2	0.591388889	4.7	1.66	10.5	0.637858
63278	13596	0	0	4	3	1	1	1.0	3	2014	7	14	1	9.416666667	54	0	1	1	743	0.193611111	0.0675	0.102777778	0.0	0.036111111	0.0	0	0.065	1.5	0.17	0.0	0.0555556
63279	13596	0	1	4	3	1	1	1.0	3	2014	7	14	1	9.5	54	0	1	1	743	0.190277778	0.048888889	0.080833333	0.0	0.0313888889999999	0.0	0	0.039444444	1.5	0.12	0.0	0.190141
63294	13597	1	0	1	3	1	1	1.0	3	2014	7	14	1	11.0	32	1	1	1	882	0.2825	0.105555556	0.1591666669999999	0.0	0.071666667	0.0	0	0.0536111109999999	1.5	0.15	0.0	0.0725388999999999
63296	13597	1	3	1	3	1	1	1.0	3	2014	7	14	1	15.33333333	32	1	1	1	552	0.1186111109999999	0.028055556	0.066388889	0.0	0.035555556	0.0	0	0.039166667	1.5	0.1	0.0	0.035461
63323	13601	0	0	1	3	6	5	0.0	3	2014	7	15	2	17.5	69	0	0	0	256	0.069166667	0.034444444	0.033055556	0.0	0.027222222	0.0	0	0.0308333329999999	0.0	0.07	0.0	0.675676
63365	13611	0	1	1	5	1	4	1.0	3	2014	7	15	2	14.0	23	1	1	2	215	0.079444444	0.068888889	0.0388888889999999	0.0	0.02	0.0	0	0.055	1.5	0.15	0.0	0.590909
63385	13616	1	2	4	1	2	1	1.0	3	2014	7	15	2	8.75	31	1	1	1	1864	0.459444444	0.118888889	0.148611111	0.0	0.134722222	0.0	0	0.1155555559999999	1.5	0.29	0.0	0.122596
63389	13617	0	0	3	1	2	1	1.0	3	2014	7	15	2	8.25	29	0	1	1	11649	2.66	0.765277778	0.245833333	0.366666667	0.0	0.1166666669999999	1	0.680555556	3.6	1.68	0.0	0.5530609999999999
63390	13617	0	1	3	1	2	1	1.0	3	2014	7	15	2	17.5	29	0	1	1	11649	2.703333333	0.757777778	0.181666667	0.25	0.379722222	0.1	1	0.766111111	3.9	1.72	0.0	0.452502
63395	13620	0	1	4	3	6	4	0.5	3	2014	7	16	3	22.5	20	0	0	0	3715	0.961388889	0.265833333	0.218611111	0.0	0.191944444	0.0	0	0.243333333	0.75	0.69	0.0	0.1849319999999999
63419	13625	0	0	3	2	6	1	0.5	3	2014	7	16	3	8.25	26	1	0	0	1735	0.504166667	0.16	0.2872222219999999	0.0	0.1447222219999999	0.0	0	0.1472222219999999	0.75	0.36	0.0	0.316981
63448	13628	2	5	4	1	1	1	1.0	3	2014	7	16	3	15.88333333	24	0	1	1	1970	0.5786111110000001	0.192777778	0.245833333	0.0	0.1016666669999999	0.0	0	0.196666667	1.5	0.69	0.0	0.481638
63458	13631	0	0	4	3	1	1	1.0	3	2014	7	16	3	18.5	29	0	1	1	3377	0.831666667	0.2425	0.162777778	0.0	0.22	0.0	0	0.275	1.5	0.73	0.0	0.339394
63479	13636	1	1	4	5	1	1	1.0	3	2014	7	17	4	16.5	42	0	1	1	503	0.109166667	0.056388889	0.060277778	0.0	0.041666667	0.0	0	0.0575	1.5	0.14	0.0	0.333333
63484	13636	4	0	1	2	1	5	0.0	3	2014	7	17	4	8.25	8	1	0	1	943	0.291388889	0.0875	0.206388889	0.0	0.125277778	0.0	0	0.0861111109999999	0.0	0.24	0.0	0.219355
63572	13659	0	0	4	1	1	5	0.0	3	2014	7	18	5	5.75	50	1	1	2	6061	1.490555556	0.485277778	0.169722222	0.3833333329999999	0.0	0.066666667	1	0.295833333	0.0	1.15	0.0	0.0816901
63576	13660	0	2	4	3	1	1	1.0	3	2014	7	18	5	17.5	26	1	1	2	8626	2.0302777780000003	0.7172222220000001	0.2044444439999999	0.416666667	0.0	0.0	0	0.5247222220000001	2.9	1.51	0.0	0.442033
63577	13661	0	3	1	1	2	1	1.0	3	2014	7	18	5	15.08333333	42	1	1	2	335	0.2463888889999999	0.084444444	0.164444444	0.0	0.05	0.0	0	0.104444444	1.5	0.22	0.0	0.0824468
63613	13667	3	2	3	5	6	5	0.0	3	2014	7	18	5	15.25	8	0	0	0	4810	1.134722222	0.358055556	0.166666667	0.1166666669999999	0.2844444439999999	0.233333333	2	0.426111111	0.0	0.88	0.0	0.6023470000000001
63622	13670	0	1	1	3	6	1	1.0	3	2014	7	18	5	11.91666667	54	0	0	0	1657	0.3938888889999999	0.125833333	0.0	0.0	0.15	0.0	0	0.120833333	1.5	0.29	0.0	0.556322
63628	13671	1	1	4	1	6	1	1.0	3	2014	7	18	5	22.16666667	35	1	1	0	7090	1.6944444440000002	0.596944444	0.2713888889999999	0.316666667	0.0	0.0	0	0.448611111	2.4	1.19	0.0	0.606811
63662	13680	5	0	3	3	1	5	0.0	3	2014	7	19	6	12.0	5	0	0	1	11604	2.706944444	0.8511111109999999	0.2688888889999999	0.366666667	0.2166666669999999	0.15	1	0.8088888890000001	0.0	2.34	0.0	0.498626
63664	13681	0	0	3	3	6	1	1.0	3	2014	7	19	6	14.5	37	1	0	0	2579	0.6786111109999999	0.290277778	0.063888889	0.0	0.265	0.0	0	0.194722222	1.5	0.48	10.5	0.470756
63688	13687	0	7	2	5	1	1	1.0	3	2014	7	19	6	17.0	50	0	1	2	329	0.093055556	0.024722222	0.035	0.0	0.042222222	0.0	0	0.023888889	1.5	0.07	0.0	0.511628
63692	13687	1	2	4	3	1	1	1.0	3	2014	7	19	6	11.5	50	1	1	2	869	0.272777778	0.086388889	0.1769444439999999	0.0	0.036111111	0.0	0	0.083888889	1.5	0.21	0.0	0.0827815
63701	13689	0	0	3	3	6	1	1.0	3	2014	7	19	6	10.0	40	0	0	0	3157	0.805	0.257222222	0.195277778	0.0	0.322222222	0.0	0	0.22	1.5	0.58	0.0	0.138889
63710	13692	1	1	4	3	2	1	1.0	3	2014	7	19	6	17.08333333	31	1	1	1	628	0.170277778	0.056111111	0.130277778	0.0	0.027222222	0.0	0	0.054722222	1.5	0.11	0.0	0.0558375999999999
63721	13695	0	0	3	3	6	1	1.0	3	2014	7	19	6	14.0	28	0	0	0	4614	1.215833333	0.412777778	0.145833333	0.05	0.236388889	0.1166666669999999	1	0.3863888889999999	3.9	0.89	10.5	0.5650609999999999
63726	13697	0	0	4	3	1	5	0.0	3	2014	7	20	7	14.0	63	0	1	2	2327	0.692222222	0.214722222	0.115833333	0.0	0.264722222	0.0	0	0.163611111	0.0	0.47	0.0	0.269949
63750	13700	1	0	1	3	6	5	0.0	3	2014	7	20	7	11.16666667	62	1	0	0	1815	0.4513888889999999	0.130555556	0.056944444	0.0	0.150555556	0.0	0	0.1216666669999999	0.0	0.31	0.0	0.105023
63768	13703	4	1	4	4	1	3	0.0	3	2014	7	20	7	16.25	14	0	0	1	16018	3.761666667	1.1075	0.1938888889999999	0.483333333	0.0	0.133333333	1	0.810277778	1.5	2.7	0.0	0.559479
63773	13704	1	1	3	5	1	1	1.0	3	2014	7	20	7	13.0	24	1	1	1	3767	0.880833333	0.225277778	0.0711111109999999	0.0	0.298611111	0.0	0	0.256666667	1.5	0.69	0.0	0.367965
63790	13707	3	0	1	3	1	5	0.0	3	2014	7	20	7	10.0	6	1	0	1	964	0.236111111	0.071666667	0.0675	0.0	0.0775	0.0	0	0.056111111	0.0	0.16	0.0	0.316832
63818	13713	3	1	3	1	6	4	1.0	3	2014	7	21	1	17.5	23	0	0	0	7649	1.838888889	0.710555556	0.179722222	0.0	0.5625	0.0	0	0.444166667	1.5	1.25	0.0	0.43965
63819	13714	0	0	2	1	2	1	1.0	3	2014	7	21	1	6.5	44	0	1	2	13254	3.026666667	1.0425	0.251111111	0.0	0.7	0.0	0	0.7230555559999999	1.5	1.94	10.5	0.535536
63833	13717	0	2	3	3	1	5	0.0	3	2014	7	21	1	16.25	67	1	1	2	2464	0.6919444440000001	0.212777778	0.194444444	0.083333333	0.0	0.0	0	0.197777778	0.0	0.51	0.0	0.31882
63852	13720	0	5	1	3	6	1	0.5	3	2014	7	21	1	23.0	50	0	1	0	493	0.117777778	0.034722222	0.046388889	0.0	0.023888889	0.0	0	0.039166667	0.75	0.09	0.0	0.276596
63874	13725	3	0	1	2	2	5	0.0	3	2014	7	21	1	8.5	9	0	0	2	810	0.2419444439999999	0.076388889	0.159722222	0.0	0.0275	0.0	0	0.06	0.0	0.14	0.0	0.00925926
63891	13732	0	0	4	3	6	1	1.0	3	2014	7	22	2	8.0	53	1	1	2	4176	1.1936111109999998	0.369444444	0.190555556	0.0	0.386666667	0.070833333	1	0.2397222219999999	3.0	0.77	0.0	0.249131
63896	13732	0	6	4	3	6	1	1.0	3	2014	7	22	2	15.58333333	53	1	1	2	932	0.3908333329999999	0.205555556	0.167222222	0.0	0.030555556	0.0	0	0.1066666669999999	1.5	0.28	0.0	0.164063
63914	13733	0	1	4	1	1	1	1.0	3	2014	7	22	2	17.33333333	55	0	1	2	14311	3.361111111	1.08	0.3	0.0	1.105	0.0872222219999999	1	0.528333333	3.0	2.33	0.0	0.370662
63925	13735	0	5	3	1	2	1	1.0	3	2014	7	22	2	18.66666667	27	0	1	1	7723	1.931388889	0.668888889	0.151666667	0.35	0.0	0.083333333	1	0.414722222	2.9	1.15	0.0	0.627595
63929	13736	0	1	3	1	1	1	1.0	3	2014	7	22	2	17.25	55	0	1	1	8943	2.132222222	0.6858333329999999	0.152222222	0.35	0.058333333	0.136111111	1	0.634444444	4.8	1.59	10.5	0.627846
63934	13736	2	3	1	5	1	4	0.5	3	2014	7	22	2	14.0	19	1	0	1	430	0.088888889	0.0288888889999999	0.029166667	0.0	0.045833333	0.0	0	0.025555556	0.75	0.07	0.0	0.336957
63953	13739	0	1	3	5	6	1	1.0	3	2014	7	22	2	9.5	31	1	0	0	3316	0.765	0.2797222219999999	0.1197222219999999	0.0	0.308333333	0.0	0	0.3675	1.5	0.76	10.5	0.578231
63967	13740	1	0	4	1	1	1	1.0	3	2014	7	22	2	7.0	21	0	1	1	6706	1.674166667	0.566944444	0.333333333	0.0	0.4477777779999999	0.0	0	0.459166667	1.5	1.42	0.0	0.349062
64027	13758	1	1	1	3	1	5	0.0	3	2014	7	23	3	14.75	74	0	1	1	2340	0.5694444439999999	0.16	0.029166667	0.0	0.39	0.0	0	0.1913888889999999	0.0	0.48	0.0	0.732946
64047	13763	0	0	4	3	5	5	0.0	3	2014	7	24	4	11.0	65	1	1	2	1649	0.374722222	0.138055556	0.165277778	0.0	0.1	0.0	0	0.108055556	0.0	0.45	0.0	0.0796915
64071	13769	1	0	3	1	6	1	1.0	3	2014	7	24	4	7.75	57	0	0	0	1858	0.475	0.165833333	0.123333333	0.0	0.261111111	0.0	0	0.1580555559999999	1.5	0.38	0.0	0.226714
64088	13774	0	1	4	5	1	5	0.0	3	2014	7	24	4	21.0	66	0	1	1	1219	0.321944444	0.0841666669999999	0.032777778	0.0	0.1866666669999999	0.0	0	0.054166667	0.0	0.2	0.0	0.0974358999999999
64152	13784	0	0	1	3	6	1	1.0	3	2014	7	24	4	11.0	36	1	0	0	2392	0.563055556	0.1747222219999999	0.073888889	0.0	0.2822222219999999	0.0	0	0.1825	1.5	0.44	0.0	0.231355
64161	13784	4	1	1	3	6	5	0.0	3	2014	7	24	4	11.45	9	1	0	0	2392	0.546111111	0.1916666669999999	0.090833333	0.0	0.247222222	0.0	0	0.177777778	0.0	0.44	0.0	0.51875
64169	13787	0	2	3	3	6	5	0.0	3	2014	7	25	5	15.0	84	0	0	0	3670	0.820555556	0.312777778	0.278888889	0.1	0.0	0.0	0	0.2525	0.0	0.7	0.0	0.1122109999999999
64171	13788	0	1	3	4	6	1	1.0	3	2014	7	25	5	18.5	34	1	1	0	8342	2.185833333	0.825833333	0.290833333	0.4	0.0	0.0	0	0.675555556	1.7	1.74	0.0	0.6648850000000001
64186	13793	1	1	1	5	1	5	0.0	3	2014	7	25	5	12.33333333	63	1	1	1	571	0.146944444	0.069166667	0.1072222219999999	0.0	0.0	0.0	0	0.0577777779999999	0.0	0.13	0.0	0.158654
64203	13797	1	1	1	5	1	1	1.0	3	2014	7	25	5	12.0	32	0	1	1	584	0.118333333	0.03	0.0	0.0	0.066666667	0.0	0	0.046388889	1.5	0.1	10.5	0.5868260000000001
64207	13798	0	1	3	1	1	1	1.0	3	2014	7	25	5	18.0	50	0	1	1	10985	2.59	0.8694444440000001	0.376111111	0.533333333	0.0	0.0	0	0.8241666670000001	2.9	2.12	10.5	0.6868890000000001
64219	13801	0	0	3	3	6	1	1.0	3	2014	7	26	6	12.0	58	0	1	0	3763	0.993333333	0.325277778	0.0872222219999999	0.0	0.480555556	0.0	0	0.26	1.5	0.68	0.0	0.41453
64236	13804	1	5	3	3	1	2	0.0	3	2014	7	26	6	17.0	17	1	0	2	15754	3.5925	1.1180555559999998	0.118333333	0.6	0.133333333	0.2666666669999999	2	0.980555556	1.3	2.69	10.5	0.592635
64265	13809	0	5	4	3	1	5	0.0	3	2014	7	26	6	10.08333333	61	0	0	1	2335	0.655	0.220277778	0.438333333	0.0	0.08	0.0	0	0.143055556	0.0	0.51	0.0	0.0446602
64268	13809	1	2	4	3	1	5	0.0	3	2014	7	26	6	9.833333333	62	1	1	1	2335	0.650277778	0.206111111	0.2775	0.0	0.096388889	0.1	1	0.1422222219999999	0.0	0.51	0.0	0.0410156
64270	13809	1	7	4	3	1	5	0.0	3	2014	7	26	6	15.08333333	62	1	1	1	657	0.179722222	0.049166667	0.1016666669999999	0.0	0.027222222	0.0	0	0.052777778	0.0	0.13	0.0	0.0368421
64274	13810	1	1	3	1	1	1	1.0	3	2014	7	26	6	22.0	29	0	1	1	7300	1.6191666669999998	0.604166667	0.1016666669999999	0.0	0.5166666670000001	0.0	0	0.4094444439999999	1.5	1.16	0.0	0.382632
64277	13811	0	0	4	1	1	1	1.0	3	2014	7	26	6	6.5	32	0	1	1	7806	2.019722222	0.606666667	0.1888888889999999	0.0	0.4588888889999999	0.1411111109999999	1	0.350555556	3.0	1.4	0.0	0.249604
64290	13813	1	2	4	3	1	1	1.0	3	2014	7	26	6	13.25	38	0	1	1	986	0.263055556	0.079722222	0.228333333	0.0	0.033333333	0.0	0	0.092777778	1.5	0.26	0.0	0.182635
64301	13815	2	3	4	3	1	3	0.0	3	2014	7	27	7	16.91666667	14	0	0	2	3883	0.994166667	0.370555556	0.2263888889999999	0.0	0.327222222	0.0	0	0.2022222219999999	0.0	0.82	0.0	0.361264
64305	13815	4	1	4	3	1	3	0.0	3	2014	7	27	7	16.91666667	11	0	0	2	3883	0.994166667	0.370555556	0.2263888889999999	0.0	0.327222222	0.0	0	0.2022222219999999	0.0	0.82	0.0	0.361264
64308	13817	0	1	1	3	1	5	0.0	3	2014	7	27	7	9.766666667	61	1	1	2	453	0.234166667	0.081111111	0.173333333	0.0	0.01	0.0	0	0.054444444	0.0	0.16	0.0	0.00510204
64335	13824	2	0	1	3	1	5	0.0	3	2014	7	27	7	10.0	9	0	0	1	1922	0.540277778	0.170555556	0.119444444	0.0	0.143055556	0.0	0	0.173888889	0.0	0.56	0.0	0.158147
64340	13826	0	1	3	5	6	5	0.0	3	2014	7	27	7	10.58333333	27	0	1	0	5107	1.355833333	0.5030555560000001	0.150277778	0.1166666669999999	0.181666667	0.183333333	2	0.346111111	0.0	0.9	0.0	0.508828
64347	13827	1	1	3	3	6	2	0.0	3	2014	7	27	7	18.5	16	0	0	0	5340	1.266666667	0.4133333329999999	0.1475	0.0	0.429166667	0.0	0	0.368055556	0.0	0.86	0.0	0.598491
64348	13828	0	0	3	1	6	1	1.0	3	2014	7	27	7	8.5	28	1	1	0	5201	1.227222222	0.406666667	0.093333333	0.0	0.4708333329999999	0.097777778	1	0.290555556	3.0	0.84	0.0	0.1548759999999999
64369	13834	0	3	4	3	6	1	1.0	3	2014	7	27	7	14.58333333	44	0	1	2	2528	0.568055556	0.2072222219999999	0.1866666669999999	0.066666667	0.0	0.0	0	0.1913888889999999	2.4	0.44	0.0	0.477504
64376	13835	2	1	2	1	6	1	1.0	3	2014	7	28	1	18.0	19	0	0	0	5310	1.466666667	0.497222222	0.346388889	0.3	0.0	0.0	0	0.4825	2.9	1.11	10.5	0.8802530000000001
64399	13842	1	0	4	1	1	5	0.0	3	2014	7	28	1	7.0	65	1	1	2	6651	1.551666667	0.5161111110000001	0.203333333	0.0	0.45	0.183333333	1	0.251944444	0.0	0.99	0.0	0.103638
64419	13848	2	3	3	3	2	4	1.0	3	2014	7	28	1	15.66666667	21	0	0	1	9722	2.301388889	0.8136111109999999	0.150277778	0.183333333	0.568333333	0.095833333	1	0.8113888890000001	3.1	1.64	10.5	0.70113
64430	13852	0	1	1	3	1	1	1.0	3	2014	7	28	1	13.0	50	0	1	1	539	0.170277778	0.0580555559999999	0.093888889	0.0	0.033888889	0.0	0	0.045277778	1.5	0.13	0.0	0.110429
64456	13857	1	4	4	3	6	1	1.0	3	2014	7	29	2	21.83333333	25	1	0	0	917	0.260833333	0.12	0.056666667	0.0	0.068333333	0.0	0	0.0847222219999999	1.5	0.2	0.0	0.265574
64459	13857	2	4	1	3	6	1	1.0	3	2014	7	29	2	18.5	23	1	0	0	1512	0.386944444	0.126944444	0.195833333	0.0	0.1041666669999999	0.0	0	0.1566666669999999	1.5	0.36	0.0	0.303191
64461	13858	0	0	1	1	6	4	1.0	3	2014	7	29	2	8.5	25	0	1	0	3588	0.8552777779999999	0.326944444	0.1397222219999999	0.0	0.315833333	0.0	0	0.325555556	1.5	0.64	10.5	0.8182590000000001
64482	13863	0	0	4	1	2	1	1.0	3	2014	7	29	2	8.5	55	0	1	1	636	0.15	0.063888889	0.105555556	0.0	0.041388889	0.0	0	0.041666667	1.5	0.1	0.0	0.0133333
64516	13871	0	0	3	1	6	1	1.0	3	2014	7	29	2	9.0	28	1	0	0	6590	1.476666667	0.521111111	0.113055556	0.3	0.0	0.0	0	0.599166667	2.9	1.31	10.5	0.6879930000000001
64520	13872	0	3	1	5	6	1	1.0	3	2014	7	29	2	20.16666667	56	0	1	0	1620	0.3963888889999999	0.176666667	0.091388889	0.0	0.15	0.0	0	0.1436111109999999	1.5	0.31	0.0	0.568665
64557	13880	0	1	4	5	1	5	0.0	3	2014	7	30	3	11.5	68	0	1	1	722	0.220555556	0.103333333	0.045	0.0	0.0611111109999999	0.0	0	0.056944444	0.0	0.15	0.0	0.1365849999999999
64616	13898	1	0	3	3	2	2	0.0	3	2014	7	31	4	10.5	16	1	0	2	4644	1.178888889	0.366666667	0.145555556	0.0	0.425833333	0.0	0	0.2119444439999999	0.0	0.69	0.0	0.1428569999999999
64635	13903	0	4	4	5	1	1	1.0	3	2014	7	31	4	17.41666667	45	1	1	2	1651	0.416666667	0.148611111	0.0775	0.0	0.218055556	0.0	0	0.108611111	1.5	0.3	0.0	0.227621
64643	13905	1	1	1	3	1	5	0.0	3	2014	7	31	4	20.08333333	9	1	0	2	757	0.173055556	0.050833333	0.016666667	0.0	0.0352777779999999	0.0	0	0.0358333329999999	0.0	0.12	0.0	0.170543
64647	13906	0	1	3	5	2	1	1.0	3	2014	7	31	4	7.333333333	35	0	1	2	3862	0.936666667	0.300277778	0.1625	0.183333333	0.0	0.083333333	1	0.273055556	1.7	0.63	0.0	0.657172
64665	13909	1	0	1	3	6	1	1.0	3	2014	8	1	5	14.0	34	1	1	0	897	0.228611111	0.084444444	0.1447222219999999	0.0	0.043888889	0.0	0	0.112777778	1.5	0.32	0.0	0.270936
64672	13910	1	4	1	5	1	1	1.0	3	2014	8	1	5	11.83333333	56	1	1	2	491	0.1591666669999999	0.0847222219999999	0.127777778	0.0	0.015833333	0.0	0	0.0577777779999999	1.5	0.14	0.0	0.423077
64691	13917	0	2	1	5	2	5	0.0	3	2014	8	1	5	15.75	76	0	1	2	382	0.1075	0.052777778	0.069722222	0.0	0.054166667	0.0	0	0.092777778	0.0	0.17	10.5	0.491018
64714	13920	1	1	4	5	1	1	0.0	3	2014	8	2	6	8.5	33	0	1	1	3000	0.7644444440000001	0.221111111	0.176111111	0.033333333	0.166666667	0.1	1	0.170555556	1.5	0.55	0.0	0.0667751999999999
64717	13922	1	0	1	3	6	1	1.0	3	2014	8	2	6	9.5	38	0	1	0	1030	0.305555556	0.0861111109999999	0.129722222	0.0	0.066666667	0.0	0	0.094444444	1.5	0.22	0.0	0.241176
64720	13923	0	7	4	3	1	1	1.0	3	2014	8	2	6	18.76666667	43	0	1	2	4041	1.036388889	0.356388889	0.1675	0.033333333	0.261111111	0.133333333	1	0.266944444	3.0	0.75	0.0	0.320499
64727	13924	1	2	4	5	1	1	1.0	3	2014	8	2	6	11.5	52	0	1	2	1110	0.306388889	0.1025	0.143888889	0.0	0.1	0.0	0	0.083333333	1.5	0.23	0.0	0.103333
64728	13924	1	3	4	5	1	1	1.0	3	2014	8	2	6	13.5	52	0	1	2	5221	1.3733333330000002	0.3913888889999999	0.191944444	0.0	0.553055556	0.0	0	0.386666667	1.5	1.23	0.0	0.270115
64743	13928	0	1	4	3	2	1	1.0	3	2014	8	2	6	13.75	55	0	1	2	5700	1.5	0.421111111	0.223055556	0.0	0.2666666669999999	0.0	0	0.189444444	1.5	0.79	0.0	0.258065
64755	13931	0	6	1	3	6	1	1.0	3	2014	8	2	6	21.63333333	43	0	1	0	1056	0.2641666669999999	0.083888889	0.074722222	0.0	0.056944444	0.0	0	0.075277778	1.5	0.2	0.0	0.173432
64763	13932	2	1	1	3	1	3	0.0	3	2014	8	2	6	17.25	14	1	0	1	1398	0.376111111	0.123888889	0.105833333	0.0	0.081666667	0.0	0	0.083888889	0.0	0.24	0.0	0.433775
64767	13933	0	1	3	5	6	5	0.0	3	2014	8	2	6	13.5	47	1	0	0	715	0.232777778	0.070833333	0.010277778	0.0	0.127777778	0.0	0	0.071666667	0.0	0.16	0.0	0.158915
64790	13937	0	2	1	3	6	1	1.0	3	2014	8	2	6	12.0	21	1	0	0	1867	0.606388889	0.295	0.3963888889999999	0.0	0.177777778	0.083333333	1	0.314444444	3.0	0.92	0.0	0.120141
64797	13939	0	3	4	3	1	1	1.0	3	2014	8	2	6	17.83333333	36	1	1	1	3543	0.917222222	0.303611111	0.180555556	0.1	0.0	0.066666667	1	0.2525	2.1	0.7	0.0	0.320132
64802	13941	0	0	2	3	2	1	1.0	3	2014	8	2	6	14.0	41	1	1	1	1443	0.374166667	0.124722222	0.112222222	0.0	0.110277778	0.0	0	0.125277778	1.5	0.25	0.0	0.312639
64832	13948	1	1	4	3	1	1	1.0	3	2014	8	3	7	12.0	42	0	1	2	4334	1.098888889	0.378055556	0.319166667	0.0	0.285833333	0.0	0	0.169166667	1.5	0.75	0.0	0.178982
64903	13969	1	1	3	1	1	1	1.0	3	2014	8	5	2	18.0	35	0	1	1	23547	5.4122222220000005	1.654166667	0.274444444	0.783333333	0.0	0.15	1	1.216666667	8.6	4.22	10.5	0.492237
64921	13971	3	3	4	3	1	5	0.0	3	2014	8	5	2	18.91666667	5	0	0	2	1653	0.429722222	0.1425	0.343055556	0.0	0.040555556	0.0	0	0.0922222219999999	0.0	0.3	0.0	0.14759
64931	13975	0	1	4	3	1	1	1.0	3	2014	8	5	2	14.0	38	1	1	2	8176	2.068333333	0.603055556	0.169166667	0.15	0.466666667	0.133333333	1	0.3263888889999999	3.0	1.41	0.0	0.268936
64949	13980	2	0	3	3	1	1	1.0	3	2014	8	6	3	13.0	21	1	0	1	4311	0.9875	0.298055556	0.1011111109999999	0.066666667	0.066666667	0.083333333	1	0.256944444	3.0	0.72	0.0	0.335135
64985	13989	0	0	4	3	1	1	1.0	3	2014	8	6	3	15.0	53	1	1	2	4643	1.124722222	0.353611111	0.411111111	0.1166666669999999	0.0	0.0	0	0.1675	1.5	0.68	0.0	0.175788
65003	13995	0	0	3	1	2	1	1.0	3	2014	8	6	3	7.666666667	37	1	1	2	9323	2.284722222	0.7777777779999999	0.0825	0.283333333	0.308611111	0.1	1	0.7272222220000001	5.0	1.48	10.5	0.682964
65015	13998	1	1	4	5	1	1	1.0	3	2014	8	6	3	10.5	38	1	1	2	1618	0.3983333329999999	0.1475	0.175833333	0.0	0.233333333	0.0	0	0.156944444	1.5	0.39	0.0	0.2973449999999999
65016	13998	2	0	3	1	2	2	0.0	3	2014	8	6	3	11.0	16	0	0	2	8438	2.171944444	0.707777778	0.1041666669999999	0.25	0.0	0.0	0	0.363333333	0.75	1.46	0.0	0.307339
65021	13998	3	1	4	5	2	5	0.0	3	2014	8	6	3	10.5	6	0	0	2	1618	0.3983333329999999	0.1475	0.175833333	0.0	0.233333333	0.0	0	0.156944444	0.0	0.32	0.0	0.2973449999999999
65052	14003	3	3	4	3	2	5	0.0	3	2014	8	7	4	22.5	9	0	0	2	3934	1.083611111	0.3419444439999999	0.304166667	0.0	0.227777778	0.0	0	0.210833333	0.0	0.66	0.0	0.0764163
65062	14006	2	0	1	3	1	3	0.0	3	2014	8	8	5	10.0	14	0	0	1	1435	0.3925	0.123055556	0.181111111	0.1166666669999999	0.0	0.0	0	0.135555556	0.0	0.42	0.0	0.2520489999999999
65085	14013	0	1	4	3	6	5	0.0	3	2014	8	8	5	17.0	70	0	1	0	17367	4.2	1.3666666669999998	0.048611111	0.6	0.22	0.3833333329999999	3	0.979166667	0.0	3.07	0.0	0.670638
65106	14017	0	2	3	3	1	4	1.0	3	2014	8	8	5	18.5	36	1	1	2	1784	0.470277778	0.149722222	0.117777778	0.0	0.17	0.0	0	0.160555556	1.5	0.38	0.0	0.282007
65117	14019	0	2	1	5	6	5	0.0	3	2014	8	8	5	14.33333333	77	1	0	0	615	0.164722222	0.0875	0.0922222219999999	0.0	0.018611111	0.0	0	0.037222222	0.0	0.09	0.0	0.253731
65122	14020	0	1	3	1	6	1	1.0	3	2014	8	8	5	18.0	31	0	0	0	9642	2.432777778	0.68	0.263333333	0.366666667	0.0	0.083333333	1	0.674444444	2.9	1.85	0.0	0.557249
65148	14026	1	0	3	3	6	1	1.0	3	2014	8	9	6	20.0	27	1	0	0	7168	1.611111111	0.571111111	0.044722222	0.0	0.541666667	0.0	0	0.349166667	1.5	1.09	0.0	0.649165
65151	14027	0	2	4	3	2	1	1.0	3	2014	8	9	6	18.41666667	53	1	1	1	8315	1.996111111	0.754722222	0.091666667	0.0	1.1	0.166666667	1	0.4875	3.0	1.24	0.0	0.393162
65194	14035	0	0	3	3	2	1	1.0	3	2014	8	9	6	10.0	42	0	1	1	3962	0.959444444	0.3569444439999999	0.168611111	0.166666667	0.0	0.0	0	0.263611111	2.29	0.61	10.5	0.344573
65238	14047	0	0	1	1	1	1	1.0	3	2014	8	11	1	8.5	47	1	0	1	1435	0.359444444	0.099444444	0.160833333	0.0	0.1266666669999999	0.0	0	0.09	1.5	0.25	0.0	0.327161
65244	14048	0	4	1	4	6	1	1.0	3	2014	8	11	1	16.41666667	50	0	1	0	730	0.168333333	0.0461111109999999	0.061666667	0.0	0.033888889	0.0	0	0.032222222	1.5	0.1	0.0	0.0775862
65246	14048	1	1	3	1	6	1	1.0	3	2014	8	11	1	15.0	48	1	0	0	19681	4.539444444	1.3475	0.101388889	0.45	0.470277778	0.133333333	1	0.923055556	4.3	3.0	10.5	0.543184
65248	14050	0	0	3	1	6	1	1.0	3	2014	8	11	1	5.5	27	0	0	0	5689	1.373055556	0.413888889	0.1719444439999999	0.1	0.220833333	0.083333333	1	0.2713888889999999	3.0	0.85	0.0	0.0757421
65282	14059	0	4	4	1	1	1	1.0	3	2014	8	11	1	16.5	43	0	1	1	14192	3.296111111	1.026666667	0.230555556	0.466666667	0.316666667	0.166666667	2	0.824722222	5.4	2.65	10.5	0.587066
65289	14059	3	0	4	3	1	5	0.0	3	2014	8	11	1	20.5	8	0	0	1	5253	1.311388889	0.378611111	0.38	0.0	0.330833333	0.0	0	0.308611111	0.0	0.91	0.0	0.29793
65309	14065	4	0	3	3	1	3	0.0	3	2014	8	12	2	15.0	11	0	0	1	8263	2.191111111	0.616111111	0.248611111	0.25	0.066666667	0.083333333	1	0.368888889	1.14	1.34	0.0	0.264307
65431	14094	1	0	3	3	6	5	0.0	3	2014	8	13	3	10.5	78	1	0	0	3727	0.863611111	0.245833333	0.081666667	0.0	0.341666667	0.0	0	0.226666667	0.0	0.56	10.5	0.639706
65432	14094	1	1	3	5	6	5	0.0	3	2014	8	13	3	13.5	78	1	0	0	2558	0.5675	0.197777778	0.094444444	0.0	0.173333333	0.0	0	0.166111111	0.0	0.4	10.5	0.459866
65441	14097	0	1	3	1	6	1	1.0	3	2014	8	14	4	17.5	25	0	0	0	16979	4.016388889	1.293333333	0.108888889	0.6	0.0	0.1	1	1.038333333	4.7	2.86	10.5	0.651953
65453	14101	2	1	4	3	2	3	0.0	3	2014	8	14	4	21.0	11	0	0	1	882	0.246666667	0.071666667	0.134722222	0.0	0.033888889	0.0	0	0.059722222	0.0	0.15	0.0	0.0186047
65458	14102	0	1	3	5	1	1	1.0	3	2014	8	14	4	7.166666667	54	0	1	1	10285	2.5325	0.8325	0.211111111	0.333333333	0.183333333	0.166666667	1	0.825277778	4.8	2.08	10.5	0.783238
65513	14115	5	1	3	3	6	5	0.0	3	2014	8	15	5	11.75	6	1	0	0	2289	0.711944444	0.2641666669999999	0.076944444	0.0	0.1913888889999999	0.0	0	0.1186111109999999	0.0	0.4	0.0	0.0491803
65521	14117	1	1	4	4	5	1	1.0	3	2014	8	15	5	11.83333333	41	0	1	2	10960	2.688333333	0.9275	0.264722222	0.35	0.116388889	0.2666666669999999	2	0.6033333329999999	4.3	2.56	0.0	0.469613
65556	14125	1	3	3	1	1	1	1.0	3	2014	8	15	5	19.0	29	1	1	1	2739	0.688888889	0.2875	0.1744444439999999	0.0	0.281111111	0.0	0	0.283611111	1.5	0.64	0.0	0.7962779999999999
65562	14128	0	0	3	1	2	1	1.0	3	2014	8	15	5	6.25	39	0	1	1	9855	2.3375	0.7788888890000001	0.1566666669999999	0.366666667	0.193055556	0.166666667	1	0.538611111	4.3	1.36	0.0	0.51212
65579	14134	0	1	4	3	2	1	1.0	3	2014	8	16	6	23.5	52	1	1	1	24373	5.777222222000001	1.814166667	0.0991666669999999	0.7333333329999999	0.15	0.3	2	0.8036111109999999	4.6	3.63	0.0	0.34186
65588	14136	0	3	1	3	2	5	0.0	3	2014	8	16	6	16.08333333	68	0	1	2	1432	0.3938888889999999	0.111388889	0.201666667	0.0	0.056111111	0.0	0	0.074722222	0.0	0.22	0.0	0.115242
65591	14136	1	3	1	3	2	5	0.0	3	2014	8	16	6	16.08333333	68	1	1	2	1432	0.3938888889999999	0.111388889	0.201666667	0.0	0.056111111	0.0	0	0.074722222	0.0	0.22	0.0	0.115242
65664	14148	0	2	1	3	1	5	0.0	3	2014	8	17	7	11.0	69	1	1	2	295	0.080555556	0.0302777779999999	0.045277778	0.0	0.012777778	0.0	0	0.020833333	0.0	0.06	0.0	0.08
65667	14149	1	0	3	2	6	4	0.5	3	2014	8	18	1	7.0	41	1	1	2	3931	1.033888889	0.438055556	0.254444444	0.0	0.216111111	0.0	0	0.1875	0.75	0.62	0.0	0.16
65670	14149	2	1	4	3	1	5	0.0	3	2014	8	18	1	13.16666667	9	0	0	2	1470	0.350277778	0.101944444	0.1722222219999999	0.0	0.045833333	0.0	0	0.080555556	0.0	0.24	0.0	0.141379
65690	14154	1	3	4	3	1	1	1.0	3	2014	8	18	1	11.75	51	0	1	2	5266	1.365833333	0.391944444	0.098055556	0.05	0.281666667	0.315	1	0.1975	3.6	0.85	0.0	0.0759493999999999
65694	14156	1	3	4	3	1	1	1.0	3	2014	8	18	1	16.58333333	34	1	1	1	5203	1.261388889	0.413611111	0.165277778	0.0	0.349722222	0.0	0	0.274444444	1.5	0.87	0.0	0.466599
65713	14163	0	1	1	5	6	1	1.0	3	2014	8	18	1	11.5	38	1	1	0	959	0.268055556	0.094166667	0.096388889	0.0	0.083333333	0.0	0	0.078611111	1.5	0.18	10.5	0.55477
65716	14164	0	1	4	3	1	5	0.0	3	2014	8	19	2	17.0	65	1	1	1	1232	0.3569444439999999	0.108888889	0.175	0.0	0.056388889	0.0	0	0.071944444	0.0	0.23	0.0	0.0424709999999999
65738	14169	0	7	4	3	2	1	1.0	3	2014	8	19	2	16.41666667	36	0	1	1	6820	1.724166667	0.493888889	0.200277778	0.233333333	0.1	0.166666667	2	0.299722222	4.0	1.01	0.0	0.240037
65740	14169	1	8	4	3	2	1	1.0	3	2014	8	19	2	16.41666667	36	1	1	1	6820	1.724166667	0.493888889	0.200277778	0.233333333	0.1	0.166666667	2	0.299722222	4.0	1.01	0.0	0.240037
65741	14170	1	0	3	3	6	1	1.0	3	2014	8	19	2	14.25	52	0	0	0	5169	1.3125	0.372222222	0.2675	0.0	0.3375	0.0	0	0.230277778	1.5	0.81	0.0	0.0952955
65782	14175	2	4	4	3	5	1	1.0	3	2014	8	19	2	18.5	22	1	1	2	2611	0.654444444	0.205277778	0.165833333	0.0	0.1166666669999999	0.0	0	0.151111111	1.5	0.64	0.0	0.461397
65801	14180	1	0	4	3	1	1	1.0	3	2014	8	19	2	14.0	23	1	1	1	11280	2.568055556	0.715555556	0.086944444	0.283333333	0.1	0.258333333	2	0.396666667	4.5	1.75	0.0	0.317227
65806	14181	0	5	3	3	1	1	1.0	3	2014	8	19	2	17.08333333	26	1	1	1	6749	1.9225	0.5575	0.080833333	0.0	0.693888889	0.106111111	1	0.414722222	3.0	1.32	0.0	0.536504
65821	14184	0	3	3	3	2	1	1.0	3	2014	8	19	2	23.75	27	0	1	1	10451	2.455833333	0.7975	0.224166667	0.333333333	0.0	0.133333333	1	0.601944444	2.8	1.51	10.5	0.513152
65848	14190	4	1	4	3	1	5	0.0	3	2014	8	20	3	19.0	10	0	0	2	4026	1.046111111	0.296944444	0.15	0.0	0.346666667	0.0	0	0.191944444	0.0	0.66	0.0	0.0665702
65853	14191	1	3	4	3	2	5	0.0	3	2014	8	20	3	14.5	66	1	1	1	5956	1.463055556	0.4425	0.121388889	0.0	0.3833333329999999	0.0	0	0.288888889	0.0	0.85	0.0	0.176923
65859	14194	0	1	3	1	1	5	0.0	3	2014	8	20	3	18.25	36	0	1	1	7218	1.722222222	0.557222222	0.232777778	0.333333333	0.0	0.1166666669999999	1	0.5741666670000001	0.0	1.41	0.0	0.4591189999999999
65860	14194	1	0	3	1	1	5	0.0	3	2014	8	20	3	8.0	40	1	1	1	12474	3.004722222	0.994166667	0.346388889	0.366666667	0.0	0.066666667	1	1.037222222	0.0	2.57	10.5	0.799679
65880	14199	1	1	3	1	6	1	1.0	3	2014	8	20	3	17.75	31	0	1	0	7314	1.7641666669999998	0.6777777779999999	0.16	0.333333333	0.0875	0.1166666669999999	1	0.557777778	4.4	1.26	10.5	0.744024
65909	14205	0	0	3	3	1	5	0.0	3	2014	8	21	4	12.5	66	0	1	1	9317	2.164166667	0.7516666670000001	0.121111111	0.433333333	0.0	0.0	0	0.69	0.0	1.87	0.0	0.6183569999999999
65929	14213	0	1	3	3	1	5	0.0	3	2014	8	21	4	14.58333333	76	0	1	1	2280	0.793333333	0.2044444439999999	0.075277778	0.0	0.158888889	0.0	0	0.138055556	0.0	0.5	0.0	0.0885312
66012	14233	1	0	4	4	1	5	0.0	3	2014	8	21	4	10.0	70	0	1	2	4941	1.061388889	0.291111111	0.093611111	0.033333333	0.25	0.1166666669999999	1	0.283333333	0.0	0.78	0.0	0.536274
66018	14235	0	2	4	3	2	1	1.0	3	2014	8	22	5	12.0	37	1	1	2	1774	0.486944444	0.202777778	0.214166667	0.0	0.132222222	0.0	0	0.161944444	1.5	0.41	0.0	0.241852
66021	14235	1	3	1	5	2	1	1.0	3	2014	8	22	5	12.35	37	0	1	2	524	0.148888889	0.039722222	0.109722222	0.0	0.022222222	0.0	0	0.052222222	1.5	0.09	0.0	0.526596
66030	14237	1	0	1	3	1	1	1.0	3	2014	8	22	5	6.5	69	0	1	1	969	0.408055556	0.103333333	0.2344444439999999	0.0	0.085833333	0.0	0	0.108333333	1.5	0.35	0.0	0.0384615
66034	14238	0	1	4	3	1	1	1.0	3	2014	8	22	5	19.83333333	32	1	1	1	973	0.291111111	0.093611111	0.169166667	0.0	0.04	0.0	0	0.073888889	1.5	0.22	0.0	0.056391
66038	14238	2	1	4	3	1	5	0.0	3	2014	8	22	5	19.83333333	6	0	0	1	973	0.291111111	0.093611111	0.169166667	0.0	0.04	0.0	0	0.073888889	0.0	0.22	0.0	0.056391
66050	14240	1	1	1	5	1	1	1.0	3	2014	8	22	5	13.0	49	1	1	1	1796	0.466666667	0.210833333	0.2319444439999999	0.05	0.0	0.0	0	0.1925	2.4	0.42	10.5	0.753247
66057	14241	2	0	4	3	1	3	0.0	3	2014	8	22	5	12.5	12	0	0	1	3453	0.828611111	0.287777778	0.2872222219999999	0.0	0.208333333	0.0	0	0.272777778	0.0	0.72	0.0	0.329939
66077	14244	2	2	4	3	1	5	0.0	3	2014	8	22	5	12.5	10	1	0	1	2574	0.7575	0.249444444	0.2638888889999999	0.0	0.261944444	0.0	0	0.230833333	0.0	0.61	0.0	0.465704
66099	14249	0	3	3	3	6	5	0.0	3	2014	8	22	5	13.5	61	1	0	0	4631	1.1575	0.335555556	0.1625	0.2	0.0	0.0	0	0.315555556	0.0	0.86	0.0	0.415493
66101	14250	0	1	4	1	1	1	1.0	3	2014	8	22	5	18.0	58	1	1	2	2367	0.599444444	0.180833333	0.090833333	0.0	0.311666667	0.0	0	0.198055556	1.5	0.55	0.0	0.28331
66135	14255	1	0	4	1	6	1	1.0	3	2014	8	22	5	8.5	52	1	1	2	6081	1.726944444	0.485555556	0.1425	0.0	0.632222222	0.1216666669999999	1	0.343888889	3.0	1.09	0.0	0.338449
66136	14255	1	1	4	5	6	1	1.0	3	2014	8	22	5	17.5	52	1	1	2	5011	1.189166667	0.3263888889999999	0.1066666669999999	0.0	0.475555556	0.1166666669999999	1	0.304166667	3.0	0.81	0.0	0.390868
66159	14261	0	1	4	3	1	5	0.0	3	2014	8	22	5	15.33333333	77	0	1	2	2814	0.666388889	0.2375	0.28	0.0	0.312777778	0.1166666669999999	1	0.250555556	0.0	0.69	0.0	0.343681
66163	14262	1	1	4	5	1	1	1.0	3	2014	8	23	6	8.75	54	0	1	2	4861	1.188888889	0.3725	0.070277778	0.0	0.483333333	0.15	1	0.211111111	3.0	0.77	0.0	0.107895
66183	14263	0	2	4	3	1	5	0.0	3	2014	8	23	6	17.25	70	0	1	1	3270	0.853611111	0.295	0.235555556	0.033333333	0.150277778	0.1166666669999999	1	0.184722222	0.0	0.59	0.0	0.118797
66184	14263	0	3	4	5	1	5	0.0	3	2014	8	23	6	17.43333333	70	0	1	1	10857	2.4708333330000003	0.7936111109999999	0.124166667	0.45	0.176111111	0.2	2	0.629722222	0.0	1.81	10.5	0.544773
66189	14263	1	3	4	5	1	5	0.0	3	2014	8	23	6	17.43333333	68	1	1	1	10857	2.4708333330000003	0.7936111109999999	0.124166667	0.45	0.176111111	0.2	2	0.629722222	0.0	1.81	10.5	0.544773
66195	14264	0	4	3	3	6	1	1.0	3	2014	8	23	6	14.5	55	1	0	0	1283	0.340555556	0.095833333	0.153888889	0.0	0.081388889	0.0	0	0.086388889	1.5	0.24	0.0	0.18328
66223	14271	1	1	4	5	1	1	1.0	3	2014	8	23	6	16.0	30	1	1	1	7160	1.773611111	0.576666667	0.288611111	0.0	0.643888889	0.0	0	0.5066666670000001	1.5	1.33	0.0	0.296053
66241	14275	1	0	2	3	6	1	1.0	3	2014	8	23	6	10.0	42	1	1	0	743	0.232777778	0.077222222	0.1719444439999999	0.0	0.039444444	0.0	0	0.093888889	1.5	0.2	0.0	0.195266
66246	14277	0	1	1	3	6	1	1.0	3	2014	8	23	6	15.66666667	29	0	1	0	1659	0.387222222	0.148055556	0.2044444439999999	0.0	0.1	0.0	0	0.14	1.5	0.28	10.5	0.5515869999999999
66291	14287	0	2	3	3	6	1	1.0	3	2014	8	24	7	10.0	27	1	0	0	10528	2.522222222	0.879166667	0.321388889	0.316666667	0.06	0.153333333	2	0.610833333	4.3	1.75	0.0	0.52342
66335	14298	3	0	3	3	1	1	1.0	3	2014	8	25	1	11.5	19	0	0	1	1342	0.3238888889999999	0.095277778	0.044722222	0.0	0.1375	0.0	0	0.148888889	1.5	0.36	0.0	0.289179
66342	14300	0	2	4	3	1	5	0.0	3	2014	8	25	1	20.5	66	0	1	1	4913	1.23	0.414722222	0.046388889	0.0	0.359166667	0.190555556	1	0.2491666669999999	0.0	0.8	0.0	0.187291
66354	14304	0	2	4	3	1	5	0.0	3	2014	8	26	2	8.666666667000001	71	0	1	2	1259	0.336666667	0.126111111	0.216944444	0.0	0.063888889	0.0	0	0.0975	0.0	0.27	0.0	0.116809
66360	14304	0	8	4	3	1	5	0.0	3	2014	8	26	2	19.0	71	0	1	2	4044	1.182222222	0.366111111	0.203333333	0.083333333	0.15	0.1	1	0.240833333	0.0	0.81	0.0	0.230681
66395	14314	0	1	3	5	6	1	0.0	3	2014	8	26	2	10.66666667	18	1	0	0	435	0.105277778	0.071666667	0.013611111	0.0	0.045555556	0.0	0	0.056388889	0.0	0.13	0.0	0.635468
66408	14318	0	1	2	1	2	1	1.0	3	2014	8	26	2	20.5	31	0	1	1	12257	2.649444444	0.7716666670000001	0.186944444	0.416666667	0.0	0.0	0	0.656388889	2.8	1.55	0.0	0.564113
66431	14323	1	0	3	3	1	5	0.0	3	2014	8	27	3	15.0	69	1	0	1	10309	2.309444444	0.694444444	0.207777778	0.4	0.0	0.0	0	0.586666667	0.0	1.68	0.0	0.456439
66451	14328	1	4	4	4	1	1	1.0	3	2014	8	27	3	13.5	51	1	1	1	3995	0.998333333	0.274166667	0.314722222	0.1	0.0725	0.1166666669999999	1	0.178611111	3.0	0.64	0.0	0.0995334
66481	14334	1	1	1	1	1	5	0.0	3	2014	8	29	5	14.5	56	0	1	1	1529	0.4925	0.159722222	0.338055556	0.0	0.0777777779999999	0.0	0	0.162777778	0.0	0.42	0.0	0.372014
66487	14337	0	1	4	5	1	4	0.0	3	2014	8	29	5	16.0	80	1	1	2	11741	3.023333333	0.9	0.344166667	0.433333333	0.1425	0.206388889	2	0.886388889	1.95	2.53	0.0	0.441241
66516	14341	3	3	1	3	1	5	0.0	3	2014	8	29	5	15.0	7	1	0	2	1445	0.436666667	0.1555555559999999	0.175277778	0.0	0.111666667	0.0	0	0.136666667	0.0	0.35	0.0	0.213415
66524	14343	0	4	3	3	1	1	1.0	3	2014	8	29	5	18.16666667	53	0	1	2	952	0.263333333	0.138888889	0.083611111	0.0	0.13	0.0	0	0.097777778	1.5	0.26	0.0	0.227273
66533	14347	0	2	3	3	6	1	1.0	3	2014	8	30	6	14.68333333	55	1	0	0	2237	0.525833333	0.190277778	0.2663888889999999	0.0	0.166666667	0.0	0	0.1825	1.5	0.41	0.0	0.313546
66538	14349	1	0	3	3	1	1	1.0	3	2014	8	30	6	14.0	35	0	1	1	3699	1.018611111	0.363055556	0.07	0.166666667	0.152222222	0.083888889	1	0.3375	3.9	0.89	0.0	0.5703699999999999
66568	14356	0	0	4	3	1	1	1.0	3	2014	8	30	6	17.0	40	1	1	2	764	0.186944444	0.0580555559999999	0.077222222	0.0	0.053333333	0.0	0	0.055833333	1.5	0.14	0.0	0.502488
66603	14363	1	0	2	3	6	5	0.0	3	2014	8	31	7	11.0	5	1	0	0	1349	0.353611111	0.123055556	0.194166667	0.0	0.063611111	0.0	0	0.099444444	0.0	0.26	0.0	0.265363
66653	14374	0	1	1	3	5	1	1.0	3	2014	8	31	7	11.75	59	1	1	2	807	0.206666667	0.063888889	0.069166667	0.0	0.0313888889999999	0.0	0	0.0436111109999999	1.5	0.18	0.0	0.0318471
66656	14375	1	0	3	1	1	4	1.0	3	2014	9	1	1	8.333333332999999	42	0	1	1	19497	4.516666667	1.339444444	0.224722222	0.6333333329999999	0.0	0.1166666669999999	1	1.311944444	5.0	3.49	10.5	0.708871
66666	14377	0	0	3	1	6	1	1.0	3	2014	9	1	1	8.0	27	1	1	0	6819	1.6716666669999998	0.616388889	0.286111111	0.233333333	0.0	0.0	0	0.588611111	2.9	1.42	10.5	0.72723
66681	14381	1	3	3	1	1	1	1.0	3	2014	9	1	1	18.0	47	0	1	2	13742	3.331388889	0.971944444	0.1825	0.466666667	0.0	0.0	0	0.824722222	2.8	2.38	0.0	0.6204109999999999
66695	14385	1	1	3	3	1	5	0.0	3	2014	9	1	1	16.33333333	69	1	0	1	3310	0.906666667	0.267222222	0.151388889	0.0	0.32	0.0	0	0.1844444439999999	0.0	0.59	0.0	0.158133
66759	14400	1	0	2	1	1	1	1.0	3	2014	9	1	1	18.0	48	0	1	1	4845	1.1875	0.409166667	0.105	0.133333333	0.141666667	0.091666667	1	0.3625	3.9	0.95	10.5	0.736398
66770	14403	3	0	4	3	2	5	0.0	3	2014	9	2	2	15.0	9	1	0	2	2910	0.7416666670000001	0.255	0.126944444	0.0	0.229166667	0.0	0	0.252777778	0.0	0.71	0.0	0.183516
66811	14412	1	1	1	5	1	5	0.0	3	2014	9	2	2	15.28333333	65	1	0	1	780	0.168611111	0.05	0.016944444	0.0	0.05	0.0	0	0.058333333	0.0	0.14	0.0	0.161905
66818	14413	2	1	3	4	6	1	1.0	3	2014	9	2	2	16.5	22	0	0	0	7547	1.813888889	0.5972222220000001	0.265833333	0.283333333	0.0	0.183333333	2	0.533055556	5.09	1.32	10.5	0.631579
66824	14415	0	1	4	3	1	5	0.0	3	2014	9	3	3	17.0	78	0	1	2	3093	0.856666667	0.2144444439999999	0.1375	0.0	0.277777778	0.133333333	1	0.218055556	0.0	0.62	0.0	0.216561
66832	14418	1	0	1	4	6	1	1.0	3	2014	9	3	3	9.25	52	1	1	0	1205	0.301388889	0.105555556	0.176666667	0.0	0.07	0.0	0	0.108888889	1.5	0.25	0.0	0.270408
66849	14422	0	0	3	1	2	1	1.0	3	2014	9	3	3	8.0	26	0	1	1	4707	1.166944444	0.405277778	0.295555556	0.15	0.0	0.0	0	0.3877777779999999	2.9	0.77	10.5	0.85745
66853	14423	0	3	4	5	5	1	1.0	3	2014	9	3	3	14.75	51	1	1	2	4777	1.240555556	0.360555556	0.258611111	0.066666667	0.0	0.0	0	0.220833333	1.8	1.12	0.0	0.0830188999999999
66855	14425	1	0	3	1	1	1	1.0	3	2014	9	3	3	8.5	31	0	1	2	11794	2.6975	0.914722222	0.163055556	0.483333333	0.130277778	0.1	1	0.893055556	4.8	2.12	10.5	0.758942
66868	14429	0	1	1	3	6	5	0.0	3	2014	9	4	4	16.33333333	87	0	0	0	733	0.4094444439999999	0.120833333	0.2216666669999999	0.0	0.1005555559999999	0.0	0	0.146944444	0.0	0.31	0.0	0.279773
66874	14430	2	1	4	3	1	1	1.0	3	2014	9	4	4	17.75	21	0	0	1	1653	0.471388889	0.186944444	0.321944444	0.0	0.1036111109999999	0.0	0	0.1216666669999999	1.5	0.35	0.0	0.0593606999999999
66884	14433	0	3	1	2	1	1	1.0	3	2014	9	4	4	12.83333333	32	1	1	1	794	0.188055556	0.0536111109999999	0.036388889	0.0	0.05	0.0	0	0.0511111109999999	1.5	0.14	0.0	0.0543478
66907	14438	2	2	3	3	1	3	0.0	3	2014	9	5	5	19.5	14	0	0	1	3708	0.8744444440000001	0.2375	0.059444444	0.0	0.261111111	0.120277778	1	0.217222222	0.0	0.63	0.0	0.273657
66914	14441	0	0	2	1	6	1	1.0	3	2014	9	5	5	7.5	31	0	1	0	11033	2.567777778	0.845	0.3316666669999999	0.533333333	0.0	0.166666667	1	0.754166667	3.3	1.88	10.5	0.675875
66921	14443	1	2	4	4	1	1	1.0	3	2014	9	5	5	12.5	54	0	1	2	4320	1.021944444	0.34	0.130555556	0.0	0.346111111	0.096944444	1	0.242222222	3.0	0.82	0.0	0.225917
66949	14455	3	1	2	3	2	4	1.0	3	2014	9	5	5	13.0	18	0	0	1	7867	1.881388889	0.833611111	0.168055556	0.0	0.7333333329999999	0.2666666669999999	2	0.463611111	4.5	1.43	0.0	0.273217
66957	14457	1	1	3	5	2	1	1.0	3	2014	9	5	5	8.166666667000001	37	1	1	1	3803	0.916111111	0.3444444439999999	0.297777778	0.183333333	0.0	0.0	0	0.363888889	2.4	0.65	10.5	0.751908
66979	14464	0	4	3	3	6	1	1.0	3	2014	9	6	6	15.58333333	27	1	1	0	2852	0.766388889	0.250833333	0.146388889	0.0	0.221111111	0.0	0	0.188333333	1.5	0.53	0.0	0.40118
67023	14470	0	5	1	3	6	1	1.0	3	2014	9	6	6	17.0	26	1	1	0	3043	0.7080555559999999	0.296666667	0.12	0.2166666669999999	0.0	0.1166666669999999	1	0.279166667	2.4	0.57	10.5	0.6577109999999999
67037	14473	3	1	3	3	1	3	0.0	3	2014	9	6	6	13.0	12	0	0	1	2308	0.605555556	0.193611111	0.195833333	0.0	0.1891666669999999	0.0	0	0.1769444439999999	0.0	0.48	0.0	0.279435
67040	14475	0	1	4	3	6	5	0.0	3	2014	9	6	6	20.75	63	1	0	0	2730	0.668888889	0.188055556	0.159444444	0.0	0.145277778	0.0	0	0.190277778	0.0	0.61	0.0	0.205839
67074	14483	3	3	3	5	6	3	0.0	3	2014	9	6	6	11.75	15	0	0	0	6667	1.669722222	0.600833333	0.248055556	0.0	0.537222222	0.0	0	0.44	0.0	1.15	0.0	0.332071
67086	14487	2	1	1	5	6	5	0.0	3	2014	9	6	6	18.0	5	1	0	0	791	0.2238888889999999	0.080833333	0.062222222	0.0	0.095277778	0.0	0	0.061944444	0.0	0.15	0.0	0.32287
67099	14491	0	0	2	3	6	1	1.0	3	2014	9	7	7	10.0	30	0	0	0	1810	0.452222222	0.133888889	0.181666667	0.0	0.099444444	0.0	0	0.105555556	1.5	0.3	0.0	0.113158
67124	14498	1	0	4	1	2	1	1.0	3	2014	9	7	7	9.5	34	0	1	1	1394	0.379166667	0.126111111	0.311111111	0.0	0.012222222	0.0	0	0.101944444	1.5	0.32	0.0	0.0817439
67139	14502	1	0	4	3	1	1	1.0	3	2014	9	7	7	10.0	43	1	1	2	1543	0.381666667	0.114722222	0.208888889	0.0	0.081111111	0.0	0	0.109166667	1.5	0.34	0.0	0.0737913
67162	14509	0	3	2	3	1	5	0.0	3	2014	9	8	1	13.83333333	67	0	1	2	1327	0.320555556	0.088333333	0.123888889	0.0	0.066666667	0.0	0	0.073333333	0.0	0.23	0.0	0.143939
67168	14511	0	1	3	1	6	1	1.0	3	2014	9	8	1	19.25	26	0	1	0	6074	1.636388889	0.551111111	0.165555556	0.0	0.846666667	0.0	0	0.358888889	1.5	1.02	0.0	0.44969
67180	14513	3	0	3	2	2	3	0.0	3	2014	9	8	1	7.666666667	14	1	0	2	2018	0.59	0.225555556	0.224722222	0.0	0.1075	0.0	0	0.141388889	0.0	0.37	0.0	0.139489
67185	14513	4	2	3	3	2	3	0.0	3	2014	9	8	1	15.83333333	11	1	0	2	1355	0.329722222	0.096666667	0.03	0.0	0.091666667	0.0	0	0.083333333	0.0	0.22	0.0	0.19
67187	14513	5	1	4	2	2	5	0.0	3	2014	9	8	1	16.83333333	9	1	0	2	625	0.270833333	0.1172222219999999	0.225555556	0.0	0.009444444	0.0	0	0.059722222	0.0	0.15	0.0	0.0744186
67191	14514	1	2	3	3	6	1	1.0	3	2014	9	8	1	15.5	20	0	0	0	6312	1.435555556	0.540555556	0.2275	0.183333333	0.0	0.133333333	1	0.563333333	2.4	1.19	10.5	0.6050300000000001
67233	14528	0	1	1	5	1	1	1.0	3	2014	9	9	2	7.833333333	57	0	1	1	1526	0.378055556	0.1291666669999999	0.058888889	0.0	0.199444444	0.0	0	0.079722222	1.5	0.25	0.0	0.198606
67237	14528	1	1	4	1	1	1	1.0	3	2014	9	9	2	19.5	52	1	1	1	6935	1.7647222219999998	0.595555556	0.0847222219999999	0.0	0.748055556	0.1186111109999999	1	0.405	3.0	1.39	0.0	0.364883
67267	14536	2	2	4	3	1	2	0.0	3	2014	9	9	2	10.0	17	0	0	1	3624	0.875	0.226111111	0.191944444	0.0	0.224444444	0.0	0	0.213611111	0.0	0.68	0.0	0.2327699999999999
67286	14541	0	0	3	1	6	1	1.0	3	2014	9	10	3	12.0	27	1	0	0	6897	1.571944444	0.4608333329999999	0.096388889	0.0	0.7	0.0	0	0.550277778	1.5	1.19	10.5	0.5931350000000001
67300	14544	1	1	3	1	2	1	1.0	3	2014	9	10	3	18.0	38	0	1	1	11453	2.855555556	0.949444444	0.0625	0.45	0.1047222219999999	0.197222222	2	0.732777778	5.4	1.74	10.5	0.582638
67310	14545	0	0	4	1	1	1	1.0	3	2014	9	10	3	7.5	53	0	1	2	2153	0.510833333	0.1769444439999999	0.178611111	0.0	0.181666667	0.0	0	0.153055556	1.5	0.42	0.0	0.076225
67313	14546	0	1	2	3	6	1	1.0	3	2014	9	10	3	19.0	43	0	0	0	7554	1.728888889	0.653888889	0.1725	0.2166666669999999	0.079722222	0.190833333	2	0.6730555559999999	3.9	1.41	0.0	0.73215
67314	14547	0	0	1	3	5	1	1.0	3	2014	9	10	3	10.0	52	0	1	1	851	0.253611111	0.090555556	0.0922222219999999	0.0	0.071944444	0.0	0	0.079444444	1.5	0.26	0.0	0.1678319999999999
67335	14553	1	1	3	3	1	5	0.0	3	2014	9	10	3	21.25	75	0	1	1	6110	1.440277778	0.509444444	0.179166667	0.2	0.0	0.1	1	0.368055556	0.0	1.12	0.0	0.606038
67338	14555	0	2	2	3	2	1	1.0	3	2014	9	10	3	8.833333332999999	45	1	1	1	544	0.131666667	0.048055556	0.0625	0.0	0.048888889	0.0	0	0.049444444	1.5	0.09	0.0	0.6460670000000001
67341	14555	1	3	4	1	2	1	1.0	3	2014	9	10	3	19.0	48	0	1	1	5515	1.2825	0.416666667	0.253611111	0.233333333	0.0	0.0	0	0.397222222	2.4	0.83	0.0	0.886014
67351	14559	1	1	3	1	6	1	1.0	3	2014	9	10	3	18.0	29	0	1	0	9620	2.364722222	0.7769444440000001	0.283055556	0.433333333	0.0	0.1	1	0.6311111110000001	4.6	1.69	0.0	0.639085
67355	14561	0	1	4	5	6	5	0.0	3	2014	9	10	3	8.666666667000001	79	0	0	0	2192	0.515833333	0.1925	0.078888889	0.0	0.195555556	0.0	0	0.151666667	0.0	0.4	0.0	0.119048
67365	14564	1	2	1	1	1	1	1.0	3	2014	9	11	4	12.5	48	1	1	2	526	0.118333333	0.040277778	0.041111111	0.0	0.021944444	0.0	0	0.0119444439999999	1.5	0.06	0.0	0.0930233
67374	14566	2	1	4	5	1	3	0.0	3	2014	9	11	4	8.166666667000001	13	1	0	2	2370	0.62	0.196666667	0.120833333	0.0	0.14	0.0	0	0.12	0.0	0.39	0.0	0.30787
67376	14566	3	0	4	3	1	5	0.0	3	2014	9	11	4	7.75	10	1	0	2	926	0.233611111	0.077222222	0.126111111	0.0	0.04	0.0	0	0.058888889	0.0	0.16	0.0	0.174528
67393	14571	0	2	1	5	6	1	1.0	3	2014	9	11	4	12.8	41	0	1	0	701	0.1938888889999999	0.066944444	0.0430555559999999	0.0	0.079722222	0.0	0	0.047777778	1.5	0.14	0.0	0.0813953999999999
67399	14572	0	0	3	2	6	1	1.0	3	2014	9	11	4	8.25	36	1	0	0	833	0.220555556	0.052222222	0.046944444	0.0	0.0575	0.0	0	0.054722222	1.5	0.14	0.0	0.0558375999999999
67425	14575	5	1	4	5	2	5	0.0	3	2014	9	11	4	15.5	8	1	0	1	1031	0.291666667	0.098055556	0.213888889	0.0	0.041111111	0.0	0	0.091944444	0.0	0.19	0.0	0.214502
67455	14582	0	1	4	1	2	1	1.0	3	2014	9	12	5	17.0	46	0	1	1	8790	2.074166667	0.6166666670000001	0.228611111	0.166666667	0.1166666669999999	0.183333333	1	0.463055556	3.2	1.28	0.0	0.4013199999999999
67462	14583	1	0	3	3	6	5	0.0	3	2014	9	12	5	10.5	69	1	1	0	4892	1.218055556	0.415277778	0.078611111	0.0	0.436111111	0.072222222	1	0.3075	0.0	0.9	0.0	0.410117
67469	14585	0	3	4	3	2	1	1.0	3	2014	9	12	5	17.05	38	1	1	2	671	0.223611111	0.068888889	0.1866666669999999	0.0	0.015833333	0.0	0	0.0633333329999999	1.5	0.14	0.0	0.254386
67482	14588	4	0	3	2	6	3	0.0	3	2014	9	12	5	7.5	12	0	0	0	1522	0.4794444439999999	0.123333333	0.371944444	0.0	0.051666667	0.0	0	0.118333333	0.0	0.31	0.0	0.110329
67507	14593	0	6	2	4	6	1	1.0	3	2014	9	12	5	16.91666667	38	0	1	2	1335	0.380555556	0.135555556	0.186944444	0.0	0.2	0.0	0	0.132777778	1.5	0.3	0.0	0.353556
67512	14593	2	2	3	3	2	5	0.0	3	2014	9	12	5	17.41666667	8	1	0	2	2630	0.705	0.199722222	0.3025	0.066666667	0.0	0.0	0	0.196944444	0.0	0.44	0.0	0.310296
67513	14593	3	1	3	5	2	5	0.0	3	2014	9	12	5	15.5	5	1	0	2	2284	0.634166667	0.2022222219999999	0.335555556	0.066666667	0.0	0.0	0	0.243611111	0.0	0.43	0.0	0.5553020000000001
67517	14594	0	2	1	3	2	1	1.0	3	2014	9	12	5	19.0	46	0	1	1	809	0.189722222	0.079166667	0.053333333	0.0	0.038055556	0.0	0	0.055	1.5	0.12	0.0	0.181818
67526	14594	2	3	2	3	2	2	0.0	3	2014	9	12	5	17.58333333	17	1	0	1	2302	0.518888889	0.1325	0.058333333	0.0	0.24	0.0	0	0.241111111	0.0	0.41	0.0	0.37788
67527	14594	3	0	4	1	2	1	1.0	3	2014	9	12	5	8.0	22	0	1	1	1683	0.480555556	0.152222222	0.0	0.0	0.245277778	0.133333333	1	0.149444444	3.0	0.33	0.0	0.438662
67538	14595	3	3	2	3	1	2	0.0	3	2014	9	12	5	19.83333333	17	1	0	1	1883	0.420277778	0.118333333	0.129444444	0.0	0.1222222219999999	0.0	0	0.138055556	0.0	0.35	0.0	0.331992
67572	14602	0	0	4	1	2	1	1.0	3	2014	9	12	5	4.916666667	47	0	1	1	2066	0.56	0.153333333	0.195277778	0.0	0.091944444	0.0	0	0.117777778	1.5	0.33	0.0	0.0518868
67585	14604	0	0	3	3	6	5	0.0	3	2014	9	12	5	10.0	69	1	0	0	1903	0.528333333	0.152777778	0.128333333	0.0	0.19	0.0	0	0.163333333	0.0	0.39	0.0	0.0918367
67593	14605	2	2	4	3	3	4	0.0	3	2014	9	13	6	11.0	19	0	0	1	841	0.235833333	0.066666667	0.096944444	0.0	0.033333333	0.0	0	0.050833333	0.0	0.16	0.0	0.0273224
67610	14608	1	2	1	5	6	1	1.0	3	2014	9	13	6	13.0	29	1	1	0	3033	0.7225	0.305833333	0.2025	0.0	0.322222222	0.0	0	0.3175	1.5	0.67	10.5	0.555556
67616	14609	0	3	4	3	6	1	1.0	3	2014	9	13	6	22.0	45	0	1	2	20305	4.782777778	1.51	0.226111111	0.6	0.346388889	0.24	2	0.878055556	4.3	2.97	0.0	0.495729
67656	14615	0	0	3	3	6	1	1.0	3	2014	9	13	6	10.0	52	1	0	0	7764	1.883888889	0.666666667	0.365555556	0.283333333	0.0	0.1	1	0.5477777779999999	2.4	1.35	10.5	0.4766729999999999
67685	14622	0	1	4	3	6	1	1.0	3	2014	9	13	6	18.5	56	0	1	0	8142	1.963611111	0.6088888889999999	0.302222222	0.283333333	0.177777778	0.133333333	1	0.317777778	3.0	1.22	0.0	0.379371
67700	14626	0	0	3	3	6	1	1.0	3	2014	9	14	7	20.0	51	1	0	0	14955	3.665833333	1.189444444	0.068055556	0.6	0.053333333	0.2444444439999999	2	0.727777778	6.5	2.22	0.0	0.40229
67706	14627	1	1	4	3	1	1	1.0	3	2014	9	14	7	12.0	27	1	0	1	10792	2.535555556	0.8602777779999999	0.2444444439999999	0.3	0.127777778	0.1	1	0.698333333	3.9	1.88	0.0	0.606205
67725	14633	0	1	4	3	1	1	1.0	3	2014	9	14	7	8.966666667	51	0	1	1	2973	0.703888889	0.199722222	0.0891666669999999	0.0	0.164444444	0.0	0	0.121388889	1.5	0.43	0.0	0.100686
67726	14633	1	0	4	3	1	1	1.0	3	2014	9	14	7	8.5	42	1	1	1	2973	0.6880555559999999	0.201111111	0.0725	0.0	0.1925	0.0	0	0.1172222219999999	1.5	0.43	0.0	0.135071
67728	14634	0	0	4	4	1	5	0.0	3	2014	9	14	7	8.5	69	1	1	1	3817	0.909722222	0.375	0.2869444439999999	0.133333333	0.0	0.0	0	0.1819444439999999	0.0	0.67	0.0	0.4473279999999999
67778	14643	0	1	4	3	2	5	0.0	3	2014	9	15	1	10.41666667	66	0	1	2	850	0.232222222	0.053333333	0.1375	0.0	0.036666667	0.0	0	0.0705555559999999	0.0	0.21	0.0	0.1102359999999999
67796	14647	1	3	4	3	6	5	0.0	3	2014	9	15	1	20.16666667	9	1	0	0	4350	1.070833333	0.2944444439999999	0.281666667	0.133333333	0.0	0.0	0	0.247222222	0.0	0.71	0.0	0.293258
67805	14650	1	2	1	3	6	1	1.0	3	2014	9	15	1	11.75	47	0	0	0	902	0.230277778	0.073888889	0.1575	0.0	0.029722222	0.0	0	0.078333333	1.5	0.17	0.0	0.166667
67806	14650	1	3	1	3	6	1	1.0	3	2014	9	15	1	12.08333333	47	0	0	0	902	0.235833333	0.0575	0.138888889	0.0	0.076666667	0.0	0	0.075277778	1.5	0.18	0.0	0.254613
67817	14655	0	1	4	3	1	1	1.0	3	2014	9	16	2	16.5	50	1	1	1	6245	1.443888889	0.489722222	0.148611111	0.1	0.44	0.133333333	1	0.391111111	3.2	1.08	0.0	0.324574
67818	14655	2	0	3	4	1	5	0.0	3	2014	9	16	2	9.0	33	1	1	1	6106	1.456111111	0.508611111	0.095277778	0.0	0.472777778	0.0	0	0.3825	0.0	1.1	0.0	0.326071
67823	14657	0	0	3	4	2	1	1.0	3	2014	9	16	2	9.0	40	0	1	1	7734	1.926944444	0.667222222	0.136666667	0.4	0.0	0.0	0	0.7311111109999999	2.9	1.44	10.5	0.777356
67859	14663	0	0	3	4	6	1	1.0	3	2014	9	17	3	17.0	38	0	0	0	5093	1.184722222	0.335277778	0.133333333	0.0	0.378611111	0.0	0	0.320833333	1.5	0.8	0.0	0.468398
67862	14664	0	2	1	2	6	1	1.0	3	2014	9	17	3	11.5	30	1	0	0	356	0.108888889	0.047222222	0.059166667	0.0	0.013333333	0.0	0	0.02	1.5	0.06	0.0	0.1111109999999999
67889	14668	0	2	4	3	6	5	0.0	3	2014	9	17	3	14.5	84	1	0	0	5058	1.3475	0.456944444	0.229166667	0.0	0.361111111	0.0	0	0.242222222	0.0	0.84	0.0	0.0768349
67913	14676	0	2	4	3	1	1	1.0	3	2014	9	17	3	12.0	38	1	1	1	726	0.179166667	0.0536111109999999	0.110277778	0.0	0.066666667	0.0	0	0.081666667	1.5	0.19	0.0	0.214286
67917	14676	0	7	4	3	1	1	1.0	3	2014	9	17	3	18.75	38	1	1	1	1372	0.3752777779999999	0.1166666669999999	0.1436111109999999	0.0	0.098055556	0.0	0	0.119444444	1.5	0.34	0.0	0.225581
67923	14677	0	2	3	3	6	5	0.0	3	2014	9	17	3	5.333333333	48	0	0	0	1103	0.275	0.093888889	0.0861111109999999	0.0	0.055	0.0	0	0.078611111	0.0	0.22	0.0	0.0812721
67961	14683	0	1	1	5	6	1	1.0	3	2014	9	18	4	13.75	24	1	0	0	166	0.1447222219999999	0.090555556	0.128888889	0.0	0.020833333	0.0	0	0.105555556	1.5	0.3	0.0	0.331579
67987	14686	0	1	3	4	6	1	1.0	3	2014	9	18	4	12.0	44	1	0	0	1950	0.508611111	0.171111111	0.158333333	0.0	0.194722222	0.0	0	0.1866666669999999	1.5	0.47	0.0	0.3125
68025	14695	0	3	3	3	1	1	1.0	3	2014	9	19	5	22.5	26	0	1	1	9372	2.272777778	0.7847222220000001	0.272222222	0.333333333	0.0	0.0	0	0.488611111	2.6	1.57	0.0	0.373508
68064	14702	2	2	3	3	1	2	0.0	3	2014	9	19	5	18.0	16	0	0	2	8839	2.156944444	0.703611111	0.2638888889999999	0.2	0.333333333	0.1166666669999999	1	0.571388889	1.75	1.57	0.0	0.6572680000000001
68079	14705	0	0	3	3	1	5	0.0	3	2014	9	19	5	11.0	59	0	1	1	1524	0.4327777779999999	0.125277778	0.072777778	0.0	0.181111111	0.0	0	0.1166666669999999	0.0	0.34	0.0	0.0690476
68108	14713	1	1	3	5	6	1	1.0	3	2014	9	19	5	20.0	32	1	0	0	4311	1.036666667	0.394722222	0.212222222	0.1166666669999999	0.0	0.066666667	1	0.338055556	2.4	0.81	0.0	0.620378
68129	14719	0	1	4	3	6	5	0.0	3	2014	9	20	6	10.5	75	0	1	0	2077	0.640833333	0.159444444	0.070833333	0.0	0.2069444439999999	0.0	0	0.143055556	0.0	0.4	0.0	0.240777
68149	14722	0	0	1	3	1	1	1.0	3	2014	9	20	6	12.5	35	0	1	1	1015	0.223055556	0.073333333	0.048333333	0.0	0.066666667	0.0	0	0.0855555559999999	1.5	0.3	0.0	0.0227273
68150	14722	0	2	1	3	1	1	1.0	3	2014	9	20	6	13.75	35	0	1	1	1444	0.336944444	0.109166667	0.0475	0.0	0.111111111	0.0	0	0.123888889	1.5	0.35	0.0	0.116592
68153	14723	2	0	4	3	1	1	1.0	3	2014	9	20	6	14.0	30	0	1	1	9287	2.3975	0.746944444	0.665555556	0.183333333	0.0	0.0	0	0.505833333	2.1	1.73	0.0	0.4744649999999999
68158	14726	0	0	4	3	1	1	1.0	3	2014	9	20	6	13.0	42	0	1	1	2698	0.668333333	0.215	0.171111111	0.0	0.288888889	0.0	0	0.2263888889999999	1.5	0.6	0.0	0.197546
68166	14728	0	0	4	3	1	5	0.0	3	2014	9	20	6	10.0	69	0	1	2	4791	1.274722222	0.3625	0.1041666669999999	0.0	0.488611111	0.150555556	1	0.2894444439999999	0.0	0.89	0.0	0.323417
68184	14730	0	1	1	3	1	1	1.0	3	2014	9	20	6	12.5	32	0	1	1	1320	0.305277778	0.1041666669999999	0.081666667	0.0	0.079166667	0.0	0	0.091388889	1.5	0.23	0.0	0.25228
68185	14730	1	0	1	3	1	1	1.0	3	2014	9	20	6	11.0	33	1	1	1	1320	0.295	0.094166667	0.082222222	0.0	0.068055556	0.0	0	0.1225	1.5	0.27	0.0	0.174603
68194	14732	1	2	1	5	6	1	1.0	3	2014	9	20	6	12.0	68	1	1	0	426	0.095277778	0.033055556	0.036944444	0.0	0.020833333	0.0	0	0.018888889	1.5	0.05	0.0	0.4558819999999999
68206	14736	0	0	4	3	1	5	0.0	3	2014	9	21	7	13.0	74	1	0	1	5141	1.167777778	0.358888889	0.191111111	0.0	0.4375	0.0	0	0.287777778	0.0	0.87	0.0	0.316602
68217	14738	1	2	4	3	1	1	1.0	3	2014	9	21	7	16.0	55	0	1	2	7378	1.883333333	0.732777778	0.190833333	0.0	0.621111111	0.093055556	1	0.396944444	3.0	1.37	0.0	0.223933
68218	14738	2	0	4	3	1	2	0.0	3	2014	9	21	7	12.0	17	1	0	2	7428	1.855	0.638611111	0.212222222	0.0	0.74	0.2094444439999999	1	0.428055556	0.0	1.46	0.0	0.210253
68220	14739	1	0	3	5	6	5	0.0	3	2014	9	21	7	10.0	5	1	0	0	18070	4.171111111	1.309722222	0.323333333	0.716666667	0.0	0.0	0	0.844166667	0.0	2.74	0.0	0.433366
68269	14749	0	0	3	3	2	1	1.0	3	2014	9	21	7	13.0	25	1	1	2	3972	0.966666667	0.358055556	0.283055556	0.1	0.0	0.0	0	0.318888889	2.4	0.66	0.0	0.549652
68279	14751	2	0	4	2	1	5	0.0	3	2014	9	22	1	8.25	8	0	0	2	4543	1.218333333	0.376944444	0.113055556	0.0	0.51	0.238055556	1	0.279166667	0.0	0.84	0.0	0.336318
68282	14751	3	0	4	2	1	5	0.0	3	2014	9	22	1	8.25	7	1	0	2	4543	1.218333333	0.376944444	0.113055556	0.0	0.51	0.238055556	1	0.279166667	0.0	0.84	0.0	0.336318
68318	14764	0	3	3	2	2	1	1.0	3	2014	9	23	2	12.0	35	1	0	2	2700	0.705555556	0.237777778	0.176388889	0.066666667	0.0	0.0	0	0.197222222	2.1	0.52	0.0	0.2225349999999999
68325	14765	1	5	3	3	1	5	0.0	3	2014	9	23	2	15.0	77	1	1	2	3341	0.7725	0.273611111	0.2675	0.0	0.251111111	0.0	0	0.176388889	0.0	0.6	0.0	0.1196849999999999
68335	14769	0	1	1	1	6	1	1.0	3	2014	9	23	2	17.5	31	1	1	0	1634	0.466388889	0.169166667	0.253888889	0.0	0.201111111	0.0	0	0.178888889	1.5	0.39	0.0	0.368012
68339	14771	0	1	4	4	1	1	1.0	3	2014	9	23	2	17.0	37	0	1	2	4408	1.114444444	0.34	0.306388889	0.066666667	0.083333333	0.1	1	0.278333333	3.2	0.8	0.0	0.369261
68352	14776	0	1	3	4	6	1	1.0	3	2014	9	23	2	12.0	24	1	0	0	1805	0.528333333	0.171666667	0.135	0.0	0.131111111	0.0	0	0.1425	1.5	0.39	0.0	0.333333
68356	14777	0	3	3	1	2	1	1.0	3	2014	9	23	2	20.66666667	29	0	1	1	5683	1.4725	0.461111111	0.171111111	0.1166666669999999	0.175	0.124166667	1	0.3938888889999999	3.9	0.94	0.0	0.555712
68369	14780	0	4	3	5	2	1	1.0	3	2014	9	23	2	16.75	41	0	1	2	5578	1.284166667	0.479722222	0.155833333	0.433333333	0.0	0.0	0	0.418611111	2.4	0.94	0.0	0.766423
68371	14781	0	0	1	3	6	1	1.0	3	2014	9	23	2	12.0	51	0	0	0	1852	0.463055556	0.224166667	0.1772222219999999	0.0	0.2	0.0	0	0.13	1.5	0.31	0.0	0.715812
68380	14782	1	0	1	3	6	5	0.0	3	2014	9	23	2	11.5	81	0	1	0	783	0.330833333	0.158333333	0.169166667	0.0	0.067777778	0.0	0	0.075	0.0	0.19	0.0	0.307407
68384	14784	0	2	1	3	6	5	0.0	3	2014	9	23	2	14.83333333	75	0	0	0	740	0.216944444	0.065555556	0.1794444439999999	0.0	0.067777778	0.0	0	0.0627777779999999	0.0	0.14	0.0	0.0663716999999999
68385	14784	1	0	3	3	6	5	0.0	3	2014	9	23	2	12.5	78	1	0	0	4737	1.128333333	0.337777778	0.188333333	0.0	0.469166667	0.0	0	0.274722222	0.0	0.77	0.0	0.476239
68400	14789	0	0	3	1	2	5	0.0	3	2014	9	24	3	5.75	36	1	1	1	2029	0.4625	0.144166667	0.091388889	0.0	0.0872222219999999	0.0	0	0.096388889	0.0	0.27	0.0	0.0634006
68404	14789	1	0	4	2	2	5	0.0	3	2014	9	24	3	8.0	35	0	1	1	3277	0.966388889	0.324166667	0.072777778	0.0	0.4552777779999999	0.083333333	1	0.2022222219999999	0.0	0.55	0.0	0.365385
68444	14795	2	1	1	2	6	5	0.0	3	2014	9	24	3	16.08333333	10	0	0	0	1299	0.325555556	0.120833333	0.069444444	0.0	0.1555555559999999	0.0	0	0.134166667	0.0	0.29	0.0	0.296066
68446	14796	1	1	2	3	6	1	1.0	3	2014	9	24	3	19.0	19	0	0	0	4419	1.111666667	0.317222222	0.1075	0.0	0.619444444	0.0	0	0.1888888889999999	1.5	0.66	0.0	0.0558824
68459	14801	0	6	1	5	6	4	0.5	3	2014	9	24	3	23.0	22	1	1	0	1138	0.288611111	0.103333333	0.0	0.0	0.075	0.0	0	0.091666667	0.75	0.21	0.0	0.6
68460	14802	0	0	3	1	1	4	1.0	3	2014	9	24	3	9.5	54	1	1	1	3783	0.8969444440000001	0.278333333	0.182222222	0.083333333	0.0	0.083333333	1	0.309166667	1.6	0.73	10.5	0.822102
68468	14803	0	0	2	3	6	5	0.0	3	2014	9	24	3	9.5	47	0	0	0	4943	1.2075	0.363333333	0.103333333	0.0	0.456666667	0.076666667	1	0.293055556	0.0	0.8	0.0	0.376303
68493	14809	0	3	4	1	2	1	1.0	3	2014	9	25	4	21.66666667	38	0	1	2	2613	0.829722222	0.208333333	0.303888889	0.0	0.066666667	0.0	0	0.143333333	1.5	0.43	0.0	0.102713
68497	14810	1	0	3	1	1	4	1.0	3	2014	9	25	4	8.0	39	0	1	1	4206	0.999444444	0.357222222	0.347222222	0.15	0.0	0.0	0	0.309166667	1.95	0.8	10.5	0.639713
68505	14811	0	0	1	3	1	5	0.0	3	2014	9	25	4	17.5	72	0	1	1	618	0.1772222219999999	0.078333333	0.134722222	0.0	0.023055556	0.0	0	0.066388889	0.0	0.15	0.0	0.259414
68564	14824	0	1	4	5	1	5	0.0	3	2014	9	26	5	8.383333333	46	1	1	2	3058	0.768333333	0.308055556	0.2419444439999999	0.0	0.133333333	0.0	0	0.128888889	0.0	0.46	0.0	0.178879
68588	14831	0	6	4	3	1	1	1.0	3	2014	9	26	5	16.5	40	1	1	2	2283	0.640555556	0.202777778	0.076666667	0.0	0.444444444	0.1	1	0.121111111	3.0	0.43	0.0	0.330275
68600	14833	0	0	3	1	6	1	1.0	3	2014	9	26	5	13.5	25	1	1	0	6509	1.613333333	0.574722222	0.254166667	0.183333333	0.0	0.0	0	0.556111111	2.4	1.23	10.5	0.622877
68630	14840	0	0	3	3	1	1	1.0	3	2014	9	27	6	10.0	30	1	0	1	1558	0.388055556	0.162222222	0.198333333	0.0	0.115833333	0.0	0	0.152777778	1.5	0.4	0.0	0.1254549999999999
68638	14842	0	3	4	3	6	1	1.0	3	2014	9	27	6	13.25	44	1	1	2	1320	0.3483333329999999	0.129722222	0.143333333	0.0	0.2	0.0	0	0.089444444	1.5	0.22	0.0	0.00621118
68644	14843	0	5	1	5	6	1	1.0	3	2014	9	27	6	13.0	46	1	1	1	428	0.124722222	0.0505555559999999	0.083055556	0.016666667	0.0	0.0	0	0.107777778	2.4	0.19	10.5	0.402062
68670	14849	0	0	4	3	1	1	1.0	3	2014	9	27	6	12.0	30	0	1	1	4167	1.076944444	0.338611111	0.122777778	0.0	0.3458333329999999	0.0	0	0.253888889	1.5	0.78	0.0	0.356674
68684	14854	0	4	1	5	1	1	1.0	3	2014	9	28	7	17.5	39	0	1	1	385	0.124722222	0.049444444	0.074722222	0.0	0.015555556	0.0	0	0.041666667	1.5	0.1	0.0	0.22
68686	14854	0	6	4	3	1	1	1.0	3	2014	9	28	7	19.5	39	0	1	1	21165	4.969444444	1.463888889	0.135833333	0.7	0.420833333	0.242777778	2	1.031944444	4.3	3.63	0.0	0.4524899999999999
68747	14863	3	2	1	3	1	5	0.0	3	2014	9	28	7	19.3	6	0	0	1	842	0.2119444439999999	0.076388889	0.067222222	0.0	0.035555556	0.0	0	0.075	0.0	0.17	0.0	0.496296
68762	14868	1	0	1	3	6	1	1.0	3	2014	9	28	7	13.0	27	1	0	0	1627	0.411388889	0.170833333	0.320833333	0.016666667	0.0	0.0	0	0.126944444	2.4	0.33	0.0	0.365427
68777	14871	4	1	3	3	1	1	1.0	3	2014	9	29	1	20.16666667	59	1	0	1	2003	0.5277777779999999	0.151666667	0.071944444	0.0	0.084444444	0.0	0	0.1005555559999999	1.5	0.34	0.0	0.2817679999999999
68780	14873	0	0	4	3	2	1	1.0	3	2014	9	29	1	19.5	30	0	1	2	371	0.103333333	0.066944444	0.07	0.0	0.011388889	0.0	0	0.1155555559999999	1.5	0.26	0.0	0.233173
68802	14878	2	2	1	2	2	3	0.0	3	2014	9	29	1	15.75	13	0	0	1	864	0.25	0.095	0.176111111	0.0	0.034444444	0.0	0	0.0705555559999999	0.0	0.16	0.0	0.0314961
68813	14879	1	4	2	3	6	1	1.0	3	2014	9	29	1	15.16666667	38	0	0	0	2385	0.6138888889999999	0.232777778	0.135555556	0.0	0.1725	0.0	0	0.163611111	1.5	0.5	0.0	0.122241
68835	14885	0	0	4	3	2	5	0.0	3	2014	9	29	1	14.5	73	0	1	1	2998	0.775	0.209166667	0.1005555559999999	0.0	0.2166666669999999	0.0	0	0.176388889	0.0	0.45	0.0	0.316535
68837	14885	0	3	4	3	2	5	0.0	3	2014	9	29	1	16.75	73	0	1	1	4452	1.088611111	0.294166667	0.1266666669999999	0.0	0.3	0.0	0	0.331944444	0.0	0.74	0.0	0.2493719999999999
68841	14885	1	3	4	5	2	5	0.0	3	2014	9	29	1	15.08333333	70	1	1	1	1499	0.360833333	0.121111111	0.076111111	0.0	0.1166666669999999	0.0	0	0.091666667	0.0	0.26	0.0	0.1060609999999999
68844	14886	0	2	3	3	6	5	0.0	3	2014	9	29	1	13.0	86	0	0	0	690	0.180277778	0.069444444	0.126388889	0.0	0.033333333	0.0	0	0.056666667	0.0	0.14	0.0	0.20098
68857	14890	0	1	4	2	1	1	1.0	3	2014	9	30	2	8.366666667	43	1	1	2	3370	1.140833333	0.311111111	0.126944444	0.0	0.405555556	0.090555556	1	0.283888889	3.0	0.76	0.0	0.27593
68879	14893	0	6	4	5	2	1	1.0	3	2014	9	30	2	18.16666667	42	0	1	2	804	0.181111111	0.060277778	0.01	0.0	0.119444444	0.0	0	0.058888889	1.5	0.12	0.0	0.504717
68907	14898	0	0	3	2	1	1	1.0	3	2014	9	30	2	8.166666667000001	36	1	1	1	2836	0.616944444	0.209166667	0.107777778	0.083333333	0.0	0.0	0	0.226666667	1.7	0.53	0.0	0.5551470000000001
68927	14901	1	1	3	1	6	1	1.0	3	2014	9	30	2	15.58333333	25	0	0	0	3176	0.757777778	0.313333333	0.223055556	0.133333333	0.0	0.0	0	0.220555556	1.5	0.63	0.0	0.574307
68935	14903	1	1	4	5	1	5	0.0	3	2014	9	30	2	10.08333333	66	0	1	1	2332	0.525555556	0.1475	0.191944444	0.05	0.0	0.0	0	0.128055556	0.0	0.38	0.0	0.329718
68940	14903	2	3	4	4	1	1	1.0	3	2014	9	30	2	16.0	23	0	1	1	676	0.15	0.053333333	0.0225	0.0	0.0475	0.0	0	0.0325	1.5	0.1	0.0	0.282051
68948	14904	0	3	4	3	2	1	1.0	3	2014	9	30	2	18.25	53	1	1	2	6540	1.626388889	0.505555556	0.028611111	0.0	0.765833333	0.235833333	2	0.419722222	4.5	1.02	0.0	0.582396
68963	14907	0	1	3	1	2	4	1.0	3	2014	9	30	2	9.95	45	1	1	1	2650	0.655555556	0.2094444439999999	0.130277778	0.0	0.155833333	0.0	0	0.1275	1.5	0.42	0.0	0.0653595
68968	14908	2	1	4	2	1	5	0.0	3	2014	9	30	2	15.26666667	9	0	0	2	9396	2.313333333	0.6675	0.223611111	0.233333333	0.323611111	0.25	2	0.285555556	0.0	1.37	0.0	0.061284
68970	14909	0	1	3	1	1	1	1.0	3	2014	10	1	3	21.5	29	1	0	1	8627	2.069444444	0.643888889	0.057222222	0.2166666669999999	0.190555556	0.090277778	1	0.333333333	3.0	1.31	0.0	0.108333
68998	14914	0	2	4	2	1	5	0.0	3	2014	10	1	3	8.55	76	0	1	1	4631	1.372777778	0.4144444439999999	0.321944444	0.0	0.36	0.0	0	0.295277778	0.0	0.94	0.0	0.276576
69000	14914	0	5	4	3	1	5	0.0	3	2014	10	1	3	17.5	76	0	1	1	4514	1.265277778	0.395	0.225277778	0.0	0.3933333329999999	0.0	0	0.253888889	0.0	0.85	0.0	0.135667
69002	14914	1	2	4	3	1	5	0.0	3	2014	10	1	3	17.5	71	1	0	1	4514	1.265277778	0.395	0.225277778	0.0	0.3933333329999999	0.0	0	0.253888889	0.0	0.85	0.0	0.135667
69017	14919	0	0	3	1	1	1	1.0	3	2014	10	1	3	5.0	48	0	1	1	9003	2.002222222	0.688333333	0.0	0.0	0.491388889	0.118888889	1	0.396944444	3.0	1.41	0.0	0.405878
69025	14921	0	1	4	3	2	1	1.0	3	2014	10	1	3	16.33333333	24	1	1	1	14477	3.618611111	1.120833333	0.1030555559999999	0.433333333	0.395555556	0.233333333	2	0.955277778	4.4	2.46	0.0	0.437918
69030	14921	1	2	4	3	2	1	1.0	3	2014	10	1	3	17.66666667	28	0	1	1	6002	1.3566666669999998	0.450555556	0.045555556	0.15	0.260833333	0.1694444439999999	2	0.3863888889999999	5.5	0.92	0.0	0.566499
69048	14926	0	4	3	4	2	1	1.0	3	2014	10	1	3	10.86666667	43	1	1	2	12303	2.8486111110000003	0.8844444440000001	0.197222222	0.433333333	0.0	0.0	0	0.6886111109999999	2.6	1.86	10.5	0.6530859999999999
69071	14932	0	3	1	3	6	1	1.0	3	2014	10	2	4	22.83333333	21	0	1	0	3148	0.7616666670000001	0.251944444	0.163333333	0.0	0.1975	0.0	0	0.188333333	1.5	0.51	0.0	0.40708
69075	14932	3	1	1	2	6	1	1.0	3	2014	10	2	4	16.33333333	22	1	1	0	3148	0.7616666670000001	0.251944444	0.187777778	0.0	0.254722222	0.0	0	0.26	1.5	0.57	0.0	0.563034
69107	14938	0	1	1	2	6	1	0.5	3	2014	10	2	4	15.0	21	1	0	0	1382	0.3675	0.115833333	0.195555556	0.0	0.119444444	0.0	0	0.110833333	0.75	0.26	0.0	0.531328
69108	14939	0	0	1	3	6	5	0.0	3	2014	10	2	4	15.0	61	1	1	0	582	0.229722222	0.080555556	0.118888889	0.0	0.0580555559999999	0.0	0	0.085833333	0.0	0.17	0.0	0.313916
69131	14942	2	4	3	3	6	1	1.0	3	2014	10	2	4	18.5	25	1	0	0	8975	2.199722222	0.7777777779999999	0.146944444	0.2	0.195	0.133333333	1	0.686111111	4.4	1.57	0.0	0.709717
69148	14947	0	2	3	5	6	1	1.0	3	2014	10	3	5	13.0	39	1	0	0	5262	1.245833333	0.3338888889999999	0.07	0.0	0.381666667	0.0	0	0.3263888889999999	1.5	0.9	0.0	0.485106
69157	14948	1	2	3	3	6	5	0.0	3	2014	10	3	5	11.51666667	56	0	0	0	3050	0.77	0.2738888889999999	0.088055556	0.0	0.504444444	0.0	0	0.181111111	0.0	0.53	0.0	0.41411
69168	14950	2	0	3	3	6	5	0.0	3	2014	10	3	5	9.0	83	1	0	0	1364	0.433055556	0.165	0.1025	0.0	0.2	0.0	0	0.121944444	0.0	0.28	0.0	0.2118449999999999
69175	14951	1	0	3	2	6	3	0.0	3	2014	10	3	5	8.0	11	0	0	0	742	0.197222222	0.063611111	0.1	0.0	0.055555556	0.0	0	0.0611111109999999	0.0	0.13	0.0	0.227273
69217	14959	3	0	3	2	6	3	0.0	3	2014	10	3	5	7.166666667	14	0	0	0	2509	0.708888889	0.238888889	0.108055556	0.0	0.314444444	0.160555556	1	0.236388889	0.0	0.57	0.0	0.303173
69273	14972	1	0	1	3	1	3	0.0	3	2014	10	4	6	8.0	15	1	0	2	1279	0.274444444	0.095555556	0.076388889	0.0	0.055277778	0.0	0	0.0577777779999999	0.0	0.18	0.0	0.177885
69288	14975	0	1	4	3	1	5	0.0	3	2014	10	5	7	10.66666667	61	1	1	1	3582	0.985555556	0.2763888889999999	0.369166667	0.0	0.148055556	0.316666667	1	0.159722222	0.0	0.61	0.0	0.104348
69312	14980	1	0	4	3	6	1	1.0	3	2014	10	5	7	19.5	43	0	1	0	10917	3.073888889	1.008055556	0.1411111109999999	0.3	0.45	0.2	2	0.6411111110000001	4.3	1.94	0.0	0.406412
69318	14982	1	1	4	3	2	5	0.0	3	2014	10	5	7	17.0	78	1	0	1	3625	0.8755555559999999	0.261666667	0.226111111	0.0	0.258888889	0.0	0	0.254166667	0.0	0.55	0.0	0.559563
69338	14987	0	0	3	1	2	1	1.0	3	2014	10	6	1	7.75	33	0	1	1	6068	1.465	0.483611111	0.166388889	0.2166666669999999	0.0	0.1	1	0.433611111	2.9	1.0	10.5	0.680333
69346	14990	0	3	1	3	2	5	0.0	3	2014	10	6	1	15.0	71	0	1	1	205	0.055277778	0.021666667	0.024444444	0.0	0.0097222219999999	0.0	0	0.023888889	0.0	0.06	0.0	0.325581
69360	14992	2	0	3	2	6	5	0.0	3	2014	10	6	1	8.0	9	0	0	0	4456	1.091388889	0.350555556	0.176666667	0.0	0.2875	0.0	0	0.378333333	0.0	0.91	0.0	0.5462560000000001
69382	15001	1	1	3	1	6	1	1.0	3	2014	10	6	1	16.5	59	0	1	0	5292	1.296666667	0.4719444439999999	0.206388889	0.166666667	0.0	0.15	1	0.37	2.1	0.94	0.0	0.385886
69395	15005	1	0	4	1	1	1	1.0	3	2014	10	6	1	7.916666667	45	0	1	1	12073	2.857777778	0.835	0.0925	0.0	0.7875	0.25	1	0.690277778	3.0	2.08	0.0	0.4615689999999999
69440	15014	3	0	3	1	1	1	1.0	3	2014	10	7	2	8.0	30	1	1	1	10553	2.542777778	0.784444444	0.100277778	0.2666666669999999	0.322222222	0.1166666669999999	1	0.854166667	4.8	2.08	10.5	0.786992
69442	15015	0	0	1	3	1	5	0.0	3	2014	10	7	2	11.5	63	0	1	2	744	0.2022222219999999	0.0475	0.098888889	0.0	0.071944444	0.0	0	0.053333333	0.0	0.17	0.0	0.078125
69455	15018	0	0	4	2	1	1	1.0	3	2014	10	7	2	7.75	46	1	1	1	1253	0.298055556	0.103333333	0.072222222	0.0	0.098333333	0.0	0	0.110277778	1.5	0.26	0.0	0.501259
69479	15021	1	1	3	4	1	1	1.0	3	2014	10	7	2	22.83333333	23	1	1	1	8435	2.137777778	0.7425	0.186944444	0.3833333329999999	0.0	0.083333333	1	0.483611111	2.4	1.59	0.0	0.349225
69481	15021	2	1	4	1	1	1	1.0	3	2014	10	7	2	16.5	19	0	0	1	3210	0.815555556	0.2663888889999999	0.041944444	0.0	0.462222222	0.1166666669999999	1	0.267222222	3.0	0.71	0.0	0.356549
69490	15027	0	0	4	3	2	1	1.0	3	2014	10	8	3	8.0	33	1	1	1	1107	0.273611111	0.071666667	0.175277778	0.0	0.053888889	0.0	0	0.102777778	1.5	0.21	0.0	0.208108
69502	15029	0	1	3	1	6	1	1.0	3	2014	10	8	3	18.0	30	0	0	0	4991	1.2330555559999998	0.4013888889999999	0.224722222	0.2166666669999999	0.0	0.083333333	1	0.4175	2.9	0.88	10.5	0.550233
69521	15034	1	1	4	4	2	1	1.0	3	2014	10	8	3	15.5	32	0	1	1	1691	0.42	0.111666667	0.086388889	0.0	0.121388889	0.0	0	0.143333333	1.5	0.27	0.0	0.120155
69522	15035	0	1	1	1	6	1	1.0	3	2014	10	8	3	14.0	26	0	0	0	613	0.2119444439999999	0.06	0.185555556	0.0	0.020277778	0.0	0	0.1005555559999999	1.5	0.19	0.0	0.207182
69559	15042	1	3	3	3	6	2	0.0	3	2014	10	8	3	21.0	17	0	0	0	3096	0.7475	0.220833333	0.152777778	0.0	0.183333333	0.0	0	0.2019444439999999	0.0	0.53	0.0	0.291609
69572	15046	0	4	4	3	1	5	0.0	3	2014	10	8	3	21.08333333	63	1	1	1	5046	1.2625	0.368055556	0.314722222	0.0	0.2869444439999999	0.0	0	0.253611111	0.0	0.89	0.0	0.106243
69603	15053	1	1	4	5	1	5	0.0	3	2014	10	9	4	10.66666667	69	1	1	2	1178	0.3383333329999999	0.152222222	0.273333333	0.0	0.026111111	0.0	0	0.092777778	0.0	0.25	0.0	0.290419
69617	15058	0	2	3	2	6	1	1.0	3	2014	10	9	4	8.833333332999999	28	1	1	0	11424	2.727222222	0.8472222220000001	0.2288888889999999	0.3	0.0	0.1166666669999999	1	0.8091666670000001	3.3	1.94	10.5	0.710264
69679	15075	0	0	3	1	6	1	1.0	3	2014	10	10	5	8.25	32	1	1	0	3514	0.933055556	0.281388889	0.243888889	0.083333333	0.0	0.083333333	1	0.255555556	1.7	0.66	0.0	0.451087
69686	15077	0	1	3	3	6	1	1.0	3	2014	10	10	5	16.5	55	1	0	0	1221	0.366111111	0.113333333	0.0922222219999999	0.0	0.083333333	0.0	0	0.091388889	1.5	0.23	0.0	0.2249239999999999
69687	15078	1	0	3	1	1	1	1.0	3	2014	10	10	5	7.5	56	1	1	1	15377	3.795555556	1.192777778	0.206111111	0.6	0.233333333	0.2	2	1.078888889	5.4	3.13	0.0	0.6562819999999999
69698	15081	0	3	4	3	2	5	0.0	3	2014	10	10	5	17.66666667	67	0	1	1	1612	0.389166667	0.1291666669999999	0.167222222	0.066666667	0.0	0.0	0	0.1794444439999999	0.0	0.37	0.0	0.239938
69711	15084	0	4	4	3	2	5	0.0	3	2014	10	10	5	19.0	63	1	1	2	2524	0.623888889	0.223055556	0.343611111	0.0	0.096666667	0.0	0	0.134444444	0.0	0.43	0.0	0.161157
69762	15092	2	1	3	4	6	1	1.0	3	2014	10	11	6	14.75	19	1	0	0	26751	6.0655555560000005	1.900833333	0.128888889	0.916666667	0.071666667	0.35	3	1.305277778	6.1	3.94	10.5	0.563737
69794	15101	0	3	1	3	1	1	1.0	3	2014	10	11	6	18.66666667	59	1	1	1	524	0.189722222	0.071944444	0.098888889	0.0	0.058888889	0.0	0	0.100277778	1.5	0.21	0.0	0.3407199999999999
69858	15110	0	0	4	3	3	1	1.0	3	2014	10	11	6	9.0	47	1	1	2	3037	0.820555556	0.256388889	0.042222222	0.0	0.2469444439999999	0.153055556	1	0.146666667	3.0	0.54	0.0	0.268939
69902	15119	0	0	3	3	2	5	0.0	3	2014	10	13	1	16.5	62	1	0	1	12827	3.040555556	0.962222222	0.150277778	0.316666667	0.145833333	0.233333333	2	0.6972222220000001	0.0	1.79	10.5	0.569721
69943	15130	0	1	3	1	1	1	1.0	3	2014	10	13	1	16.25	54	1	1	2	14086	3.1105555560000004	1.102222222	0.1472222219999999	0.416666667	0.234166667	0.247222222	2	0.925277778	6.9	3.74	10.5	0.5016510000000001
69963	15136	0	0	3	3	6	4	1.0	3	2014	10	13	1	8.5	59	0	0	0	2342	0.5527777779999999	0.159722222	0.038333333	0.0	0.175555556	0.0	0	0.1475	1.5	0.39	0.0	0.165725
69971	15139	1	0	3	2	6	1	0.5	3	2014	10	13	1	8.0	20	0	0	0	6294	1.414722222	0.486666667	0.064444444	0.0	0.433055556	0.114722222	1	0.442222222	1.5	1.05	0.0	0.613065
69994	15144	0	1	4	1	2	1	1.0	3	2014	10	13	1	17.75	64	0	1	1	4129	1.034722222	0.348055556	0.581111111	0.0	0.130833333	0.0	0	0.213055556	1.5	0.72	0.0	0.267275
70041	15154	0	0	1	2	1	1	1.0	3	2014	10	14	2	8.25	39	1	1	1	470	0.114166667	0.037222222	0.021666667	0.0	0.036111111	0.0	0	0.029444444	1.5	0.08	0.0	0.169811
70053	15156	0	1	3	4	6	1	1.0	3	2014	10	14	2	10.33333333	54	0	0	0	12743	2.778611111	1.018333333	0.205555556	0.533333333	0.0	0.0	0	0.6266666670000001	2.8	1.88	10.5	0.644504
70084	15163	2	0	1	2	1	5	0.0	3	2014	10	14	2	8.5	5	0	0	2	434	0.1180555559999999	0.026111111	0.062222222	0.0	0.031111111	0.0	0	0.0275	0.0	0.08	0.0	0.1111109999999999
70098	15166	0	0	1	3	6	1	1.0	3	2014	10	14	2	14.5	55	1	0	0	721	0.1863888889999999	0.0536111109999999	0.100833333	0.0	0.024444444	0.0	0	0.052777778	1.5	0.13	0.0	0.0894737
70113	15171	0	0	4	1	1	1	1.0	3	2014	10	14	2	5.666666667	46	0	1	2	4782	1.157777778	0.3175	0.563611111	0.083333333	0.0	0.0	0	0.121944444	2.6	0.63	0.0	0.0979498999999999
70116	15172	0	0	3	2	6	1	0.5	3	2014	10	14	2	13.0	21	0	0	0	11252	2.553611111	0.762222222	0.2166666669999999	0.233333333	0.083333333	0.1166666669999999	1	0.483055556	3.55	1.52	0.0	0.522714
70118	15173	0	0	2	1	1	1	1.0	3	2014	10	14	2	7.25	33	1	1	1	2397	0.612777778	0.222777778	0.1016666669999999	0.0	0.2847222219999999	0.0	0	0.208055556	1.5	0.56	0.0	0.58478
70158	15180	1	0	4	3	2	1	1.0	3	2014	10	15	3	12.0	35	1	1	2	2101	0.485833333	0.161111111	0.076666667	0.0	0.1166666669999999	0.0	0	0.098333333	1.5	0.28	0.0	0.0225989
70190	15187	0	0	2	3	6	1	1.0	3	2014	10	16	4	14.0	25	0	0	0	1500	0.3544444439999999	0.1172222219999999	0.123611111	0.0	0.144166667	0.0	0	0.110555556	1.5	0.26	0.0	0.540201
70197	15189	0	0	4	3	1	1	1.0	3	2014	10	16	4	11.0	58	1	1	1	3909	0.9025	0.276944444	0.296944444	0.0	0.25	0.0	0	0.2469444439999999	1.5	0.68	0.0	0.291339
70232	15198	0	0	3	3	6	5	0.0	3	2014	10	16	4	13.25	78	0	0	0	938	0.229444444	0.115833333	0.0875	0.0	0.091111111	0.0	0	0.111111111	0.0	0.21	0.0	0.5725
70234	15199	2	0	3	1	1	1	1.0	3	2014	10	16	4	8.333333332999999	23	0	1	1	18344	4.1325	1.255833333	0.313611111	0.35	0.0	0.0	0	1.028333333	6.2	2.89	10.5	0.6250680000000001
70239	15201	0	1	3	2	6	4	1.0	3	2014	10	16	4	17.0	21	0	0	0	6115	1.540555556	0.524444444	0.080277778	0.2	0.1566666669999999	0.1166666669999999	1	0.520833333	3.45	1.13	10.5	0.7488
70243	15202	0	1	4	2	1	1	1.0	3	2014	10	16	4	9.083333333	32	1	1	2	2817	0.745	0.236111111	0.081666667	0.0	0.295833333	0.0	0	0.195	1.5	0.55	0.0	0.260684
70255	15202	1	6	4	3	1	5	0.0	3	2014	10	16	4	20.41666667	7	0	0	2	1604	0.384166667	0.106388889	0.032222222	0.0	0.2072222219999999	0.105277778	1	0.103333333	0.0	0.33	0.0	0.201613
70290	15209	1	0	3	3	1	1	1.0	3	2014	10	17	5	11.0	48	1	0	2	9295	2.256388889	0.6830555559999999	0.086944444	0.0	0.823888889	0.066666667	1	0.4125	3.0	1.52	0.0	0.49899
70300	15211	2	0	4	1	1	1	1.0	3	2014	10	17	5	9.5	25	1	1	1	17978	4.295	1.266388889	0.466666667	0.816666667	0.0	0.1	1	0.55	2.8	2.81	0.0	0.467172
70309	15214	1	1	4	5	2	1	1.0	3	2014	10	17	5	18.0	44	1	1	2	9086	2.315833333	0.728888889	0.143888889	0.3	0.2344444439999999	0.233333333	1	0.425	4.0	1.33	0.0	0.252288
70412	15236	0	4	4	3	2	1	1.0	3	2014	10	18	6	18.0	47	1	1	1	23324	5.92	1.788055556	0.214166667	0.65	0.381388889	0.2666666669999999	3	1.277777778	3.0	3.69	0.0	0.483696
70430	15240	0	4	4	3	1	1	1.0	3	2014	10	18	6	17.83333333	22	1	0	1	12777	3.167222222	0.984166667	0.136111111	0.083333333	0.566666667	0.283333333	2	0.439166667	4.5	1.93	0.0	0.347881
70436	15241	1	1	4	3	1	1	1.0	3	2014	10	18	6	22.0	41	1	1	1	2539	0.616111111	0.205555556	0.181111111	0.0	0.241388889	0.0	0	0.206388889	1.5	0.53	0.0	0.453567
70437	15241	3	0	4	3	1	5	0.0	3	2014	10	18	6	17.0	6	0	0	1	2539	0.593055556	0.215277778	0.223055556	0.0	0.136111111	0.0	0	0.1744444439999999	0.0	0.47	0.0	0.355096
70442	15242	1	1	3	5	2	1	1.0	3	2014	10	18	6	10.0	54	0	1	1	4569	1.079166667	0.415555556	0.173333333	0.1166666669999999	0.1	0.1166666669999999	1	0.2575	3.79	0.71	10.5	0.557713
70448	15243	0	3	4	2	1	1	1.0	3	2014	10	18	6	12.66666667	38	1	1	2	1075	0.285833333	0.077222222	0.14	0.0	0.031944444	0.0	0	0.043888889	1.5	0.17	0.0	0.196203
70501	15255	2	0	4	3	1	5	0.0	3	2014	10	18	6	14.0	5	0	0	1	1847	0.635	0.169722222	0.270833333	0.0	0.106388889	0.0	0	0.143055556	0.0	0.45	0.0	0.147573
70512	15258	1	0	4	3	1	5	0.0	3	2014	10	19	7	12.5	77	1	1	1	6222	1.528055556	0.425	0.249444444	0.0	0.333333333	0.0	0	0.305	0.0	1.11	0.0	0.21949
70521	15260	1	1	3	3	6	1	1.0	3	2014	10	19	7	19.0	46	0	1	0	15745	3.440833333	1.245	0.136388889	0.5166666670000001	0.183333333	0.127777778	1	0.762222222	4.3	2.31	0.0	0.590015
70522	15261	1	0	4	3	1	1	1.0	3	2014	10	19	7	10.0	32	0	1	1	1887	0.493888889	0.150277778	0.2844444439999999	0.05	0.0	0.0	0	0.115277778	1.5	0.37	0.0	0.122892
70532	15263	0	8	4	3	1	1	1.0	3	2014	10	19	7	16.66666667	55	0	1	1	2966	0.738888889	0.2216666669999999	0.293888889	0.0	0.1166666669999999	0.0	0	0.126388889	1.5	0.47	0.0	0.232967
70566	15270	0	0	2	3	6	4	1.0	3	2014	10	19	7	16.0	33	0	1	0	1532	0.3827777779999999	0.169722222	0.091666667	0.0	0.130555556	0.0	0	0.143333333	1.5	0.31	0.0	0.6395350000000001
70571	15271	1	2	4	5	1	1	1.0	3	2014	10	19	7	16.25	45	0	1	2	823	0.256666667	0.160277778	0.086388889	0.0	0.083333333	0.0	0	0.163888889	1.5	0.38	0.0	0.30678
70587	15274	1	1	4	4	5	1	1.0	3	2014	10	19	7	19.0	39	0	1	1	14574	3.374444444	1.04	0.1888888889999999	0.2666666669999999	0.305555556	0.283333333	2	0.851666667	6.3	3.2	0.0	0.446184
70611	15280	0	0	4	3	1	5	0.0	3	2014	10	20	1	9.5	79	0	1	2	1129	0.292777778	0.0991666669999999	0.266111111	0.0	0.013888889	0.0	0	0.06	0.0	0.19	0.0	0.175926
70613	15280	0	3	4	3	1	5	0.0	3	2014	10	20	1	12.41666667	79	0	1	2	4235	1.049166667	0.285277778	0.1769444439999999	0.0	0.294722222	0.0	0	0.2	0.0	0.7	0.0	0.0944444
70650	15289	0	2	3	5	6	4	1.0	3	2014	10	20	1	14.0	49	0	1	0	990	0.256666667	0.0891666669999999	0.056666667	0.0	0.088888889	0.0	0	0.117777778	1.5	0.27	0.0	0.4716979999999999
70651	15289	0	4	3	3	6	4	1.0	3	2014	10	20	1	18.0	49	0	1	0	4193	0.999722222	0.418055556	0.101388889	0.133333333	0.1222222219999999	0.133333333	1	0.3913888889999999	3.1	0.82	10.5	0.7608229999999999
70678	15293	1	0	4	2	1	5	0.0	3	2014	10	20	1	8.5	7	1	0	2	2343	0.603611111	0.169166667	0.080277778	0.0	0.155833333	0.0	0	0.194722222	0.0	0.48	0.0	0.318117
70681	15293	2	0	4	2	1	5	0.0	3	2014	10	20	1	8.5	5	1	0	2	2343	0.603611111	0.169166667	0.080277778	0.0	0.155833333	0.0	0	0.194722222	0.0	0.48	0.0	0.318117
70713	15301	0	0	2	3	1	1	1.0	3	2014	10	21	2	16.0	31	0	1	1	5888	1.364722222	0.439444444	0.118333333	0.1166666669999999	0.294166667	0.093333333	1	0.5116666670000001	3.9	1.25	10.5	0.606949
70723	15302	2	1	3	4	1	1	1.0	3	2014	10	21	2	17.0	19	0	0	1	14651	3.395555556	1.0694444440000002	0.124722222	0.3833333329999999	0.3508333329999999	0.1	1	0.937777778	4.3	2.54	10.5	0.668543
70734	15304	1	2	1	5	1	1	1.0	3	2014	10	21	2	13.16666667	43	0	1	1	367	0.142777778	0.055	0.0991666669999999	0.0	0.044444444	0.0	0	0.072777778	1.5	0.2	0.0	0.435115
70766	15313	0	1	4	3	2	5	0.0	3	2014	10	22	3	17.0	65	0	1	1	1793	0.4508333329999999	0.124722222	0.140833333	0.0	0.152777778	0.0	0	0.1025	0.0	0.26	0.0	0.252033
70791	15318	2	1	3	2	6	3	0.0	3	2014	10	22	3	15.5	12	1	0	0	2349	0.510277778	0.14	0.0777777779999999	0.0	0.245833333	0.0	0	0.076111111	0.0	0.29	0.0	0.0766423
70807	15322	2	0	3	2	6	3	0.0	3	2014	10	22	3	7.75	15	0	0	0	2767	0.718611111	0.252222222	0.1291666669999999	0.0	0.210277778	0.0	0	0.186111111	0.0	0.55	0.0	0.292537
70812	15323	1	1	2	1	1	1	1.0	3	2014	10	22	3	14.91666667	46	0	1	1	416	0.104444444	0.037222222	0.083055556	0.0	0.0213888889999999	0.0	0	0.059166667	1.5	0.14	0.0	0.0938967
70819	15326	4	0	3	3	1	1	1.0	3	2014	10	22	3	10.0	54	1	0	1	5056	1.18	0.351111111	0.098055556	0.066666667	0.157222222	0.083333333	1	0.260833333	3.0	0.93	0.0	0.173589
70855	15338	0	0	3	1	2	1	1.0	3	2014	10	22	3	7.5	38	0	1	1	19395	4.6125	1.4725	0.247222222	0.716666667	0.0	0.15	1	1.148888889	8.6	2.78	10.5	0.761364
70859	15339	0	0	1	2	1	4	1.0	3	2014	10	22	3	8.583333332999999	48	1	1	2	1031	0.245277778	0.0925	0.146666667	0.0	0.066666667	0.0	0	0.081666667	1.5	0.2	0.0	0.214286
70878	15340	3	3	4	5	1	1	1.0	3	2014	10	22	3	17.0	19	1	0	1	3454	1.008333333	0.383888889	0.314722222	0.0	0.2488888889999999	0.0	0	0.196666667	1.5	0.7	0.0	0.148305
70899	15346	1	4	4	5	5	1	1.0	3	2014	10	23	4	16.0	41	0	1	1	2756	0.661388889	0.242777778	0.248055556	0.066666667	0.0	0.0	0	0.373055556	2.4	0.94	10.5	0.680566
70903	15347	1	0	3	1	1	1	1.0	3	2014	10	23	4	8.0	35	0	1	1	20309	4.519722222	1.388611111	0.048333333	0.5166666670000001	0.2019444439999999	0.301388889	2	1.1705555559999998	10.1	3.27	10.5	0.6689609999999999
70905	15347	1	2	4	3	1	1	1.0	3	2014	10	23	4	19.5	35	0	1	1	16463	3.691388889	1.067222222	0.059166667	0.0	1.063055556	0.174166667	1	0.7444444440000001	3.0	2.49	0.0	0.372388
70907	15348	0	0	4	1	1	5	0.0	3	2014	10	23	4	8.5	60	1	1	2	5079	1.309722222	0.3888888889999999	0.205	0.0	0.5	0.0	0	0.356111111	0.0	1.0	0.0	0.531981
70908	15348	0	1	1	5	1	5	0.0	3	2014	10	23	4	12.5	60	1	1	2	412	0.11	0.099722222	0.0627777779999999	0.0	0.033333333	0.0	0	0.131666667	0.0	0.32	0.0	0.364979
70909	15348	0	2	1	5	1	5	0.0	3	2014	10	23	4	13.11666667	60	1	1	2	197	0.039444444	0.015555556	0.0	0.0	0.046666667	0.0	0	0.021111111	0.0	0.04	0.0	0.4342109999999999
70918	15349	3	1	3	5	6	3	0.0	3	2014	10	23	4	15.75	11	0	0	0	4343	1.128888889	0.368888889	0.2925	0.0	0.3933333329999999	0.0	0	0.23	0.0	0.74	0.0	0.189614
70944	15356	0	3	1	5	6	5	0.0	3	2014	10	23	4	17.5	33	0	1	2	226	0.2625	0.095	0.194444444	0.0	0.023611111	0.0	0	0.103888889	0.0	0.22	0.0	0.13369
70964	15361	0	1	4	1	1	1	1.0	3	2014	10	23	4	18.5	54	1	1	2	9489	2.170555556	0.745	0.368055556	0.15	0.25	0.15	1	0.604444444	3.0	1.9	0.0	0.492188
70970	15363	1	0	4	2	1	1	1.0	3	2014	10	24	5	9.0	40	1	1	2	574	0.176388889	0.05	0.062222222	0.0	0.058888889	0.0	0	0.039722222	1.5	0.12	0.0	0.118881
71007	15370	0	1	3	5	2	1	1.0	3	2014	10	24	5	15.5	34	0	1	1	9669	2.2875	0.6627777779999999	0.093055556	0.25	0.380555556	0.1166666669999999	1	0.576666667	3.0	1.49	0.0	0.526975
71038	15375	0	2	4	5	1	1	1.0	3	2014	10	24	5	15.0	55	0	1	2	6419	1.585555556	0.491666667	0.106944444	0.183333333	0.164722222	0.2666666669999999	1	0.400555556	3.4	1.3	0.0	0.643551
71072	15382	0	0	3	3	1	1	1.0	3	2014	10	25	6	14.0	42	1	0	1	6420	1.54	0.5297222220000001	0.218055556	0.3	0.0	0.0	0	0.318611111	1.5	1.11	0.0	0.313862
71088	15383	0	3	3	3	6	1	1.0	3	2014	10	25	6	14.5	53	1	0	0	3984	1.137777778	0.326944444	0.033611111	0.0	0.514166667	0.0	0	0.177777778	1.5	0.72	0.0	0.192188
71094	15385	0	0	3	3	6	1	1.0	3	2014	10	25	6	19.5	31	1	1	0	6601	1.609444444	0.579444444	0.099444444	0.1166666669999999	0.272222222	0.103888889	1	0.528611111	3.9	1.23	0.0	0.675775
71128	15395	0	1	1	3	6	1	1.0	3	2014	10	25	6	13.0	38	0	0	0	801	0.226111111	0.071388889	0.131388889	0.0	0.033333333	0.0	0	0.1216666669999999	1.5	0.21	0.0	0.468037
71134	15396	0	4	3	3	1	5	0.0	3	2014	10	25	6	13.5	67	0	1	1	1000	0.276666667	0.093055556	0.0633333329999999	0.0	0.110555556	0.0	0	0.108888889	0.0	0.24	0.0	0.528061
71163	15407	0	0	4	4	5	1	1.0	3	2014	10	26	7	14.5	55	1	1	2	10053	2.346388889	0.6777777779999999	0.046388889	0.3	0.323055556	0.330277778	2	0.505833333	4.9	2.2	0.0	0.511807
71168	15407	2	2	2	3	1	3	0.0	3	2014	10	26	7	16.0	11	0	0	2	842	0.251111111	0.0711111109999999	0.054166667	0.0	0.073888889	0.0	0	0.091944444	0.0	0.2	0.0	0.407855
71179	15411	0	2	3	3	6	1	1.0	3	2014	10	26	7	14.75	33	1	1	0	9720	2.296666667	0.748611111	0.335	0.35	0.0	0.0	0	0.4744444439999999	2.6	1.43	0.0	0.292155
71219	15425	0	1	3	3	6	5	0.0	3	2014	10	28	2	13.83333333	20	0	0	0	9737	2.272777778	0.7113888890000001	0.074722222	0.2	0.066666667	0.133333333	1	0.488055556	0.0	1.46	0.0	0.505976
71221	15425	0	3	1	3	6	5	0.0	3	2014	10	28	2	19.26666667	20	0	0	0	897	0.296111111	0.112777778	0.054444444	0.0	0.05	0.0	0	0.069722222	0.0	0.18	0.0	0.298805
71225	15426	1	3	4	4	1	1	1.0	3	2014	10	28	2	14.0	35	0	1	1	3360	0.721666667	0.214722222	0.231388889	0.016666667	0.211666667	0.1166666669999999	1	0.224444444	3.9	0.61	0.0	0.699257
71226	15426	1	4	4	4	1	1	1.0	3	2014	10	28	2	16.0	35	0	1	1	16009	3.993333333	1.236388889	0.4175	0.2666666669999999	0.195	0.1166666669999999	1	1.062222222	6.59	3.07	0.0	0.464958
71264	15439	1	0	3	1	1	1	1.0	3	2014	10	28	2	7.5	41	0	1	1	25791	5.925	2.033611111	0.203333333	0.983333333	0.0	0.0	0	1.370555556	3.9	4.41	0.0	0.622213
71300	15451	0	2	1	5	2	1	1.0	3	2014	10	29	3	12.66666667	32	1	1	2	867	0.290833333	0.163333333	0.1555555559999999	0.0	0.141666667	0.0	0	0.241111111	1.5	0.43	10.5	0.754608
71344	15463	0	0	4	3	1	5	0.0	3	2014	10	30	4	10.0	81	1	1	1	3925	1.010277778	0.314722222	0.113611111	0.083333333	0.36	0.1	1	0.188611111	0.0	0.7	0.0	0.110457
71355	15465	0	0	3	1	1	1	1.0	3	2014	10	30	4	7.25	23	0	1	1	12504	2.961111111	0.8875	0.2025	0.416666667	0.0	0.0	0	0.632777778	3.9	2.1	10.5	0.6119399999999999
71360	15466	0	1	3	1	1	5	0.0	3	2014	10	30	4	14.0	56	0	1	1	4936	1.168055556	0.379444444	0.152777778	0.466666667	0.0	0.066666667	1	0.186944444	0.0	0.8	0.0	0.309064
71367	15468	0	0	4	1	1	5	0.0	3	2014	10	30	4	8.5	70	0	1	1	3214	0.863888889	0.248611111	0.096388889	0.0	0.294722222	0.095277778	1	0.216111111	0.0	0.63	0.0	0.248072
71384	15469	0	0	4	3	6	1	1.0	3	2014	10	30	4	17.0	46	1	0	0	2441	0.615	0.212777778	0.029444444	0.0	0.3858333329999999	0.140555556	1	0.179722222	3.0	0.47	0.0	0.363215
71387	15469	1	0	3	3	6	3	0.0	3	2014	10	30	4	13.5	14	1	0	0	1751	0.388055556	0.116111111	0.037222222	0.0	0.130833333	0.0	0	0.0847222219999999	0.0	0.24	0.0	0.298361
71390	15469	1	4	3	3	6	3	0.0	3	2014	10	30	4	16.75	14	1	0	0	6915	1.6325	0.601111111	0.068055556	0.0	0.74	0.0	0	0.445555556	0.0	1.59	0.0	0.412718
71396	15472	0	1	4	3	2	5	0.0	3	2014	10	31	5	21.0	61	1	1	2	5889	1.306666667	0.359722222	0.046944444	0.0	0.296666667	0.0	0	0.205	0.0	0.7	0.0	0.169377
71401	15473	0	8	4	3	2	1	1.0	3	2014	10	31	5	22.5	48	0	1	2	3679	1.29	0.406388889	0.290833333	0.0	0.290277778	0.096388889	1	0.186944444	3.0	0.66	0.0	0.0757801
71419	15476	0	1	3	3	6	1	1.0	3	2014	10	31	5	16.66666667	52	0	1	0	7297	1.7227777780000002	0.612777778	0.193611111	0.166666667	0.2	0.083333333	1	0.618611111	4.4	1.3	10.5	0.612034
71441	15481	0	2	3	3	6	1	1.0	3	2014	10	31	5	19.5	34	1	0	0	10916	2.543333333	0.8191666670000001	0.196666667	0.583333333	0.0	0.1166666669999999	1	0.583055556	2.8	3.04	0.0	0.353978
71459	15486	0	0	4	4	1	1	1.0	3	2014	10	31	5	7.0	27	0	1	1	9580	2.476944444	0.693888889	0.17	0.0	0.8761111109999999	0.133333333	1	0.5772222220000001	3.0	1.73	0.0	0.46102
71464	15486	3	0	4	4	1	1	1.0	3	2014	10	31	5	6.75	45	0	1	1	14141	3.280833333	1.089166667	0.240833333	0.183333333	0.491666667	0.1575	1	0.554444444	3.2	2.26	0.0	0.539078
71468	15486	4	2	3	4	1	1	1.0	3	2014	10	31	5	18.0	43	1	1	1	14166	3.324722222	1.1525	0.225	0.483333333	0.1166666669999999	0.2	2	0.648055556	4.3	2.41	0.0	0.582512
71471	15486	5	2	3	4	1	1	1.0	3	2014	10	31	5	18.0	20	1	1	1	14166	3.324722222	1.1525	0.225	0.483333333	0.1166666669999999	0.2	2	0.648055556	4.3	2.41	0.0	0.582512
71484	15488	0	2	4	3	2	1	1.0	3	2014	10	31	5	11.33333333	45	1	1	2	2119	0.4783333329999999	0.141666667	0.083333333	0.0	0.120555556	0.0	0	0.1125	1.5	0.28	0.0	0.0567900999999999
71487	15488	0	5	4	3	2	1	1.0	3	2014	10	31	5	14.0	45	1	1	2	2197	0.593611111	0.182777778	0.467222222	0.0	0.09	0.0	0	0.110555556	1.5	0.34	0.0	0.0979898999999999
71489	15488	0	7	4	5	2	1	1.0	3	2014	10	31	5	15.25	45	1	1	2	423	0.088333333	0.039444444	0.044444444	0.0	0.033333333	0.0	0	0.036944444	1.5	0.06	0.0	0.210526
71551	15501	0	0	3	3	6	1	1.0	3	2014	11	1	6	15.5	50	1	0	0	8867	2.070277778	0.725833333	0.1422222219999999	0.166666667	0.6316666670000001	0.218333333	2	0.421111111	3.0	1.39	0.0	0.368733
71635	15518	0	3	4	3	2	5	0.0	3	2014	11	1	6	12.0	66	0	1	2	3933	1.001944444	0.305277778	0.208333333	0.0	0.340555556	0.0	0	0.3125	0.0	0.64	0.0	0.458667
71647	15521	1	2	3	3	6	5	0.0	3	2014	11	2	7	14.83333333	56	0	0	0	1058	0.230555556	0.056111111	0.066388889	0.0	0.05	0.0	0	0.038333333	0.0	0.14	0.0	0.0797101
71669	15529	0	0	1	3	1	1	1.0	3	2014	11	2	7	17.0	47	0	1	1	2477	0.663611111	0.203888889	0.182222222	0.0	0.12	0.0	0	0.1222222219999999	1.5	0.43	0.0	0.0659091
71734	15547	0	0	3	1	6	1	1.0	3	2014	11	4	2	7.75	50	1	1	0	6775	1.621111111	0.4477777779999999	0.131666667	0.0	0.621111111	0.245833333	2	0.3702777779999999	4.5	1.24	0.0	0.313578
71758	15549	2	6	4	3	1	1	1.0	3	2014	11	4	2	16.0	21	1	0	1	2710	0.918055556	0.309722222	0.1744444439999999	0.0	0.125	0.0	0	0.140555556	1.5	0.53	0.0	0.304348
71760	15549	3	1	3	2	1	2	0.0	3	2014	11	4	2	15.25	16	0	0	1	4140	1.154722222	0.403055556	0.111666667	0.0	0.489444444	0.1175	1	0.2	0.0	0.7	0.0	0.0708333
71761	15549	3	2	1	3	1	2	0.0	3	2014	11	4	2	16.5	16	0	0	1	956	0.273055556	0.098888889	0.076111111	0.0	0.0633333329999999	0.0	0	0.0711111109999999	0.0	0.2	0.0	0.0859375
71766	15549	4	4	3	2	1	3	0.0	3	2014	11	4	2	15.33333333	14	1	0	1	4140	1.154722222	0.403055556	0.111666667	0.0	0.489444444	0.1175	1	0.203888889	0.0	0.7	0.0	0.117166
71782	15550	3	4	4	3	2	5	0.0	3	2014	11	4	2	19.25	10	0	0	2	3102	0.7605555559999999	0.238611111	0.1072222219999999	0.0	0.388055556	0.096666667	1	0.226666667	0.0	0.51	0.0	0.2806369999999999
71790	15553	0	1	1	5	6	1	1.0	3	2014	11	4	2	19.5	28	0	1	0	1110	0.309166667	0.134722222	0.1041666669999999	0.0	0.120833333	0.0	0	0.192222222	1.5	0.34	0.0	0.7369939999999999
71808	15559	0	0	4	3	1	5	0.0	3	2014	11	4	2	12.0	82	1	1	1	18674	4.7136111110000005	1.470277778	0.455	0.283333333	0.4477777779999999	0.2022222219999999	2	0.510277778	0.0	2.85	0.0	0.227001
71852	15569	1	1	3	5	1	1	1.0	3	2014	11	5	3	16.75	29	1	1	1	11071	2.544166667	0.944166667	0.068611111	0.3833333329999999	0.072777778	0.338055556	3	0.708888889	6.8	1.95	10.5	0.445141
71862	15572	1	4	1	3	6	1	1.0	3	2014	11	5	3	15.83333333	31	0	1	0	517	0.139444444	0.046944444	0.08	0.0	0.0225	0.0	0	0.049722222	1.5	0.1	0.0	0.324022
71879	15576	0	1	3	4	1	1	1.0	3	2014	11	6	4	11.83333333	45	1	1	1	6727	1.645833333	0.5527777779999999	0.0861111109999999	0.35	0.0	0.0	0	0.436944444	2.4	1.2	10.5	0.6414489999999999
71898	15582	1	0	1	2	6	1	1.0	3	2014	11	6	4	8.916666667000001	34	1	0	0	525	0.166111111	0.072222222	0.1	0.0	0.0525	0.0	0	0.052777778	1.5	0.11	0.0	0.378947
71906	15583	0	4	4	5	1	1	1.0	3	2014	11	6	4	17.41666667	36	1	1	1	875	0.244722222	0.101944444	0.197222222	0.0	0.031111111	0.0	0	0.088055556	1.5	0.2	0.0	0.2681389999999999
71910	15583	1	2	4	3	1	1	1.0	3	2014	11	6	4	18.16666667	43	0	1	1	979	0.243333333	0.095833333	0.1625	0.0	0.041666667	0.0	0	0.080555556	1.5	0.19	0.0	0.2551719999999999
71936	15592	0	1	3	5	6	1	1.0	3	2014	11	7	5	8.666666667000001	41	1	1	0	2267	0.6280555560000001	0.189722222	0.322777778	0.0	0.186111111	0.0	0	0.163888889	1.5	0.45	0.0	0.118644
71984	15594	1	3	4	3	1	3	0.0	3	2014	11	7	5	18.75	14	0	0	2	2328	0.8652777779999999	0.304166667	0.090277778	0.05	0.113611111	0.15	1	0.198333333	1.25	0.65	0.0	0.329132
72023	15600	1	1	2	1	6	1	1.0	3	2014	11	7	5	18.0	39	0	1	0	8152	1.970555556	0.682222222	0.130277778	0.183333333	0.4725	0.133333333	1	0.5722222220000001	3.9	1.51	0.0	0.537379
72050	15608	0	2	1	3	1	5	0.0	3	2014	11	7	5	13.83333333	77	1	1	2	755	0.188333333	0.063055556	0.079722222	0.0	0.038333333	0.0	0	0.055555556	0.0	0.15	0.0	0.135
72068	15613	0	1	3	3	6	5	0.0	3	2014	11	7	5	16.5	65	1	1	0	6008	1.476388889	0.424166667	0.088055556	0.133333333	0.151666667	0.108333333	1	0.44	0.0	1.01	0.0	0.4393939999999999
72107	15620	2	0	4	1	1	5	0.0	3	2014	11	8	6	7.833333333	67	0	1	2	22140	4.906666667	1.5175	0.075555556	0.2666666669999999	0.604444444	0.3	2	0.981666667	0.0	3.56	0.0	0.455291
72119	15624	0	1	4	3	1	5	0.0	3	2014	11	8	6	13.0	71	1	1	1	5636	1.413055556	0.378055556	0.303333333	0.0	0.3958333329999999	0.0	0	0.270833333	0.0	1.0	0.0	0.164103
72134	15629	0	0	4	3	1	1	1.0	3	2014	11	8	6	16.0	59	1	1	1	3816	0.8452777779999999	0.298333333	0.070833333	0.0	0.195277778	0.0	0	0.2163888889999999	1.5	0.66	0.0	0.369705
72146	15633	1	1	4	5	1	1	1.0	3	2014	11	8	6	15.0	43	1	1	2	582	0.1425	0.036111111	0.036111111	0.0	0.033333333	0.0	0	0.033888889	1.5	0.1	0.0	0.213115
72158	15635	0	2	4	3	1	1	1.0	3	2014	11	9	7	20.0	31	0	1	2	4692	1.129722222	0.351111111	0.1975	0.0	0.265	0.0	0	0.195555556	1.5	0.71	0.0	0.153409
72170	15637	3	1	4	3	1	5	0.0	3	2014	11	9	7	22.5	6	0	0	2	16483	3.981388889	1.17	0.173333333	0.0	0.971111111	0.333333333	2	0.551666667	0.0	2.54	0.0	0.187815
72178	15640	1	0	4	3	1	5	0.0	3	2014	11	9	7	10.5	59	1	0	1	8325	2.234444444	0.656944444	0.250833333	0.083333333	0.433333333	0.15	1	0.341666667	0.0	1.46	0.0	0.100813
72186	15642	1	0	3	3	1	1	1.0	3	2014	11	9	7	15.0	52	1	1	1	13091	2.906666667	0.9225	0.308333333	0.5	0.0	0.0	0	0.6547222220000001	2.8	2.11	0.0	0.5205770000000001
72234	15653	0	1	3	2	1	1	1.0	3	2014	11	10	1	16.0	46	1	1	1	12629	2.851944444	1.012777778	0.0777777779999999	0.0	0.8263888890000001	0.1	1	0.571944444	3.0	2.04	0.0	0.432249
72238	15653	3	1	3	2	1	3	0.0	3	2014	11	10	1	15.16666667	13	0	0	1	4499	1.213333333	0.400555556	0.273333333	0.0	0.221944444	0.0	0	0.245555556	0.0	0.8	0.0	0.28733
72254	15658	0	1	3	3	6	1	1.0	3	2014	11	10	1	23.0	39	1	1	0	6079	1.335555556	0.3958333329999999	0.1719444439999999	0.0	0.295555556	0.0	0	0.295277778	1.5	0.86	0.0	0.379116
72289	15666	3	0	4	2	2	3	0.0	3	2014	11	10	1	7.75	13	0	0	1	5610	1.4225	0.530833333	0.1072222219999999	0.0	0.311111111	0.0	0	0.255	0.0	0.86	0.0	0.432462
72301	15668	1	1	1	3	1	5	0.0	3	2014	11	10	1	11.75	61	0	1	1	439	0.155	0.047222222	0.031666667	0.0	0.04	0.0	0	0.033333333	0.0	0.1	0.0	0.00833333
72309	15670	0	1	4	2	1	1	1.0	3	2014	11	11	2	8.166666667000001	41	1	1	1	1071	0.276666667	0.090833333	0.185833333	0.0	0.066666667	0.0	0	0.0855555559999999	1.5	0.21	0.0	0.308442
72315	15670	1	3	4	2	1	1	1.0	3	2014	11	11	2	16.16666667	36	0	1	1	1071	0.276666667	0.090833333	0.185833333	0.0	0.091666667	0.0	0	0.0872222219999999	1.5	0.21	0.0	0.203822
72323	15671	0	6	4	4	1	1	1.0	3	2014	11	11	2	23.0	48	0	1	1	3714	1.100555556	0.352222222	0.380555556	0.0	0.133333333	0.0	0	0.194444444	1.5	0.79	0.0	0.0371429
72333	15671	5	0	3	2	1	3	0.0	3	2014	11	11	2	7.5	14	0	0	1	5222	1.4191666669999998	0.52	0.180833333	0.0	0.486388889	0.163333333	1	0.302777778	0.0	0.94	0.0	0.1807339999999999
72360	15674	1	2	1	5	1	1	1.0	3	2014	11	11	2	12.75	51	1	0	1	424	0.106388889	0.039166667	0.046666667	0.0	0.026666667	0.0	0	0.031944444	1.5	0.08	0.0	0.382609
72372	15678	0	1	4	5	1	1	1.0	3	2014	11	11	2	13.0	39	1	1	2	1299	0.289722222	0.075555556	0.096666667	0.0	0.1	0.0	0	0.085	1.5	0.26	0.0	0.00980392
72377	15678	1	3	4	1	1	1	1.0	3	2014	11	11	2	17.5	53	1	1	2	11875	2.746666667	0.760277778	0.2713888889999999	0.233333333	0.3775	0.1222222219999999	1	0.647222222	3.9	2.46	0.0	0.5463520000000001
72400	15685	2	1	4	1	2	1	1.0	3	2014	11	11	2	20.0	54	0	1	2	9110	2.1983333330000003	0.6525	0.0608333329999999	0.0	0.7877777779999999	0.140555556	1	0.390555556	3.0	1.79	0.0	0.266714
72406	15689	0	0	1	2	6	1	1.0	3	2014	11	12	3	8.666666667000001	26	1	1	0	551	0.216111111	0.069722222	0.144444444	0.0	0.0	0.0	0	0.051388889	1.5	0.14	0.0	0.0
72432	15693	2	2	3	3	1	3	0.0	3	2014	11	12	3	15.5	11	0	0	1	1614	0.405277778	0.119444444	0.136666667	0.0	0.121944444	0.0	0	0.118888889	0.0	0.31	0.0	0.341121
72436	15693	3	3	4	3	1	5	0.0	3	2014	11	12	3	19.75	9	0	0	1	1614	0.404722222	0.121944444	0.111944444	0.0	0.102777778	0.0	0	0.1225	0.0	0.32	0.0	0.405896
72447	15696	1	0	3	1	6	1	1.0	3	2014	11	12	3	13.0	21	0	0	0	8543	2.069444444	0.686111111	0.29	0.2166666669999999	0.0	0.0	0	0.627777778	2.8	1.5	10.5	0.6969029999999999
72472	15701	0	2	4	2	1	1	1.0	3	2014	11	12	3	14.83333333	43	0	1	1	1286	0.315833333	0.0925	0.124444444	0.0	0.054444444	0.0	0	0.105	1.5	0.27	0.0	0.124339
72474	15701	0	4	4	5	1	1	1.0	3	2014	11	12	3	15.5	43	0	1	1	4609	1.217777778	0.332777778	0.2344444439999999	0.0	0.425277778	0.0	0	0.2975	1.5	0.95	0.0	0.236228
72484	15701	3	1	4	5	1	3	0.0	3	2014	11	12	3	15.5	13	0	0	1	4609	1.217777778	0.332777778	0.2344444439999999	0.0	0.425277778	0.0	0	0.2975	0.0	0.95	0.0	0.236228
72495	15703	1	1	4	3	1	1	1.0	3	2014	11	12	3	18.75	45	0	1	1	2949	0.7252777779999999	0.211666667	0.210833333	0.0	0.15	0.0	0	0.150833333	1.5	0.49	0.0	0.1362799999999999
72516	15706	0	4	2	2	6	1	1.0	3	2014	11	13	4	15.5	46	1	0	0	609	0.159444444	0.05	0.054166667	0.0	0.053333333	0.0	0	0.033611111	1.5	0.1	0.0	0.371901
72517	15706	1	0	2	2	6	5	0.0	3	2014	11	13	4	7.833333333	7	1	0	0	609	0.158888889	0.045833333	0.028333333	0.0	0.066666667	0.0	0	0.037222222	0.0	0.1	0.0	0.298507
72529	15709	0	3	4	3	2	1	1.0	3	2014	11	13	4	20.0	54	1	1	2	4293	1.094444444	0.320555556	0.363611111	0.066666667	0.0	0.0	0	0.198611111	2.1	0.69	0.0	0.0881118999999999
72536	15710	1	2	2	3	6	4	1.0	3	2014	11	13	4	16.16666667	41	0	0	0	2738	0.666944444	0.195555556	0.260833333	0.0	0.3875	0.0	0	0.251388889	1.5	0.62	0.0	0.300552
72539	15710	2	3	2	3	6	5	0.0	3	2014	11	13	4	18.0	7	0	0	0	2738	0.686111111	0.2163888889999999	0.253055556	0.0	0.259722222	0.0	0	0.190277778	0.0	0.51	0.0	0.261314
72542	15711	1	0	3	2	1	2	0.0	3	2014	11	13	4	7.5	16	0	0	2	11322	2.7775	0.8855555559999999	0.21	0.3833333329999999	0.166944444	0.2166666669999999	2	0.707777778	1.45	2.07	0.0	0.519231
72568	15715	1	0	1	2	6	1	1.0	3	2014	11	13	4	8.5	38	0	0	0	547	0.141666667	0.047222222	0.1222222219999999	0.0	0.0119444439999999	0.0	0	0.061944444	1.5	0.13	0.0	0.0538117
72573	15715	3	0	1	2	6	5	0.0	3	2014	11	13	4	8.5	9	1	0	0	547	0.141666667	0.047222222	0.1222222219999999	0.0	0.0119444439999999	0.0	0	0.061944444	0.0	0.13	0.0	0.0538117
72618	15726	1	0	3	1	6	1	1.0	3	2014	11	13	4	6.0	30	1	1	0	16439	3.945	1.254444444	0.379166667	0.4	0.0	0.0	0	0.723333333	4.0	2.46	0.0	0.261521
72658	15734	3	2	4	3	1	5	0.0	3	2014	11	14	5	11.58333333	5	1	0	2	1119	0.305277778	0.1005555559999999	0.177777778	0.0	0.078333333	0.0	0	0.100277778	0.0	0.26	0.0	0.174515
72695	15743	0	7	4	2	1	1	1.0	3	2014	11	14	5	15.58333333	28	1	1	2	1014	0.4483333329999999	0.1255555559999999	0.378611111	0.0	0.026388889	0.0	0	0.076666667	1.5	0.27	0.0	0.0108696
72742	15753	2	0	4	3	1	3	0.0	3	2014	11	15	6	14.5	11	0	0	2	727	0.213333333	0.076944444	0.129722222	0.0	0.048055556	0.0	0	0.0872222219999999	0.0	0.2	0.0	0.55414
72824	15775	1	0	4	3	6	5	0.0	3	2014	11	16	7	10.25	7	1	0	0	817	0.215833333	0.079722222	0.026666667	0.0	0.1041666669999999	0.0	0	0.064444444	0.0	0.16	0.0	0.0905172
72869	15785	0	3	3	3	6	5	0.0	3	2014	11	17	1	15.5	76	1	0	0	1120	0.353888889	0.145	0.076944444	0.0	0.093611111	0.0	0	0.133611111	0.0	0.38	0.0	0.286902
72918	15793	3	1	3	2	2	3	0.0	3	2014	11	18	2	15.5	12	0	0	2	6013	1.586388889	0.588888889	0.149444444	0.0	0.675277778	0.072222222	1	0.403888889	0.0	0.99	0.0	0.3995869999999999
72933	15797	0	1	1	5	6	1	1.0	3	2014	11	18	2	11.0	35	0	1	0	5657	1.291388889	0.426666667	0.200833333	0.2	0.0	0.0	0	0.409722222	2.4	0.94	10.5	0.5891529999999999
72944	15799	1	0	3	2	6	3	0.0	3	2014	11	18	2	8.083333332999999	12	0	0	0	2020	0.523611111	0.179166667	0.063611111	0.0	0.211111111	0.0	0	0.2	0.0	0.44	0.0	0.529167
72955	15800	2	1	3	2	6	5	0.0	3	2014	11	18	2	15.5	9	0	0	0	1756	0.435555556	0.121111111	0.128055556	0.0	0.128055556	0.0	0	0.1925	0.0	0.35	0.0	0.292929
72965	15802	1	3	4	2	2	4	0.5	3	2014	11	18	2	22.0	26	1	0	1	4976	1.31	0.384444444	0.1016666669999999	0.0	0.441111111	0.0711111109999999	1	0.2375	1.5	0.85	0.0	0.233918
72987	15806	1	6	4	3	1	5	0.0	3	2014	11	18	2	20.5	41	1	1	1	3130	0.805	0.294722222	0.148333333	0.0	0.252777778	0.0	0	0.206111111	0.0	0.62	0.0	0.278976
72988	15806	1	7	4	3	1	5	0.0	3	2014	11	18	2	0.5	41	1	1	1	3130	0.792222222	0.260555556	0.1591666669999999	0.0	0.276111111	0.0	0	0.178333333	0.0	0.59	0.0	0.297508
72991	15806	2	3	4	3	1	5	0.0	3	2014	11	18	2	20.5	7	0	0	1	3130	0.805	0.294722222	0.148333333	0.0	0.252777778	0.0	0	0.206111111	0.0	0.62	0.0	0.278976
73062	15824	0	5	3	3	6	4	0.5	3	2014	11	19	3	23.5	18	1	0	0	6190	1.750277778	0.5744444439999999	0.055833333	0.133333333	0.094444444	0.1411111109999999	1	0.418333333	2.35	1.15	0.0	0.460823
73066	15824	3	0	3	2	6	4	0.5	3	2014	11	19	3	10.0	19	1	1	0	3927	0.995	0.312777778	0.237777778	0.0	0.4069444439999999	0.0	0	0.2847222219999999	0.75	0.78	0.0	0.274146
73074	15827	0	2	3	3	6	1	1.0	3	2014	11	19	3	20.0	28	0	0	0	2372	0.5427777779999999	0.153888889	0.0436111109999999	0.0	0.215	0.0	0	0.134166667	1.5	0.36	0.0	0.2484469999999999
73098	15832	2	1	4	2	1	5	0.0	3	2014	11	20	4	15.41666667	5	1	0	2	1391	0.360277778	0.134722222	0.0847222219999999	0.0	0.118333333	0.0	0	0.0841666669999999	0.0	0.3	0.0	0.138614
73117	15835	0	0	3	4	6	1	1.0	3	2014	11	20	4	9.25	23	1	1	0	2917	0.789444444	0.306666667	0.195555556	0.0	0.35	0.0	0	0.292777778	1.5	0.63	0.0	0.604364
73175	15851	0	0	3	4	6	1	1.0	3	2014	11	21	5	17.25	54	0	0	0	6895	1.720555556	0.523888889	0.1172222219999999	0.2	0.116111111	0.095833333	1	0.4458333329999999	3.9	1.16	10.5	0.666044
73223	15859	2	0	3	2	1	2	0.0	3	2014	11	21	5	7.25	17	1	0	1	3544	0.9375	0.271944444	0.13	0.0	0.261944444	0.1	1	0.183611111	0.0	0.62	0.0	0.251135
73286	15871	1	0	4	4	1	1	1.0	3	2014	11	22	6	8.75	55	1	1	2	1699	0.5325	0.201388889	0.2469444439999999	0.0	0.1186111109999999	0.0	0	0.123055556	1.5	0.38	0.0	0.0586906999999999
73288	15871	1	2	4	4	1	1	1.0	3	2014	11	22	6	10.03333333	55	1	1	2	1699	0.5325	0.201388889	0.2469444439999999	0.0	0.1375	0.0	0	0.123333333	1.5	0.38	0.0	0.0518018
73291	15871	1	5	4	4	1	1	1.0	3	2014	11	22	6	11.83333333	55	1	1	2	1699	0.508611111	0.157222222	0.2625	0.0	0.15	0.0	0	0.123055556	1.5	0.37	0.0	0.0519187
73315	15876	0	7	4	3	1	1	1.0	3	2014	11	22	6	16.5	44	0	1	1	1493	0.361388889	0.103888889	0.216944444	0.0	0.128611111	0.0	0	0.121111111	1.5	0.35	0.0	0.169725
73319	15876	1	0	4	3	1	5	0.0	3	2014	11	22	6	14.5	41	1	1	1	1493	0.395	0.135555556	0.245	0.0	0.140277778	0.0	0	0.096666667	0.0	0.28	0.0	0.0488505999999999
73347	15880	1	3	3	5	1	3	0.0	3	2014	11	23	7	14.75	15	1	0	2	1161	0.255	0.105555556	0.049166667	0.0	0.083333333	0.0	0	0.0777777779999999	0.0	0.28	0.0	0.146429
73372	15883	2	0	4	3	2	5	0.0	3	2014	11	23	7	8.75	5	1	0	1	1772	0.489722222	0.183333333	0.2188888889999999	0.0	0.1	0.0	0	0.093333333	0.0	0.28	0.0	0.047619
73416	15896	1	3	4	3	2	1	1.0	3	2014	11	23	7	22.0	55	1	1	2	2957	0.775277778	0.227777778	0.086944444	0.183333333	0.1166666669999999	0.083333333	1	0.148333333	3.0	0.46	0.0	0.0692883999999999
73446	15900	3	1	4	2	1	5	0.0	3	2014	11	24	1	15.5	10	1	0	1	4360	1.074722222	0.311666667	0.327222222	0.0	0.166666667	0.0	0	0.200833333	0.0	0.73	0.0	0.260028
73463	15905	0	1	3	2	1	4	1.0	3	2014	11	24	1	16.5	35	0	1	2	5276	1.247777778	0.486388889	0.226666667	0.0	0.488888889	0.0	0	0.462222222	1.5	1.14	10.5	0.6496390000000001
73491	15916	0	0	2	3	1	5	0.0	3	2014	11	24	1	9.5	60	1	1	2	622	0.153611111	0.037222222	0.1025	0.0	0.0252777779999999	0.0	0	0.032222222	0.0	0.1	0.0	0.12069
73500	15919	1	0	3	4	6	1	1.0	3	2014	11	24	1	8.0	35	1	0	0	5595	1.3588888890000002	0.381111111	0.189444444	0.0	0.290277778	0.0	0	0.340555556	1.5	0.95	0.0	0.45106
73510	15921	0	2	3	4	6	1	1.0	3	2014	11	24	1	20.91666667	46	1	1	0	2401	0.596111111	0.171111111	0.098611111	0.0	0.166666667	0.0	0	0.140555556	1.5	0.38	0.0	0.00197628
73531	15926	2	1	4	1	1	1	1.0	3	2014	11	25	2	18.0	28	1	1	2	5781	1.288611111	0.378333333	0.159722222	0.0	0.248611111	0.133333333	1	0.247222222	3.0	0.85	0.0	0.170787
73535	15927	1	0	4	1	1	1	1.0	3	2014	11	25	2	5.75	53	0	1	1	12449	2.812777778	0.885	0.2	0.0	0.860833333	0.324722222	2	0.397222222	4.5	1.71	0.0	0.336364
73544	15927	3	4	3	3	1	4	0.0	3	2014	11	25	2	18.5	18	0	0	1	7516	1.812777778	0.588333333	0.210555556	0.0	0.56	0.0	0	0.386944444	0.0	1.23	0.0	0.325915
73553	15928	0	2	3	3	6	1	1.0	3	2014	11	25	2	18.83333333	49	1	1	0	16775	4.045	1.260555556	0.3775	0.75	0.0	0.15	1	0.675277778	2.8	3.3	0.0	0.359523
73556	15930	0	0	3	1	2	1	1.0	3	2014	11	25	2	7.5	45	0	1	2	14169	3.144444444	0.981111111	0.190555556	0.55	0.0	0.0	0	0.7869444440000001	3.3	1.96	10.5	0.705259
73577	15936	1	0	3	1	6	1	1.0	3	2014	11	25	2	15.66666667	38	1	0	0	6627	1.578055556	0.468888889	0.127777778	0.0	0.6333333329999999	0.0	0	0.4108333329999999	1.5	1.19	0.0	0.4313729999999999
73581	15937	1	0	3	3	6	5	0.0	3	2014	11	25	2	17.0	24	1	0	0	9425	2.358888889	0.648333333	0.244722222	0.166666667	0.554444444	0.143055556	1	0.555	0.0	1.67	0.0	0.325325
73608	15944	0	0	3	1	1	1	1.0	3	2014	11	25	2	6.766666667000001	39	0	1	1	10956	2.503611111	0.851666667	0.0711111109999999	0.1	0.616111111	0.118888889	1	0.715555556	3.9	1.92	0.0	0.767081
73618	15945	2	0	3	1	1	1	1.0	3	2014	11	25	2	9.0	29	0	0	1	21901	5.161111111	1.6302777780000002	0.3175	0.483333333	0.1166666669999999	0.2166666669999999	2	1.023333333	5.7	3.93	0.0	0.565689
73665	15956	0	2	4	3	1	1	1.0	3	2014	11	26	3	12.0	58	0	1	1	1433	0.379166667	0.088888889	0.119444444	0.0	0.199722222	0.0	0	0.095833333	1.5	0.27	0.0	0.026087
73671	15956	3	0	3	1	1	1	1.0	3	2014	11	26	3	8.0	28	1	1	1	16703	3.891944444	1.277222222	0.1772222219999999	0.5166666670000001	0.2666666669999999	0.2166666669999999	2	0.8925	5.4	2.67	0.0	0.713041
73675	15956	4	2	3	3	2	4	0.5	3	2014	11	26	3	15.5	22	0	0	1	10010	2.343333333	0.633611111	0.238611111	0.2666666669999999	0.2638888889999999	0.1166666669999999	1	0.4633333329999999	2.35	1.45	0.0	0.370504
73688	15961	0	1	1	5	6	5	0.0	3	2014	11	26	3	13.0	72	1	0	0	149	0.036666667	0.039722222	0.0	0.0	0.0075	0.0	0	0.010833333	0.0	0.02	0.0	0.230769
73706	15966	1	4	4	4	2	1	1.0	3	2014	11	26	3	14.25	45	0	1	1	6955	1.656111111	0.526388889	0.2425	0.166666667	0.129444444	0.141388889	1	0.528333333	3.79	1.13	0.0	0.628812
73733	15971	1	0	3	1	6	1	1.0	3	2014	11	26	3	7.5	27	1	0	0	1741	0.422777778	0.140833333	0.151944444	0.0	0.095277778	0.0	0	0.094722222	1.5	0.27	0.0	0.208211
73747	15973	3	1	1	2	1	5	0.0	3	2014	11	26	3	15.5	6	0	0	1	505	0.1191666669999999	0.041111111	0.096388889	0.0	0.021666667	0.0	0	0.048333333	0.0	0.12	0.0	0.143678
73756	15975	1	1	3	4	1	1	1.0	3	2014	11	26	3	17.0	54	0	1	1	17013	4.2425	1.380555556	0.116111111	0.466666667	0.4952777779999999	0.3	3	1.125277778	6.9	3.46	0.0	0.565046
73769	15978	1	0	3	1	6	1	1.0	3	2014	11	26	3	7.0	25	0	0	0	8319	1.980277778	0.621111111	0.306944444	0.416666667	0.0	0.0	0	0.5116666670000001	3.3	1.37	10.5	0.594463
73776	15979	1	1	4	1	2	1	1.0	3	2014	11	27	4	18.5	58	1	1	1	1921	0.443611111	0.106111111	0.066666667	0.0	0.12	0.0	0	0.126388889	1.5	0.29	0.0	0.369231
73799	15985	0	2	4	3	1	1	1.0	3	2014	11	27	4	14.75	37	1	1	2	3756	1.125277778	0.4169444439999999	0.117777778	0.1	0.1625	0.165277778	1	0.1913888889999999	3.4	0.7	0.0	0.0928881999999999
73800	15985	0	3	4	3	1	1	1.0	3	2014	11	27	4	15.16666667	37	1	1	2	3756	1.071388889	0.2691666669999999	0.1580555559999999	0.0	0.366666667	0.183333333	1	0.1794444439999999	3.0	0.66	0.0	0.0990712
73829	15990	3	0	4	2	2	5	0.0	3	2014	11	28	5	8.5	5	1	0	2	2397	0.653333333	0.220833333	0.257777778	0.0	0.202777778	0.0	0	0.220555556	0.0	0.49	0.0	0.390428
73844	15994	0	0	3	1	6	1	1.0	3	2014	11	28	5	8.666666667000001	25	1	0	0	4102	1.047777778	0.378333333	0.231666667	0.0	0.478055556	0.0	0	0.346111111	1.5	0.77	0.0	0.497592
73849	15994	0	6	4	3	6	1	1.0	3	2014	11	28	5	1.666666667	25	1	0	0	3752	0.865833333	0.244722222	0.124722222	0.0	0.252222222	0.0	0	0.178333333	1.5	0.55	0.0	0.235202
73868	15998	1	2	4	2	2	1	1.0	3	2014	11	28	5	16.25	40	1	1	1	1915	0.500277778	0.153611111	0.1891666669999999	0.0	0.280833333	0.0	0	0.138333333	1.5	0.31	0.0	0.212851
73904	16003	0	0	3	3	6	5	0.0	3	2014	11	28	5	10.0	46	1	0	0	4509	1.0786111109999998	0.359166667	0.079444444	0.0	0.351666667	0.0	0	0.2419444439999999	0.0	0.74	0.0	0.332951
73907	16003	1	1	3	2	6	3	0.0	3	2014	11	28	5	15.66666667	14	1	0	0	1658	0.409166667	0.138888889	0.086388889	0.0	0.1575	0.0	0	0.135833333	0.0	0.31	0.0	0.257669
73910	16005	0	0	3	1	6	1	1.0	3	2014	11	28	5	7.833333333	23	1	0	0	11667	2.864444444	0.894444444	0.213611111	0.5	0.0	0.0	0	0.8725	3.3	2.12	10.5	0.6561600000000001
73945	16012	0	0	3	4	6	4	0.5	3	2014	11	29	6	12.5	21	1	0	0	6196	1.435277778	0.557777778	0.2491666669999999	0.233333333	0.0	0.1166666669999999	1	0.4458333329999999	1.6	1.1	10.5	0.8361370000000001
73954	16015	0	3	4	3	1	5	0.0	3	2014	11	29	6	15.91666667	68	0	1	2	1930	0.494166667	0.141666667	0.166388889	0.0	0.105277778	0.0	0	0.126944444	0.0	0.43	0.0	0.0787746
73992	16023	0	3	4	5	1	5	0.0	3	2014	11	29	6	14.01666667	71	1	1	2	4091	1.018888889	0.31	0.1744444439999999	0.133333333	0.2666666669999999	0.166666667	1	0.2444444439999999	0.0	0.74	0.0	0.284091
73994	16023	0	7	4	3	1	5	0.0	3	2014	11	29	6	16.0	71	1	1	2	6941	1.776388889	0.520833333	0.273611111	0.183333333	0.095277778	0.156944444	1	0.372222222	0.0	1.18	0.0	0.33209
74000	16024	1	1	4	5	1	1	1.0	3	2014	11	29	6	14.0	30	1	1	1	3446	0.901388889	0.265555556	0.094722222	0.0	0.310555556	0.0	0	0.2738888889999999	1.5	0.74	0.0	0.2434079999999999
74016	16029	0	5	2	5	6	1	1.0	3	2014	11	29	6	20.66666667	51	1	1	0	1123	0.276666667	0.114444444	0.1191666669999999	0.0	0.0777777779999999	0.0	0	0.091666667	1.5	0.2	0.0	0.230303
74020	16030	1	2	4	3	2	5	0.0	3	2014	11	30	7	16.5	67	1	1	1	3190	0.733888889	0.228055556	0.156944444	0.0	0.1925	0.0	0	0.195	0.0	0.44	0.0	0.233618
74024	16031	1	1	4	5	1	1	1.0	3	2014	11	30	7	19.66666667	19	0	1	2	3662	0.947222222	0.3175	0.114166667	0.0	0.4119444439999999	0.0	0	0.181388889	1.5	0.62	0.0	0.102603
74064	16039	0	0	4	3	2	1	1.0	3	2014	11	30	7	11.5	30	0	1	2	2093	0.483888889	0.169722222	0.24	0.0	0.135277778	0.0	0	0.138888889	1.5	0.29	0.0	0.484
74065	16039	0	1	4	3	2	1	1.0	3	2014	11	30	7	12.0	30	0	1	2	2093	0.472777778	0.164444444	0.253055556	0.0	0.1475	0.0	0	0.140277778	1.5	0.3	0.0	0.314851
74067	16040	0	3	4	3	1	5	0.0	3	2014	12	1	1	15.33333333	71	0	1	2	6254	1.613333333	0.522222222	0.151666667	0.0	0.465277778	0.106111111	1	0.370833333	0.0	1.12	0.0	0.295131
74079	16042	1	2	4	3	1	1	1.0	3	2014	12	1	1	16.08333333	35	1	1	1	2371	0.563888889	0.2213888889999999	0.04	0.0	0.1694444439999999	0.066666667	1	0.1422222219999999	3.0	0.42	0.0	0.134766
74080	16042	2	0	3	1	1	4	1.0	3	2014	12	1	1	7.5	18	0	0	1	21473	5.016666667	1.6705555559999998	0.446388889	0.6166666670000001	0.0	0.316666667	3	1.269722222	2.4	3.76	0.0	0.452636
74084	16044	0	0	3	1	6	1	1.0	3	2014	12	1	1	4.0	40	1	0	0	9003	2.129722222	0.774444444	0.187777778	0.0	0.4058333329999999	0.0	0	0.2688888889999999	1.5	1.4	0.0	0.0785124
74087	16044	1	1	3	1	6	1	1.0	3	2014	12	1	1	9.5	22	0	0	0	9003	2.1	0.7597222220000001	0.1747222219999999	0.0	0.4769444439999999	0.0	0	0.370555556	1.5	1.5	0.0	0.492504
74140	16057	0	1	2	5	6	5	0.0	3	2014	12	1	1	16.16666667	67	0	1	0	7226	1.695277778	0.597777778	0.105	0.0	0.483333333	0.0	0	0.401944444	0.0	1.15	0.0	0.36973
74152	16059	0	2	4	5	1	1	1.0	3	2014	12	1	1	13.66666667	41	0	1	1	1723	0.496944444	0.161944444	0.1186111109999999	0.0	0.180555556	0.0	0	0.2163888889999999	1.5	0.59	0.0	0.328626
74185	16064	0	4	4	5	1	1	1.0	3	2014	12	2	2	14.5	47	1	1	1	3552	0.905277778	0.2847222219999999	0.250555556	0.0	0.308888889	0.0	0	0.222222222	1.5	0.71	0.0	0.33625
74194	16064	0	14	4	3	1	1	1.0	3	2014	12	2	2	20.51666667	47	1	1	1	2779	0.778333333	0.300555556	0.170833333	0.0	0.155833333	0.0	0	0.1275	1.5	0.48	0.0	0.0392157
74201	16064	3	0	4	2	1	5	0.0	3	2014	12	2	2	8.333333332999999	10	1	0	1	2106	0.617777778	0.182222222	0.4377777779999999	0.0	0.083333333	0.0	0	0.139444444	0.0	0.46	0.0	0.183267
74202	16064	3	1	4	5	1	5	0.0	3	2014	12	2	2	15.33333333	10	1	0	1	894	0.241388889	0.066111111	0.157222222	0.0	0.0358333329999999	0.0	0	0.054166667	0.0	0.17	0.0	0.0358973999999999
74211	16065	1	0	3	4	2	1	1.0	3	2014	12	2	2	7.25	44	0	1	2	18099	4.091666667	1.176111111	0.178055556	0.466666667	0.064722222	0.166666667	1	1.083055556	6.59	2.49	10.5	0.674275
74218	16065	3	0	1	2	2	5	0.0	3	2014	12	2	2	8.5	7	0	0	2	700	0.2288888889999999	0.059722222	0.091944444	0.0	0.0388888889999999	0.0	0	0.043888889	0.0	0.13	0.0	0.0443038
74229	16067	2	1	3	2	1	3	0.0	3	2014	12	2	2	15.75	15	1	0	1	6777	1.554444444	0.451944444	0.190555556	0.0	0.571944444	0.0	0	0.368888889	0.0	1.1	0.0	0.185994
74239	16070	0	0	3	1	6	1	1.0	3	2014	12	2	2	8.0	45	0	1	0	3426	0.7636111109999999	0.220555556	0.0358333329999999	0.0	0.407222222	0.0	0	0.248055556	1.5	0.56	0.0	0.7771560000000001
74271	16075	0	1	4	1	5	1	1.0	3	2014	12	2	2	22.5	19	0	0	1	6849	1.598888889	0.513611111	0.151111111	0.0	0.416388889	0.0	0	0.313055556	1.5	1.27	0.0	0.503106
74273	16075	1	1	4	4	5	1	1.0	3	2014	12	2	2	16.5	42	0	1	1	6156	1.5169444440000002	0.550277778	0.068055556	0.183333333	0.55	0.1	1	0.376666667	3.0	1.4	0.0	0.4336279999999999
74289	16078	1	1	3	4	2	1	1.0	3	2014	12	2	2	17.0	44	1	1	2	17897	4.284722222	1.3691666669999998	0.096111111	0.5166666670000001	0.233333333	0.1166666669999999	1	1.165555556	5.4	2.6	10.5	0.618446
74296	16082	0	0	4	3	1	1	1.0	3	2014	12	3	3	11.5	59	0	1	2	3451	0.871944444	0.255277778	0.1963888889999999	0.0	0.283333333	0.183333333	1	0.1825	3.0	0.59	0.0	0.0563165999999999
74334	16089	1	2	4	3	1	5	0.0	3	2014	12	3	3	14.0	30	0	1	1	1554	0.426944444	0.178055556	0.253611111	0.0	0.070833333	0.0	0	0.178333333	0.0	0.45	0.0	0.1542059999999999
74335	16090	0	0	4	3	2	5	0.0	3	2014	12	3	3	10.0	63	0	1	1	1225	0.321111111	0.108333333	0.248055556	0.0	0.016666667	0.0	0	0.131111111	0.0	0.27	0.0	0.150424
74364	16095	1	1	3	4	2	1	1.0	3	2014	12	3	3	14.0	51	0	1	1	1621	0.413055556	0.237777778	0.1694444439999999	0.033333333	0.0	0.0	0	0.241111111	2.4	0.42	10.5	0.662442
74382	16097	1	0	3	1	6	1	1.0	3	2014	12	3	3	8.0	57	1	0	0	5906	1.3502777780000002	0.376111111	0.156111111	0.15	0.159444444	0.1166666669999999	1	0.3933333329999999	3.2	1.0	0.0	0.677966
74394	16098	1	3	3	3	1	1	1.0	3	2014	12	3	3	13.41666667	39	1	1	1	2805	0.718888889	0.231388889	0.068333333	0.0	0.183333333	0.0	0	0.136666667	1.5	0.45	0.0	0.25
74404	16101	0	3	4	3	1	1	1.0	3	2014	12	4	4	17.58333333	43	1	1	1	1055	0.304722222	0.079722222	0.158611111	0.0	0.046666667	0.0	0	0.090555556	1.5	0.23	0.0	0.2453989999999999
74419	16104	0	1	1	5	2	1	1.0	3	2014	12	4	4	12.16666667	63	1	1	2	349	0.074444444	0.040833333	0.024166667	0.0	0.073333333	0.0	0	0.0847222219999999	1.5	0.15	0.0	0.288525
74434	16106	3	2	4	3	1	5	0.0	3	2014	12	4	4	17.75	8	0	0	1	1418	0.3913888889999999	0.133888889	0.0922222219999999	0.0	0.188333333	0.0	0	0.120277778	0.0	0.32	0.0	0.0877598
74453	16109	0	2	1	5	6	1	1.0	3	2014	12	4	4	14.0	42	1	1	0	1225	0.3025	0.123333333	0.175555556	0.0	0.074444444	0.0	0	0.1422222219999999	1.5	0.31	10.5	0.7714840000000001
74460	16110	1	2	3	5	1	1	1.0	3	2014	12	4	4	14.5	46	1	0	1	1401	0.3775	0.102777778	0.2166666669999999	0.0	0.071944444	0.0	0	0.128888889	1.5	0.33	0.0	0.301724
74474	16111	3	0	3	2	1	3	0.0	3	2014	12	4	4	7.75	12	0	0	1	4067	1.033333333	0.342777778	0.234166667	0.0	0.368333333	0.0	0	0.292222222	0.0	0.88	0.0	0.357414
74489	16113	3	0	1	2	1	5	0.0	3	2014	12	4	4	8.666666667000001	6	0	0	1	543	0.146388889	0.0611111109999999	0.061388889	0.0	0.031111111	0.0	0	0.060277778	0.0	0.12	0.0	0.327189
74506	16116	1	0	1	3	1	1	1.0	3	2014	12	4	4	6.75	31	1	1	1	665	0.1747222219999999	0.047222222	0.093055556	0.0	0.026388889	0.0	0	0.0625	1.5	0.15	0.0	0.182222
74507	16116	1	1	3	5	1	1	1.0	3	2014	12	4	4	8.5	31	1	1	1	5853	1.456388889	0.483888889	0.141944444	0.2	0.0	0.166666667	1	0.473055556	5.2	1.17	10.5	0.780388
74509	16117	0	0	1	3	6	4	1.0	3	2014	12	4	4	7.75	50	1	1	0	1625	0.423888889	0.134722222	0.197777778	0.0	0.181666667	0.0	0	0.144166667	1.5	0.35	0.0	0.28131
74553	16126	0	3	1	3	6	4	1.0	3	2014	12	5	5	18.0	23	0	1	0	1149	0.333333333	0.12	0.190277778	0.016666667	0.0	0.0	0	0.1566666669999999	1.6	0.29	10.5	0.7003550000000001
74568	16129	3	0	3	2	1	5	0.0	3	2014	12	5	5	8.25	5	0	0	1	788	0.2488888889999999	0.086388889	0.182777778	0.0	0.05	0.0	0	0.084444444	0.0	0.25	0.0	0.0592105
74583	16131	1	1	4	3	1	1	1.0	3	2014	12	5	5	14.0	47	0	1	1	659	0.188333333	0.080277778	0.0991666669999999	0.0	0.055555556	0.0	0	0.103888889	1.5	0.24	0.0	0.379679
74593	16133	2	1	1	2	6	5	0.0	3	2014	12	5	5	15.61666667	7	1	0	0	190	0.111944444	0.039722222	0.075555556	0.0	0.025	0.0	0	0.054166667	0.0	0.12	0.0	0.158974
74617	16136	1	1	3	1	1	1	1.0	3	2014	12	5	5	21.33333333	33	1	1	1	12512	2.804722222	0.8461111109999999	0.143055556	0.416666667	0.0	0.0	0	0.7080555559999999	2.8	1.97	0.0	0.5539430000000001
74632	16138	1	13	4	3	1	1	1.0	3	2014	12	6	6	21.0	49	1	1	2	1300	0.325	0.1172222219999999	0.164166667	0.0	0.04	0.0	0	0.097222222	1.5	0.3	0.0	0.0742857
74640	16139	0	0	4	1	1	1	1.0	3	2014	12	6	6	8.0	47	1	0	1	2566	0.720833333	0.212777778	0.15	0.0	0.15	0.0	0	0.148333333	1.5	0.51	0.0	0.0636704
74651	16145	1	0	4	1	2	1	1.0	3	2014	12	6	6	11.0	48	1	1	1	3708	0.869166667	0.233888889	0.121388889	0.0	0.262222222	0.0	0	0.229722222	1.5	0.52	0.0	0.370012
74657	16146	2	1	4	3	3	3	0.0	3	2014	12	6	6	22.5	15	1	0	1	3835	0.987777778	0.353055556	0.147777778	0.0	0.417222222	0.1011111109999999	1	0.283055556	0.0	0.8	0.0	0.467125
74668	16149	0	4	1	5	1	5	0.0	3	2014	12	6	6	21.0	63	0	1	2	294	0.103888889	0.040277778	0.055	0.0	0.019166667	0.0	0	0.047777778	0.0	0.1	0.0	0.319767
74687	16156	1	1	3	5	6	1	1.0	3	2014	12	6	6	12.33333333	38	0	1	0	4233	1.010833333	0.330277778	0.074722222	0.133333333	0.0	0.0	0	0.253333333	1.5	0.96	0.0	0.41557
74700	16159	3	2	4	3	1	3	0.0	3	2014	12	7	7	14.66666667	14	1	0	1	1192	0.329444444	0.113888889	0.291388889	0.0	0.011111111	0.0	0	0.063611111	0.0	0.21	0.0	0.104803
74726	16167	0	0	4	3	1	5	0.0	3	2014	12	7	7	13.75	62	1	1	1	2852	0.715555556	0.230833333	0.126111111	0.0	0.339722222	0.0	0	0.240555556	0.0	0.65	0.0	0.3325639999999999
74731	16168	1	0	4	1	1	1	0.0	3	2014	12	7	7	9.0	35	0	1	1	4637	1.164444444	0.440555556	0.224444444	0.0	0.305277778	0.063888889	1	0.2347222219999999	0.0	0.75	0.0	0.221302
74746	16172	1	2	1	3	2	5	0.0	3	2014	12	7	7	11.5	79	0	1	2	267	0.078888889	0.020277778	0.056666667	0.0	0.016666667	0.0	0	0.113611111	0.0	0.23	0.0	0.337408
74794	16185	0	0	3	3	6	5	0.0	3	2014	12	8	1	9.5	79	1	0	0	1699	0.442222222	0.181666667	0.2738888889999999	0.0	0.1	0.0	0	0.079166667	0.0	0.29	0.0	0.512281
74800	16186	0	2	2	5	2	1	1.0	3	2014	12	8	1	8.5	40	0	1	1	6648	1.873333333	0.5508333329999999	0.160833333	0.333333333	0.081111111	0.083333333	1	0.566388889	4.4	1.12	10.5	0.663561
74804	16186	1	0	1	3	2	1	1.0	3	2014	12	8	1	12.83333333	40	1	1	1	1015	0.2666666669999999	0.082222222	0.1747222219999999	0.0	0.035555556	0.0	0	0.0608333329999999	1.5	0.14	0.0	0.0547945
74813	16187	1	1	1	3	1	1	1.0	3	2014	12	8	1	11.0	22	0	1	1	1145	0.348888889	0.148611111	0.1047222219999999	0.0	0.1	0.0	0	0.1066666669999999	1.5	0.25	0.0	0.132813
74816	16189	0	1	3	5	6	5	0.0	3	2014	12	8	1	10.58333333	91	1	0	0	1498	0.396111111	0.156944444	0.2125	0.05	0.0	0.0	0	0.142777778	0.0	0.31	0.0	0.322957
74840	16193	1	1	1	2	1	1	1.0	3	2014	12	8	1	14.16666667	23	0	1	1	480	0.14	0.068055556	0.1047222219999999	0.0	0.033333333	0.0	0	0.0627777779999999	1.5	0.14	10.5	0.681416
74849	16195	0	0	4	3	2	5	0.0	3	2014	12	9	2	11.0	79	0	1	1	719	0.1866666669999999	0.059166667	0.061944444	0.0	0.038055556	0.0	0	0.0502777779999999	0.0	0.12	0.0	0.0773481
74859	16199	4	0	1	2	1	5	0.0	3	2014	12	9	2	8.333333332999999	10	1	0	1	422	0.206388889	0.063055556	0.1025	0.0	0.039722222	0.0	0	0.054444444	0.0	0.15	0.0	0.1479589999999999
74867	16201	0	0	4	3	1	1	1.0	3	2014	12	9	2	10.0	62	1	0	1	6004	1.4313888890000002	0.443888889	0.183333333	0.0	0.283333333	0.0	0	0.2713888889999999	1.5	0.92	0.0	0.1340839999999999
74869	16201	1	2	4	3	1	1	1.0	3	2014	12	9	2	10.0	40	1	1	1	6004	1.4313888890000002	0.443888889	0.183333333	0.0	0.283333333	0.0	0	0.2713888889999999	1.5	0.92	0.0	0.1340839999999999
74874	16201	3	1	4	5	1	1	1.0	3	2014	12	9	2	7.85	36	1	1	1	12271	2.9280555560000003	0.888333333	0.088888889	0.3	0.25	0.208333333	2	0.789444444	6.6	2.36	0.0	0.5038699999999999
74880	16202	1	0	3	2	2	3	0.0	3	2014	12	9	2	7.5	13	0	0	2	3159	0.802222222	0.210277778	0.2175	0.0	0.3444444439999999	0.0	0	0.1472222219999999	0.0	0.44	0.0	0.175472
74889	16204	0	4	3	4	1	1	1.0	3	2014	12	9	2	19.0	56	0	1	1	10562	2.365555556	0.747222222	0.126944444	0.0	0.8272222220000001	0.061666667	1	0.6319444439999999	3.0	1.76	0.0	0.563077
74902	16206	0	1	3	1	6	1	1.0	3	2014	12	9	2	17.0	58	0	0	0	1148	0.327777778	0.144166667	0.1041666669999999	0.083333333	0.0	0.0	0	0.194444444	1.7	0.49	0.0	0.402857
74917	16208	2	0	3	2	1	2	0.0	3	2014	12	9	2	6.333333333	16	1	0	1	6232	1.4522222219999998	0.478611111	0.215555556	0.1166666669999999	0.056944444	0.133333333	1	0.265277778	1.25	0.97	0.0	0.163351
74922	16209	0	1	4	1	2	1	1.0	3	2014	12	10	3	15.25	43	1	1	2	1447	0.3375	0.1005555559999999	0.068055556	0.0	0.127222222	0.0	0	0.0925	1.5	0.21	0.0	0.012012
74929	16210	1	3	4	5	2	1	1.0	3	2014	12	10	3	11.5	48	0	1	2	5623	1.416666667	0.4683333329999999	0.173333333	0.0	0.466666667	0.0	0	0.25	1.5	0.83	0.0	0.174444
74937	16211	2	3	1	3	6	2	0.0	3	2014	12	10	3	20.33333333	17	1	0	1	1246	0.2738888889999999	0.070833333	0.085833333	0.0	0.049166667	0.0	0	0.056111111	0.0	0.17	0.0	0.173267
74955	16215	0	4	2	3	6	1	1.0	3	2014	12	10	3	18.25	39	1	0	0	6223	1.495	0.521111111	0.131111111	0.166666667	0.3	0.083333333	1	0.469722222	3.9	1.11	0.0	0.56712
74983	16220	1	1	2	3	6	1	1.0	3	2014	12	10	3	9.25	44	0	0	0	1871	0.472222222	0.1425	0.071388889	0.0	0.179166667	0.091666667	1	0.1744444439999999	3.0	0.41	0.0	0.528662
75011	16226	0	3	1	5	1	1	1.0	3	2014	12	10	3	10.66666667	36	1	1	2	497	0.124166667	0.039444444	0.0675	0.0	0.0352777779999999	0.0	0	0.035555556	1.5	0.09	0.0	0.0546875
75035	16228	0	1	4	3	1	5	0.0	3	2014	12	11	4	14.83333333	77	1	1	1	3751	1.081666667	0.293888889	0.066388889	0.0	0.2144444439999999	0.0	0	0.167222222	0.0	0.66	0.0	0.156146
75100	16241	1	0	3	1	6	1	1.0	3	2014	12	11	4	8.5	33	0	1	0	7413	1.859444444	0.622222222	0.412222222	0.366666667	0.0	0.0	0	0.68	2.9	1.47	10.5	0.691585
75103	16242	0	1	4	5	1	1	1.0	3	2014	12	11	4	8.016666667	42	0	1	2	1618	0.455	0.1819444439999999	0.190555556	0.0	0.2	0.0	0	0.123888889	1.5	0.34	0.0	0.585202
75130	16245	3	0	2	2	1	5	0.0	3	2014	12	12	5	8.25	6	1	0	1	747	0.327222222	0.085277778	0.181666667	0.0	0.038611111	0.0	0	0.1022222219999999	0.0	0.29	0.0	0.146739
75147	16249	0	4	4	3	1	1	1.0	3	2014	12	12	5	16.0	53	1	1	2	1356	0.340555556	0.1022222219999999	0.200833333	0.0	0.063611111	0.0	0	0.06	1.5	0.2	0.0	0.101852
75158	16252	0	2	4	3	2	5	0.0	3	2014	12	12	5	14.5	69	0	1	2	2364	0.665	0.226944444	0.253611111	0.0	0.2	0.0	0	0.208333333	0.0	0.47	0.0	0.334667
75170	16256	0	0	4	1	2	1	1.0	3	2014	12	12	5	8.5	23	0	1	1	3058	0.8605555559999999	0.2822222219999999	0.093333333	0.0	0.429444444	0.0866666669999999	1	0.274444444	3.0	0.61	0.0	0.626518
75185	16260	0	1	3	5	6	1	1.0	3	2014	12	12	5	9.0	32	1	0	0	1689	0.409166667	0.181388889	0.170833333	0.0	0.126944444	0.0	0	0.152222222	1.5	0.37	0.0	0.142336
75192	16262	0	0	3	1	6	1	1.0	3	2014	12	12	5	8.5	33	0	1	0	6809	1.628888889	0.423888889	0.371388889	0.2666666669999999	0.0	0.0	0	0.466388889	3.3	1.13	0.0	0.643836
75203	16263	2	1	4	1	2	1	1.0	3	2014	12	12	5	17.5	25	1	0	1	3269	0.931111111	0.266944444	0.068611111	0.1166666669999999	0.316666667	0.083333333	1	0.212777778	3.2	0.56	0.0	0.368146
75208	16265	0	1	3	4	1	1	1.0	3	2014	12	12	5	16.0	37	1	1	2	8110	2.046111111	0.599444444	0.133333333	0.35	0.14	0.293333333	2	0.5786111110000001	3.2	1.63	0.0	0.383581
75218	16267	2	2	4	3	1	5	0.0	3	2014	12	12	5	16.0	5	1	0	1	1621	0.473055556	0.2047222219999999	0.161666667	0.0	0.149166667	0.0	0	0.116111111	0.0	0.31	0.0	0.0454545
75263	16277	1	4	4	3	2	1	1.0	3	2014	12	13	6	17.5	29	1	1	1	4476	1.048333333	0.358611111	0.123055556	0.2	0.1625	0.083333333	1	0.3325	3.9	0.7	0.0	0.4277359999999999
75290	16283	0	4	3	3	1	5	0.0	3	2014	12	13	6	20.0	66	1	1	2	9762	2.3144444440000003	0.749722222	0.166388889	0.35	0.163333333	0.25	2	0.528611111	0.0	1.8	0.0	0.447714
75304	16286	0	3	4	3	6	4	0.5	3	2014	12	13	6	20.25	24	0	1	0	4555	1.051111111	0.369166667	0.148611111	0.233333333	0.0	0.1166666669999999	1	0.388611111	1.6	0.81	0.0	0.649035
75352	16291	4	2	4	3	1	5	0.0	3	2014	12	14	7	13.5	5	1	0	1	1705	0.466111111	0.1397222219999999	0.166111111	0.0	0.118333333	0.0	0	0.185833333	0.0	0.47	0.0	0.264574
75372	16295	0	5	1	5	6	1	1.0	3	2014	12	14	7	17.66666667	32	0	0	0	933	0.2425	0.0705555559999999	0.0875	0.0	0.105	0.0	0	0.094722222	1.5	0.19	0.0	0.466276
75379	16295	1	5	1	5	6	1	1.0	3	2014	12	14	7	17.66666667	27	1	1	0	933	0.2425	0.0705555559999999	0.0875	0.0	0.105	0.0	0	0.094722222	1.5	0.19	0.0	0.466276
75386	16297	1	1	4	5	1	5	0.0	3	2014	12	14	7	12.33333333	61	1	0	1	4189	1.013888889	0.309166667	0.1719444439999999	0.15	0.291666667	0.1166666669999999	1	0.304722222	0.0	0.87	0.0	0.221513
75396	16299	3	0	3	3	6	5	0.0	3	2014	12	14	7	11.0	8	0	0	0	4284	1.0175	0.292777778	0.1722222219999999	0.05	0.150555556	0.088333333	1	0.2869444439999999	0.0	0.97	0.0	0.192643
75446	16311	0	1	4	4	1	1	1.0	3	2014	12	15	1	13.0	42	0	1	1	5327	1.230277778	0.321666667	0.275	0.2166666669999999	0.0	0.0	0	0.288333333	1.5	0.88	0.0	0.537572
75449	16313	0	0	4	1	2	5	0.0	3	2014	12	15	1	7.75	63	0	1	1	2420	0.555	0.1888888889999999	0.203055556	0.0	0.131388889	0.0	0	0.145	0.0	0.35	0.0	0.2432949999999999
75492	16320	0	1	4	1	1	1	1.0	3	2014	12	16	2	23.0	54	0	1	2	1527	0.4125	0.133611111	0.081944444	0.0	0.108333333	0.0	0	0.111666667	1.5	0.37	0.0	0.124378
75515	16324	0	2	4	3	3	5	0.0	3	2014	12	16	2	10.0	73	0	1	1	2261	0.624444444	0.156944444	0.125833333	0.0	0.25	0.083333333	1	0.135	0.0	0.5	0.0	0.298354
75516	16324	0	3	4	3	3	5	0.0	3	2014	12	16	2	11.16666667	73	0	1	1	2261	0.668055556	0.214722222	0.128888889	0.0	0.229166667	0.1166666669999999	1	0.164444444	0.0	0.47	0.0	0.180743
75517	16324	0	5	4	3	3	5	0.0	3	2014	12	16	2	14.0	73	0	1	1	600	0.178055556	0.065555556	0.143888889	0.0	0.041666667	0.0	0	0.064722222	0.0	0.17	0.0	0.2403429999999999
75518	16324	0	6	4	3	3	5	0.0	3	2014	12	16	2	18.75	73	0	1	1	7912	1.751111111	0.5161111110000001	0.148333333	0.0	0.3833333329999999	0.0	0	0.235555556	0.0	1.28	0.0	0.34434
75526	16325	0	1	3	3	6	5	0.0	3	2014	12	16	2	15.0	70	0	0	0	7298	1.681111111	0.528611111	0.0605555559999999	0.15	0.2844444439999999	0.3	2	0.462222222	0.0	1.45	0.0	0.48738
75563	16333	1	1	4	5	2	5	0.0	3	2014	12	17	3	13.0	10	0	0	2	3560	0.84	0.260833333	0.204166667	0.0	0.2094444439999999	0.0	0	0.262777778	0.0	0.57	0.0	0.219873
75567	16334	0	2	2	3	1	5	0.0	3	2014	12	17	3	15.5	74	0	1	1	3133	0.642222222	0.191111111	0.166944444	0.0	0.205555556	0.0	0	0.153611111	0.0	0.45	0.0	0.298373
75583	16338	0	2	4	3	6	1	1.0	3	2014	12	17	3	21.5	24	0	0	0	2352	0.5852777779999999	0.210833333	0.219722222	0.0	0.090277778	0.0	0	0.123055556	1.5	0.39	0.0	0.121896
75612	16344	0	3	3	3	6	1	1.0	3	2014	12	17	3	3.0	20	0	1	0	7674	1.713055556	0.6022222220000001	0.245277778	0.0	0.4375	0.0	0	0.390555556	1.5	1.27	0.0	0.309388
75618	16347	0	0	3	3	1	1	1.0	3	2014	12	17	3	8.5	29	1	1	1	3091	0.7252777779999999	0.272222222	0.138333333	0.0	0.488888889	0.0	0	0.310833333	1.5	0.68	0.0	0.630027
75638	16351	0	3	1	5	1	5	0.0	3	2014	12	18	4	13.6	81	1	1	1	567	0.156388889	0.048333333	0.077222222	0.0	0.031111111	0.0	0	0.036666667	0.0	0.11	0.0	0.4772729999999999
75647	16353	1	1	3	5	6	1	1.0	3	2014	12	18	4	8.083333332999999	40	0	0	0	10335	2.494722222	0.8897222220000001	0.085833333	0.466666667	0.0866666669999999	0.15	2	0.8894444440000001	4.4	1.93	10.5	0.835103
75655	16355	1	2	3	4	6	1	1.0	3	2014	12	18	4	15.5	35	1	0	0	2195	0.545277778	0.2188888889999999	0.2191666669999999	0.0	0.183333333	0.0	0	0.253333333	1.5	0.55	0.0	0.516447
75686	16362	1	0	3	1	6	1	1.0	3	2014	12	18	4	13.0	18	1	0	0	11504	2.576944444	0.887777778	0.164722222	0.35	0.0	0.133333333	1	0.8363888890000001	2.8	2.07	10.5	0.590834
75702	16365	0	9	1	2	6	4	0.5	3	2014	12	18	4	16.5	43	1	1	0	697	0.184166667	0.044722222	0.147777778	0.0	0.045277778	0.0	0	0.078055556	0.75	0.2	0.0	0.135231
75715	16366	1	6	4	5	1	5	0.0	3	2014	12	18	4	21.16666667	69	0	1	1	2378	0.648333333	0.203055556	0.237777778	0.0	0.126111111	0.123333333	1	0.130277778	0.0	0.42	0.0	0.202559
75718	16367	0	1	1	1	6	1	1.0	3	2014	12	18	4	19.0	33	1	0	0	477	0.13	0.0586111109999999	0.078055556	0.0	0.0233333329999999	0.0	0	0.056111111	1.5	0.11	0.0	0.638614
75748	16376	3	0	3	2	1	2	0.0	3	2014	12	19	5	8.25	16	1	0	1	2136	0.538333333	0.160555556	0.0866666669999999	0.0	0.099722222	0.0	0	0.0991666669999999	0.0	0.33	0.0	0.1512609999999999
75767	16380	0	3	3	3	6	5	0.0	3	2014	12	19	5	10.58333333	67	1	0	0	2954	0.723888889	0.239166667	0.1191666669999999	0.0	0.275	0.0	0	0.247777778	0.0	0.55	0.0	0.273543
75781	16383	1	1	3	1	6	1	1.0	3	2014	12	19	5	18.0	29	1	1	0	11723	2.713055556	0.8	0.172777778	0.466666667	0.0	0.1	1	0.875833333	3.3	2.04	10.5	0.670473
75792	16387	0	2	3	3	6	1	1.0	3	2014	12	19	5	23.0	28	0	0	0	7354	1.6108333330000002	0.5786111110000001	0.207777778	0.183333333	0.0	0.083333333	1	0.4758333329999999	2.4	1.29	0.0	0.624635
75794	16388	0	1	3	4	6	1	1.0	3	2014	12	20	6	11.0	36	0	1	0	20861	4.990833333	1.576388889	0.263333333	0.666666667	0.0	0.2666666669999999	2	0.99	5.4	3.17	0.0	0.589787
75807	16391	0	5	1	3	1	1	1.0	3	2014	12	20	6	16.75	24	0	1	1	1236	0.3913888889999999	0.130277778	0.110833333	0.0	0.091666667	0.0	0	0.117777778	1.5	0.3	0.0	0.375
75818	16394	1	0	3	3	6	1	1.0	3	2014	12	21	7	14.0	31	0	0	0	1829	0.421666667	0.140555556	0.0275	0.0	0.128611111	0.0	0	0.0975	1.5	0.27	0.0	0.373219
75820	16394	2	0	3	3	6	5	0.0	3	2014	12	21	7	14.0	5	1	0	0	1829	0.421666667	0.140555556	0.0275	0.0	0.128611111	0.0	0	0.0975	0.0	0.27	0.0	0.373219
75825	16395	1	2	4	5	6	1	1.0	3	2014	12	21	7	20.0	32	0	1	2	1288	0.397222222	0.136111111	0.126388889	0.0	0.1166666669999999	0.0	0	0.105555556	1.5	0.27	0.0	0.2394739999999999
75829	16397	0	1	2	3	6	5	0.0	3	2014	12	21	7	11.16666667	64	1	0	1	1402	0.345277778	0.0855555559999999	0.229722222	0.033333333	0.0	0.0	0	0.073333333	0.0	0.22	0.0	0.1136359999999999
75843	16400	0	0	3	3	6	1	0.5	3	2014	12	21	7	14.5	23	1	0	0	3086	0.8675	0.320277778	0.148888889	0.0	0.283333333	0.0	0	0.205555556	0.75	0.64	0.0	0.0743243
75846	16400	1	2	3	3	6	5	0.0	3	2014	12	21	7	16.0	6	0	0	0	3275	0.946666667	0.299722222	0.114444444	0.0	0.333333333	0.0	0	0.308611111	0.0	0.89	0.0	0.1053109999999999
75877	16406	2	0	3	3	1	1	1.0	3	2014	12	21	7	14.0	40	0	1	1	2715	0.716944444	0.242777778	0.193055556	0.1166666669999999	0.0	0.0	0	0.224166667	1.5	0.59	0.0	0.370508
75924	16417	1	0	4	3	1	1	1.0	3	2014	12	26	5	11.0	49	1	1	1	726	0.233888889	0.065833333	0.163055556	0.0	0.033333333	0.0	0	0.069166667	1.5	0.19	0.0	0.148594
75925	16417	1	2	4	3	1	1	1.0	3	2014	12	26	5	13.08333333	49	1	1	1	518	0.165	0.0433333329999999	0.138333333	0.0	0.029722222	0.0	0	0.045555556	1.5	0.13	0.0	0.0792683
75936	16419	0	2	1	3	2	1	1.0	3	2014	12	26	5	10.83333333	29	1	0	1	479	0.152222222	0.0388888889999999	0.0502777779999999	0.0	0.0866666669999999	0.0	0	0.0427777779999999	1.5	0.1	0.0	0.149351
75987	16429	1	3	4	3	1	1	1.0	3	2014	12	28	7	19.0	50	1	1	1	1539	0.404166667	0.115	0.226944444	0.0	0.05	0.0	0	0.113333333	1.5	0.3	0.0	0.183824
76021	16436	1	1	1	3	6	1	1.0	3	2014	12	29	1	15.41666667	22	1	0	0	474	0.126944444	0.033888889	0.030555556	0.0	0.047222222	0.0	0	0.054722222	1.5	0.1	0.0	0.1421319999999999
76033	16438	2	1	3	3	1	2	0.0	3	2014	12	29	1	22.0	16	0	0	1	15232	3.5775	1.144444444	0.140277778	0.5	0.166666667	0.083333333	1	0.695277778	1.4	2.33	0.0	0.460647
76035	16438	4	1	4	3	1	1	1.0	3	2014	12	29	1	22.25	19	0	0	1	2300	0.656944444	0.239166667	0.3238888889999999	0.0	0.079722222	0.0	0	0.110555556	1.5	0.43	0.0	0.0452261
76081	16448	7	2	3	3	6	5	0.0	3	2014	12	31	3	15.83333333	6	0	0	0	1341	0.305277778	0.0897222219999999	0.059444444	0.0	0.105833333	0.0	0	0.082777778	0.0	0.25	0.0	0.174497
76088	16451	1	0	1	4	6	4	1.0	3	2014	12	31	3	19.66666667	21	1	1	0	1436	0.3533333329999999	0.139166667	0.105833333	0.0	0.144444444	0.0	0	0.1255555559999999	1.5	0.27	0.0	0.674779
76109	16455	0	2	4	3	1	1	1.0	3	2015	1	1	4	15.5	48	0	1	2	640	0.190833333	0.04	0.122777778	0.0	0.013055556	0.0	0	0.039722222	1.5	0.13	0.0	0.0
76113	16456	1	1	4	3	1	5	0.0	3	2015	1	1	4	20.5	64	1	1	2	16114	3.952777778	1.193055556	0.364722222	0.75	0.0	0.166666667	1	0.635277778	0.0	2.49	0.0	0.2260599999999999
76114	16457	0	0	3	3	6	1	1.0	3	2015	1	1	4	13.0	32	1	0	0	4683	1.154444444	0.404166667	0.150555556	0.166666667	0.0633333329999999	0.079444444	1	0.333055556	3.0	0.82	0.0	0.295246
76118	16459	0	2	3	3	6	1	1.0	3	2015	1	1	4	21.0	37	0	1	0	2011	0.560277778	0.1925	0.2488888889999999	0.0	0.152222222	0.0	0	0.160833333	1.5	0.47	0.0	0.153713
76127	16464	3	0	1	3	2	1	1.0	3	2015	1	1	4	3.0	21	0	0	1	2041	0.53	0.148888889	0.433333333	0.0	0.0627777779999999	0.0	0	0.111388889	1.5	0.32	0.0	0.0598504
76130	16464	5	0	1	3	2	2	0.0	3	2015	1	1	4	3.0	17	0	0	1	2813	0.705277778	0.2444444439999999	0.228055556	0.0	0.135833333	0.0	0	0.144166667	0.0	0.44	0.0	0.152216
76137	16465	1	3	4	3	1	1	1.0	3	2015	1	1	4	13.5	50	0	1	1	6084	1.505555556	0.513611111	0.398611111	0.166666667	0.220833333	0.1166666669999999	1	0.393055556	3.0	1.19	0.0	0.384452
76140	16465	1	6	4	3	1	1	1.0	3	2015	1	1	4	18.25	50	0	1	1	3103	0.703333333	0.195833333	0.203333333	0.083333333	0.0	0.0	0	0.1891666669999999	1.5	0.51	0.0	0.531571
76212	16480	1	1	3	3	2	1	1.0	3	2015	1	3	6	16.0	34	1	1	1	8270	1.938611111	0.606944444	0.288055556	0.283333333	0.0	0.0	0	0.541388889	2.8	1.28	0.0	0.324782
76246	16493	0	0	4	3	1	1	1.0	3	2015	1	4	7	9.75	53	1	0	1	828	0.2625	0.089444444	0.085	0.0	0.0633333329999999	0.0	0	0.046666667	1.5	0.17	0.0	0.0892857
76310	16510	0	1	3	3	6	1	0.5	3	2015	1	5	1	14.0	44	1	0	0	10576	2.571666667	0.707777778	0.381388889	0.35	0.0	0.0	0	0.428333333	2.8	1.62	0.0	0.396239
76316	16514	1	0	3	1	2	1	1.0	3	2015	1	5	1	7.5	45	0	1	1	16569	3.846666667	1.028611111	0.130555556	0.45	0.1222222219999999	0.111111111	1	1.125	7.7	2.47	10.5	0.7679010000000001
76352	16520	0	7	4	4	1	1	1.0	3	2015	1	5	1	14.83333333	59	1	1	2	5227	1.240277778	0.369722222	0.052222222	0.0	0.594722222	0.087777778	1	0.295833333	3.0	0.85	0.0	0.185915
76357	16522	0	3	4	3	1	1	1.0	3	2015	1	5	1	9.033333333	33	1	1	1	1087	0.2894444439999999	0.118888889	0.162222222	0.0	0.0375	0.0	0	0.083333333	1.5	0.21	0.0	0.553333
76363	16522	1	1	3	1	1	1	1.0	3	2015	1	5	1	16.66666667	34	0	1	1	7956	2.048055556	0.846666667	0.123055556	0.133333333	0.533333333	0.133333333	1	0.6152777779999999	3.9	1.79	0.0	0.607223
76386	16525	1	1	3	5	6	1	1.0	3	2015	1	5	1	18.0	30	0	1	0	7201	1.721388889	0.618611111	0.061666667	0.0	0.565	0.16	1	0.544722222	3.0	1.25	0.0	0.812341
76404	16529	2	0	3	1	1	1	1.0	3	2015	1	6	2	9.0	56	1	1	1	19162	4.310277778000001	1.421944444	0.246111111	0.7333333329999999	0.0	0.133333333	1	1.28	6.7	3.41	10.5	0.689236
76414	16531	0	0	3	3	1	5	0.0	3	2015	1	6	2	9.5	65	0	0	1	14942	3.491388889	1.069166667	0.239166667	0.5166666670000001	0.0	0.083333333	1	0.7283333329999999	0.0	2.39	0.0	0.706331
76451	16539	0	2	4	4	1	1	1.0	3	2015	1	6	2	9.666666667	49	1	1	1	1245	0.313611111	0.0991666669999999	0.213888889	0.0	0.147777778	0.0	0	0.128333333	1.5	0.34	0.0	0.149351
76471	16542	0	1	1	3	1	5	0.0	3	2015	1	6	2	12.0	63	1	1	2	822	0.213333333	0.091944444	0.066944444	0.0	0.0461111109999999	0.0	0	0.065833333	0.0	0.16	0.0	0.00843882
76499	16549	1	0	1	2	1	1	1.0	3	2015	1	7	3	8.333333332999999	49	1	0	2	486	0.315	0.116388889	0.1325	0.0	0.083333333	0.0	0	0.0711111109999999	1.5	0.22	0.0	0.128906
76536	16556	0	0	1	3	1	1	1.0	3	2015	1	8	4	9.5	39	0	1	1	924	0.245555556	0.1255555559999999	0.119444444	0.0	0.067777778	0.0	0	0.089444444	1.5	0.21	0.0	0.313665
76542	16557	0	1	4	5	1	5	0.0	3	2015	1	8	4	11.75	67	1	1	1	4176	0.982777778	0.296666667	0.081944444	0.0	0.352777778	0.0	0	0.216944444	0.0	0.72	0.0	0.1549299999999999
76557	16561	2	1	1	2	2	3	0.0	3	2015	1	8	4	15.5	15	1	0	1	1493	0.599722222	0.165555556	0.190555556	0.0	0.12	0.0	0	0.1472222219999999	0.0	0.35	0.0	0.224528
76566	16564	0	1	4	2	1	1	1.0	3	2015	1	8	4	9.0	38	0	1	1	602	0.1769444439999999	0.0425	0.0575	0.0	0.06	0.0	0	0.05	1.5	0.15	0.0	0.194444
76581	16565	2	1	4	4	2	1	1.0	3	2015	1	8	4	15.5	25	0	1	1	6153	1.5075	0.457222222	0.397222222	0.133333333	0.113611111	0.1155555559999999	1	0.342222222	3.0	0.95	0.0	0.332792
76586	16566	1	0	4	1	1	1	1.0	3	2015	1	8	4	7.5	53	1	1	2	3330	0.8605555559999999	0.2663888889999999	0.068888889	0.0	0.503611111	0.15	1	0.151388889	3.0	0.57	0.0	0.2091739999999999
76638	16578	3	0	1	2	6	5	0.0	3	2015	1	9	5	8.5	9	1	0	0	384	0.1575	0.053055556	0.077222222	0.0	0.0430555559999999	0.0	0	0.0505555559999999	0.0	0.11	0.0	0.214286
76717	16601	0	3	3	5	6	1	1.0	3	2015	1	9	5	15.51666667	24	1	0	0	2476	0.535833333	0.158611111	0.083055556	0.0	0.171388889	0.0	0	0.189722222	1.5	0.44	0.0	0.392387
76726	16602	2	0	1	3	6	5	0.0	3	2015	1	9	5	15.0	60	1	0	0	535	0.148611111	0.0502777779999999	0.0861111109999999	0.0	0.0427777779999999	0.0	0	0.049722222	0.0	0.11	0.0	0.134078
76753	16610	1	0	1	3	2	5	0.0	3	2015	1	10	6	8.0	73	0	1	2	1101	0.353055556	0.145555556	0.1191666669999999	0.0	0.091666667	0.0	0	0.084444444	0.0	0.21	0.0	0.125
76789	16618	2	0	3	4	2	1	1.0	3	2015	1	10	6	7.0	23	1	0	1	15791	3.700833333	1.1675	0.172777778	0.5166666670000001	0.0	0.1166666669999999	1	0.6880555559999999	2.8	2.22	0.0	0.4840529999999999
76802	16621	0	3	4	5	2	1	1.0	3	2015	1	10	6	10.68333333	28	1	1	1	9495	2.054722222	0.540277778	0.1041666669999999	0.166666667	0.211666667	0.1	1	0.505	3.0	1.24	0.0	0.356436
76824	16625	1	1	3	3	6	5	0.0	3	2015	1	11	7	13.91666667	69	0	0	1	1498	0.359722222	0.1422222219999999	0.0611111109999999	0.0	0.1005555559999999	0.0	0	0.1047222219999999	0.0	0.25	0.0	0.896552
76825	16626	0	0	3	3	1	5	0.0	3	2015	1	11	7	11.5	68	0	1	1	5664	1.353611111	0.398611111	0.058888889	0.0	0.433333333	0.0	0	0.2975	0.0	0.99	0.0	0.260504
76873	16637	1	1	4	4	2	5	0.0	3	2015	1	12	1	14.0	63	0	1	2	6809	1.6705555559999998	0.456111111	0.276944444	0.0	0.4	0.0	0	0.261666667	0.0	1.15	0.0	0.2006369999999999
76921	16649	1	0	4	1	1	1	1.0	3	2015	1	12	1	8.5	54	1	1	1	4223	1.0175	0.297777778	0.078888889	0.0	0.394166667	0.0	0	0.254444444	1.5	0.8	0.0	0.633188
76933	16652	1	3	1	4	1	1	1.0	3	2015	1	13	2	21.5	46	1	1	1	1004	0.243611111	0.091666667	0.048333333	0.0	0.066666667	0.0	0	0.071944444	1.5	0.21	0.0	0.0424709999999999
76978	16661	0	0	3	1	6	1	0.0	3	2015	1	13	2	4.833333333	35	0	0	0	9800	2.547777778	0.814722222	0.168333333	0.316666667	0.211388889	0.1166666669999999	1	0.517777778	2.4	1.56	0.0	0.2296139999999999
76985	16663	0	1	3	3	6	1	1.0	3	2015	1	13	2	20.5	40	1	0	0	5906	1.384166667	0.603611111	0.0872222219999999	0.183333333	0.0	0.1	1	0.391666667	2.4	1.03	0.0	0.506383
76996	16665	0	2	4	4	1	5	0.0	3	2015	1	13	2	12.33333333	65	0	1	2	958	0.276111111	0.105	0.107777778	0.0	0.154722222	0.0	0	0.137777778	0.0	0.29	10.5	0.592742
77002	16667	0	1	4	5	1	5	0.0	3	2015	1	14	3	8.516666667	51	1	1	1	5735	1.534722222	0.486388889	0.245555556	0.166666667	0.083333333	0.15	1	0.373333333	0.0	1.15	0.0	0.370536
77051	16676	0	0	4	3	1	1	1.0	3	2015	1	14	3	17.75	49	0	1	1	3414	1.049166667	0.371944444	0.1022222219999999	0.0	0.296944444	0.194722222	1	0.222222222	3.0	0.71	0.0	0.11625
77062	16676	3	5	4	3	1	3	0.0	3	2015	1	14	3	19.16666667	12	1	0	1	3414	0.981111111	0.242777778	0.111388889	0.0	0.290555556	0.109444444	1	0.296944444	0.0	0.9	0.0	0.080449
77063	16677	0	0	3	1	6	1	1.0	3	2015	1	14	3	8.75	32	0	1	0	6979	1.677777778	0.575833333	0.2397222219999999	0.2666666669999999	0.0	0.066666667	1	0.5922222220000001	2.9	1.34	10.5	0.6796439999999999
77076	16679	0	1	4	1	1	1	1.0	3	2015	1	15	4	17.5	45	0	1	2	5584	1.407777778	0.4783333329999999	0.220833333	0.083333333	0.226666667	0.1	1	0.368888889	3.2	1.04	0.0	0.231928
77086	16682	0	0	4	3	1	5	0.0	3	2015	1	15	4	13.5	62	1	1	1	1156	0.298333333	0.115833333	0.138611111	0.0	0.1566666669999999	0.0	0	0.14	0.0	0.33	0.0	0.156746
77105	16687	3	1	4	4	1	1	1.0	3	2015	1	15	4	10.75	29	0	1	1	14226	3.346944444	1.164166667	0.096388889	0.0	1.182222222	0.1005555559999999	1	0.568333333	3.0	2.1	0.0	0.188661
77106	16687	3	2	4	4	1	1	1.0	3	2015	1	15	4	17.75	29	0	1	1	7797	2.136666667	0.72	0.316666667	0.0	0.459722222	0.1	1	0.330277778	3.0	1.37	0.0	0.0849453
77109	16689	0	0	2	1	1	1	1.0	3	2015	1	15	4	8.416666667000001	40	1	0	1	3487	0.921111111	0.2738888889999999	0.316388889	0.066666667	0.133611111	0.1	1	0.271666667	3.2	0.77	0.0	0.368098
77127	16692	1	2	4	3	1	1	1.0	3	2015	1	15	4	9.75	49	0	1	1	3664	0.8375	0.278888889	0.298888889	0.083333333	0.0	0.0	0	0.212222222	1.5	0.71	0.0	0.405759
77143	16695	0	2	3	3	6	5	0.0	3	2015	1	15	4	15.0	77	1	0	0	3368	0.808333333	0.242777778	0.145	0.0	0.316666667	0.0	0	0.184166667	0.0	0.51	0.0	0.134238
77144	16696	0	3	1	2	6	1	1.0	3	2015	1	15	4	15.41666667	32	1	0	0	295	0.082777778	0.0425	0.049722222	0.0	0.031111111	0.0	0	0.033055556	1.5	0.06	10.5	0.277311
77164	16701	1	0	3	1	1	1	1.0	3	2015	1	15	4	6.75	43	1	1	1	13330	3.2780555560000004	1.060833333	0.0847222219999999	0.45	0.225	0.175	2	0.916944444	4.8	2.98	10.5	0.744926
77167	16701	2	1	4	1	1	1	1.0	3	2015	1	15	4	16.0	37	1	1	1	5624	1.376388889	0.4133333329999999	0.104444444	0.0	0.7725	0.133333333	1	0.369444444	3.0	1.09	0.0	0.5338350000000001
77169	16702	0	1	3	1	6	1	0.5	3	2015	1	15	4	16.83333333	27	1	1	0	3831	0.874166667	0.345277778	0.296111111	0.1166666669999999	0.0	0.0	0	0.250555556	2.8	0.64	10.5	0.5388029999999999
77192	16709	3	1	3	2	6	2	0.0	3	2015	1	16	5	15.5	16	0	0	0	3974	0.954722222	0.286111111	0.0275	0.066666667	0.241388889	0.2044444439999999	2	0.364444444	0.75	0.79	0.0	0.456555
77195	16710	1	0	4	4	2	5	0.0	3	2015	1	16	5	5.5	65	0	1	1	11029	2.513888889	0.731944444	0.194444444	0.316666667	0.2166666669999999	0.1166666669999999	1	0.3675	0.0	1.43	0.0	0.346183
77198	16712	0	0	4	3	1	5	0.0	3	2015	1	16	5	12.0	73	1	1	2	1947	0.510555556	0.156944444	0.224722222	0.0	0.09	0.0	0	0.170833333	0.0	0.44	0.0	0.130081
77205	16714	1	2	3	5	1	4	0.5	3	2015	1	16	5	18.0	24	1	1	1	1708	0.456944444	0.223055556	0.146388889	0.0	0.0	0.083333333	1	0.251111111	1.6	0.58	10.5	0.6559729999999999
77221	16717	4	1	1	2	2	3	0.0	3	2015	1	16	5	16.66666667	11	1	0	1	622	0.465277778	0.116388889	0.2575	0.0	0.12	0.0	0	0.2119444439999999	0.0	0.43	0.0	0.545216
77235	16720	0	0	4	1	6	1	1.0	3	2015	1	16	5	10.0	58	0	1	1	6546	1.635	0.581944444	0.154722222	0.2	0.180277778	0.1166666669999999	1	0.433055556	3.9	1.11	0.0	0.69211
77238	16720	0	3	4	3	6	1	1.0	3	2015	1	16	5	22.33333333	58	0	1	1	10059	2.4125	0.783055556	0.094166667	0.466666667	0.138333333	0.233333333	2	0.515	3.9	1.75	0.0	0.45685
77251	16722	0	5	3	5	6	4	0.5	3	2015	1	16	5	17.0	40	1	1	0	8382	1.941388889	0.596944444	0.085	0.0	0.783333333	0.108333333	1	0.502222222	1.5	1.27	0.0	0.627765
77281	16730	0	4	3	5	1	1	1.0	3	2015	1	17	6	22.0	47	1	1	2	9613	2.378611111	0.825555556	0.199722222	0.466666667	0.0	0.15	1	0.545555556	4.69	1.94	0.0	0.4938899999999999
77285	16731	0	2	3	3	2	1	1.0	3	2015	1	17	6	14.0	35	1	0	1	1960	0.411666667	0.096111111	0.0	0.0	0.1555555559999999	0.0	0	0.106111111	1.5	0.27	0.0	0.277487
77286	16731	1	0	4	3	2	1	1.0	3	2015	1	17	6	11.0	46	0	1	1	1265	0.4425	0.136666667	0.2822222219999999	0.0	0.038055556	0.0	0	0.145277778	1.5	0.39	0.0	0.307839
77291	16734	0	0	4	3	6	1	1.0	3	2015	1	17	6	13.0	50	1	1	0	2413	0.572777778	0.180833333	0.109444444	0.0	0.146111111	0.0	0	0.16	1.5	0.38	0.0	0.277778
77310	16737	0	3	4	5	1	1	1.0	3	2015	1	17	6	15.08333333	42	1	1	1	3305	0.8836111109999999	0.253611111	0.101388889	0.0	0.443055556	0.0	0	0.2097222219999999	1.5	0.69	0.0	0.328477
77326	16740	0	4	4	3	2	1	1.0	3	2015	1	17	6	15.16666667	40	0	1	1	2475	0.554444444	0.243055556	0.098611111	0.0	0.181666667	0.0	0	0.1844444439999999	1.5	0.39	10.5	0.658133
77332	16740	1	5	1	3	2	1	1.0	3	2015	1	17	6	16.5	35	1	1	1	707	0.17	0.066666667	0.110555556	0.016666667	0.0	0.0	0	0.065277778	2.4	0.11	10.5	0.595745
77333	16740	1	6	1	3	2	1	1.0	3	2015	1	17	6	16.91666667	35	1	1	1	707	0.165	0.0461111109999999	0.0711111109999999	0.0	0.0430555559999999	0.0	0	0.055833333	1.5	0.1	10.5	0.890547
77335	16741	0	1	1	3	6	1	1.0	3	2015	1	17	6	12.91666667	26	0	1	0	1409	0.3877777779999999	0.152777778	0.1916666669999999	0.0	0.098611111	0.0	0	0.135277778	1.5	0.33	0.0	0.437372
77345	16742	1	5	1	3	2	1	1.0	3	2015	1	17	6	16.33333333	29	0	1	1	2967	0.688888889	0.215833333	0.357777778	0.083333333	0.0	0.0	0	0.2319444439999999	2.1	0.51	0.0	0.542515
77354	16744	0	0	1	3	6	1	1.0	3	2015	1	17	6	15.0	29	1	0	0	415	0.090277778	0.025	0.040833333	0.0	0.023888889	0.0	0	0.036111111	1.5	0.07	0.0	0.415385
77394	16755	0	2	4	3	5	1	1.0	3	2015	1	18	7	18.0	41	1	1	2	5293	1.311388889	0.3444444439999999	0.081111111	0.0	0.451111111	0.1075	1	0.217777778	3.0	1.06	0.0	0.228316
77402	16756	0	0	4	3	1	5	0.0	3	2015	1	18	7	12.91666667	67	0	1	1	3221	0.7616666670000001	0.200833333	0.015	0.0	0.23	0.0	0	0.154722222	0.0	0.5	0.0	0.21544
77407	16758	0	1	1	3	6	1	1.0	3	2015	1	18	7	12.25	39	0	0	0	167	0.041111111	0.038611111	0.018888889	0.0	0.020555556	0.0	0	0.016388889	1.5	0.03	0.0	0.237288
77413	16759	1	2	3	3	6	1	1.0	3	2015	1	18	7	16.75	43	0	0	0	1032	0.230277778	0.061388889	0.034166667	0.0	0.095277778	0.0	0	0.083611111	1.5	0.18	0.0	0.0598006999999999
77427	16766	0	1	4	5	1	1	1.0	3	2015	1	19	1	8.783333333	43	1	1	2	4437	1.093333333	0.3569444439999999	0.330277778	0.0	0.1888888889999999	0.0	0	0.317222222	1.5	0.83	0.0	0.542032
77459	16773	4	0	3	2	1	5	0.0	3	2015	1	19	1	8.0	6	0	0	2	3763	0.868888889	0.2713888889999999	0.0777777779999999	0.0	0.293888889	0.2	1	0.261666667	0.0	0.71	0.0	0.693206
77466	16775	0	1	3	5	6	5	0.0	3	2015	1	19	1	8.083333332999999	25	1	0	0	2784	0.7063888890000001	0.258611111	0.190833333	0.0	0.131944444	0.0	0	0.1888888889999999	0.0	0.46	0.0	0.4367649999999999
77471	16776	0	3	3	3	1	5	0.0	3	2015	1	19	1	10.25	74	0	1	2	356	0.1866666669999999	0.0675	0.108611111	0.0	0.0258333329999999	0.0	0	0.053055556	0.0	0.14	0.0	0.267016
77480	16780	1	0	4	2	1	1	1.0	3	2015	1	20	2	8.0	40	1	1	1	3754	0.951111111	0.306111111	0.251666667	0.0	0.283333333	0.0	0	0.299166667	1.5	0.78	0.0	0.291551
77485	16780	1	5	4	2	1	1	1.0	3	2015	1	20	2	15.5	40	1	1	1	5957	1.4727777780000002	0.451944444	0.259722222	0.0	0.533611111	0.0	0	0.405555556	1.5	1.3	0.0	0.4212329999999999
77498	16780	7	0	4	2	1	5	0.0	3	2015	1	20	2	8.0	8	1	0	1	3754	0.951111111	0.306111111	0.251666667	0.0	0.283333333	0.0	0	0.299166667	0.0	0.78	0.0	0.291551
77532	16788	0	3	4	3	1	1	1.0	3	2015	1	20	2	14.51666667	46	1	1	2	4701	1.075555556	0.3419444439999999	0.211111111	0.0	0.525833333	0.078888889	1	0.233611111	3.0	0.8	0.0	0.280618
77543	16789	0	8	4	3	2	1	1.0	3	2015	1	20	2	19.75	47	0	1	2	3510	1.031111111	0.295555556	0.399722222	0.0	0.233333333	0.0	0	0.191944444	1.5	0.6	0.0	0.131693
77561	16792	2	1	1	2	1	3	0.0	3	2015	1	20	2	14.5	11	0	0	2	732	0.1625	0.041666667	0.041388889	0.0	0.053333333	0.0	0	0.028611111	0.0	0.11	0.0	0.0485436999999999
77564	16793	0	0	3	3	1	5	0.0	3	2015	1	20	2	15.0	76	1	0	1	895	0.1863888889999999	0.0502777779999999	0.066944444	0.0	0.041111111	0.0	0	0.074166667	0.0	0.16	0.0	0.5355810000000001
77566	16793	2	0	3	3	1	1	1.0	3	2015	1	20	2	17.0	42	0	1	1	2509	0.645833333	0.2875	0.172777778	0.0	0.252777778	0.0	0	0.244722222	1.5	0.59	0.0	0.816118
77573	16794	0	6	3	3	2	5	0.0	3	2015	1	20	2	14.0	63	1	1	1	4660	1.120277778	0.349722222	0.093055556	0.0	0.437222222	0.183333333	1	0.285277778	0.0	0.77	0.0	0.264849
77577	16794	1	1	4	4	2	5	0.0	3	2015	1	20	2	11.16666667	67	0	1	1	15607	3.738611111	1.133888889	0.088055556	0.916666667	0.179166667	0.283333333	2	0.829722222	0.0	2.27	0.0	0.484098
77594	16798	0	0	4	1	2	1	1.0	3	2015	1	20	2	7.75	32	1	1	2	5823	1.413611111	0.440833333	0.1197222219999999	0.15	0.273333333	0.166666667	2	0.490555556	4.7	1.03	0.0	0.5147229999999999
77622	16806	0	2	1	5	6	5	0.0	3	2015	1	21	3	17.0	63	1	0	0	1524	0.321666667	0.097777778	0.055833333	0.0	0.097777778	0.0	0	0.154444444	0.0	0.32	0.0	0.196043
77629	16807	0	2	3	2	6	1	1.0	3	2015	1	21	3	14.83333333	25	1	0	0	3288	0.7838888890000001	0.2613888889999999	0.132222222	0.0	0.454444444	0.103888889	1	0.238055556	3.0	0.66	0.0	0.365228
77655	16811	0	1	3	3	6	5	0.0	3	2015	1	21	3	14.0	58	1	0	0	7634	1.847777778	0.6941666670000001	0.130833333	0.0	0.533333333	0.1166666669999999	1	0.339444444	0.0	1.09	0.0	0.232406
77670	16815	1	1	1	1	2	1	1.0	3	2015	1	21	3	14.0	49	1	1	2	1218	0.305555556	0.084444444	0.147777778	0.0	0.087777778	0.0	0	0.062222222	1.5	0.17	0.0	0.1428569999999999
77694	16823	0	2	1	5	6	1	1.0	3	2015	1	21	3	14.16666667	39	0	1	0	755	0.205277778	0.113888889	0.1030555559999999	0.0	0.0608333329999999	0.0	0	0.1175	1.5	0.23	10.5	0.4893619999999999
77754	16838	1	1	4	4	6	1	1.0	3	2015	1	23	5	16.75	35	0	0	0	1925	0.713333333	0.260833333	0.175	0.0	0.28	0.0	0	0.211388889	1.5	0.5	0.0	0.177398
77785	16845	1	3	4	3	1	5	0.0	3	2015	1	23	5	16.33333333	64	1	1	2	2040	0.5475	0.1769444439999999	0.151666667	0.0	0.324166667	0.068333333	1	0.176388889	0.0	0.46	0.0	0.1244089999999999
77787	16846	0	1	3	4	1	1	1.0	3	2015	1	23	5	15.0	50	1	1	1	15596	3.565277778	1.0925	0.1747222219999999	0.75	0.1	0.2166666669999999	2	0.822777778	4.6	2.61	0.0	0.462525
77794	16849	0	0	3	3	6	1	1.0	3	2015	1	23	5	12.0	23	1	1	0	843	0.219444444	0.066666667	0.120277778	0.0	0.065	0.0	0	0.080277778	1.5	0.17	0.0	0.480969
77804	16851	0	2	3	3	2	1	1.0	3	2015	1	23	5	18.58333333	39	0	1	1	19053	4.6025	1.433611111	0.154722222	0.783333333	0.0	0.133333333	1	0.7102777779999999	5.7	2.63	0.0	0.459914
77815	16854	0	4	1	2	6	1	1.0	3	2015	1	23	5	16.16666667	46	0	0	0	1008	0.2641666669999999	0.0922222219999999	0.136944444	0.0	0.095555556	0.0	0	0.096388889	1.5	0.2	0.0	0.118156
77836	16859	0	3	3	1	1	1	1.0	3	2015	1	23	5	17.75	46	1	1	2	18646	4.336944443999999	1.353333333	0.291111111	0.7333333329999999	0.0	0.066666667	1	1.2525	5.09	3.37	10.5	0.470836
77851	16863	0	6	4	3	1	4	1.0	3	2015	1	23	5	22.0	44	0	1	2	3363	0.819444444	0.231388889	0.0358333329999999	0.0	0.135555556	0.0	0	0.134444444	1.5	0.55	0.0	0.132231
77857	16863	1	7	4	2	1	1	1.0	3	2015	1	23	5	15.75	43	1	1	2	2355	0.583611111	0.140277778	0.086944444	0.0	0.175833333	0.0	0	0.104444444	1.5	0.38	0.0	0.202128
77859	16863	1	9	4	3	1	1	1.0	3	2015	1	23	5	22.0	43	1	1	2	3363	0.819444444	0.231388889	0.0358333329999999	0.0	0.135555556	0.0	0	0.134444444	1.5	0.55	0.0	0.132231
77866	16863	3	4	4	2	1	5	0.0	3	2015	1	23	5	15.75	8	1	0	2	2355	0.583611111	0.140277778	0.086944444	0.0	0.175833333	0.0	0	0.104444444	0.0	0.38	0.0	0.202128
77868	16863	3	6	4	3	1	5	0.0	3	2015	1	23	5	22.0	8	1	0	2	3363	0.819444444	0.231388889	0.0358333329999999	0.0	0.135555556	0.0	0	0.134444444	0.0	0.55	0.0	0.132231
77870	16864	0	1	1	3	2	5	0.0	3	2015	1	23	5	12.5	72	0	1	2	701	0.161944444	0.0461111109999999	0.0233333329999999	0.0	0.05	0.0	0	0.041111111	0.0	0.1	0.0	0.141892
77872	16864	0	3	1	3	2	5	0.0	3	2015	1	23	5	15.33333333	72	0	1	2	701	0.161944444	0.0461111109999999	0.0233333329999999	0.0	0.05	0.0	0	0.0388888889999999	0.0	0.1	0.0	0.15
77873	16865	0	0	4	3	1	1	0.5	3	2015	1	24	6	15.0	55	1	1	2	3181	0.774166667	0.371388889	0.164166667	0.0	0.183333333	0.0	0	0.128333333	0.75	0.45	0.0	0.190476
77898	16869	0	0	4	3	1	1	1.0	3	2015	1	24	6	17.25	27	1	1	2	19620	4.438888888999999	1.28	0.229722222	0.3	0.208333333	0.241666667	1	0.7130555559999999	4.6	2.75	0.0	0.4725359999999999
77899	16869	0	1	4	3	1	1	1.0	3	2015	1	24	6	20.5	27	1	1	2	19620	4.41	1.29	0.217222222	0.25	0.161111111	0.1166666669999999	1	0.623611111	4.6	2.65	0.0	0.343875
77900	16870	1	0	4	3	6	1	1.0	3	2015	1	24	6	9.5	35	1	0	0	1306	0.343611111	0.096666667	0.225277778	0.0	0.083333333	0.0	0	0.0847222219999999	1.5	0.24	0.0	0.0721311
77904	16871	0	7	4	3	1	1	1.0	3	2015	1	24	6	16.91666667	47	1	1	1	4481	1.155277778	0.397222222	0.334166667	0.0	0.358888889	0.0	0	0.2713888889999999	1.5	1.18	0.0	0.176049
77943	16879	1	2	4	5	2	1	1.0	3	2015	1	24	6	17.75	42	1	1	2	3173	0.812222222	0.263333333	0.074444444	0.05	0.193055556	0.1166666669999999	1	0.241666667	3.9	0.52	10.5	0.649425
77958	16883	2	1	4	3	1	1	1.0	3	2015	1	25	7	16.0	46	0	0	1	10667	2.297222222	0.67	0.1166666669999999	0.0	0.6083333329999999	0.25	1	0.406111111	3.0	1.49	0.0	0.207934
77960	16884	0	1	3	4	6	1	1.0	3	2015	1	25	7	17.5	34	0	0	0	9923	2.352222222	0.780833333	0.140277778	0.0	0.804444444	0.079722222	1	0.564722222	3.0	1.62	0.0	0.325627
77961	16884	1	0	3	4	6	1	1.0	3	2015	1	25	7	6.0	32	0	0	0	9923	2.3	0.7163888890000001	0.1625	0.0	0.7588888890000001	0.0841666669999999	1	0.445	3.0	1.52	0.0	0.174157
78004	16894	1	2	1	5	1	1	1.0	3	2015	1	25	7	13.16666667	46	0	1	2	451	0.127777778	0.0461111109999999	0.065277778	0.0	0.0233333329999999	0.0	0	0.076111111	1.5	0.23	0.0	0.2627739999999999
78014	16896	0	0	2	3	6	4	1.0	3	2015	1	25	7	13.0	62	0	1	0	3249	0.801111111	0.3025	0.081111111	0.0	0.301666667	0.0	0	0.212777778	1.5	0.55	0.0	0.669713
78035	16900	0	0	4	2	1	1	1.0	3	2015	1	26	1	8.0	48	1	1	1	3358	0.8847222220000001	0.299166667	0.231388889	0.0	0.181666667	0.0	0	0.233611111	1.5	0.7	0.0	0.4126039999999999
78077	16910	1	0	4	1	2	1	1.0	3	2015	1	26	1	6.5	59	0	1	2	12574	3.0675	0.933333333	0.224722222	0.0	0.754722222	0.199722222	2	0.535277778	4.5	1.68	0.0	0.368967
78098	16914	0	0	4	4	5	1	1.0	3	2015	1	26	1	6.5	51	0	1	1	9089	2.231388889	0.6830555559999999	0.248333333	0.35	0.2666666669999999	0.366666667	2	0.303333333	3.9	1.67	0.0	0.141026
78101	16914	1	2	1	3	5	1	1.0	3	2015	1	26	1	16.75	52	1	1	1	1252	0.317777778	0.173611111	0.129444444	0.0	0.05	0.0	0	0.127222222	1.5	0.45	0.0	0.377729
78124	16918	2	0	3	3	6	1	1.0	3	2015	1	26	1	10.0	59	1	0	0	2208	0.525555556	0.148055556	0.0847222219999999	0.0	0.163333333	0.0	0	0.162777778	1.5	0.4	0.0	0.412969
78137	16923	0	4	1	3	6	1	1.0	3	2015	1	26	1	19.08333333	31	0	1	0	1458	0.399166667	0.163333333	0.149722222	0.0	0.106944444	0.0	0	0.149444444	1.5	0.35	0.0	0.615242
78147	16924	3	1	3	1	6	1	1.0	3	2015	1	27	2	18.5	22	0	1	0	11357	2.6663888890000003	0.765277778	0.396666667	0.5	0.0	0.0	0	0.7041666670000001	3.9	1.98	0.0	0.5514789999999999
78172	16931	0	2	4	1	2	1	1.0	3	2015	1	27	2	17.0	43	0	1	1	7736	1.8125	0.5408333329999999	0.111388889	0.0	0.755833333	0.2319444439999999	2	0.328333333	4.5	1.03	0.0	0.230118
78181	16934	0	0	2	3	6	1	1.0	3	2015	1	27	2	12.0	30	0	1	0	2246	0.548611111	0.2019444439999999	0.104444444	0.0	0.306666667	0.098055556	1	0.198611111	3.0	0.47	0.0	0.499301
78194	16937	0	0	3	1	6	1	1.0	3	2015	1	27	2	6.25	52	1	0	0	9062	2.217222222	0.8322222220000001	0.075555556	0.0	0.622777778	0.114722222	1	0.544444444	3.0	1.51	0.0	0.486735
78197	16937	1	1	3	2	6	5	0.0	3	2015	1	27	2	15.5	9	1	0	0	4031	1.069722222	0.3863888889999999	0.211666667	0.0	0.361666667	0.15	1	0.364722222	0.0	0.81	0.0	0.368621
78266	16955	0	0	4	4	1	5	0.0	3	2015	1	28	3	8.916666667000001	60	0	1	2	5297	1.308055556	0.361666667	0.393055556	0.25	0.0	0.0	0	0.469166667	0.0	1.1	0.0	0.753108
78291	16962	0	0	3	1	6	1	1.0	3	2015	1	28	3	8.166666667000001	31	1	0	0	1149	0.3475	0.126388889	0.034444444	0.1	0.0	0.0	0	0.123611111	1.7	0.3	0.0	0.382022
78292	16962	0	1	3	5	6	1	1.0	3	2015	1	28	3	17.5	31	1	0	0	4169	1.095555556	0.413055556	0.1575	0.183333333	0.0	0.0	0	0.4025	1.7	1.0	0.0	0.503796
78297	16964	1	1	3	2	6	1	1.0	3	2015	1	29	4	17.5	32	1	0	0	20378	5.090555556	1.681111111	0.230555556	0.75	0.0	0.333333333	3	1.300833333	8.2	3.78	0.0	0.395473
78307	16966	2	1	4	2	2	5	0.0	3	2015	1	29	4	15.5	5	1	0	2	1383	0.3775	0.118333333	0.22	0.0	0.041388889	0.0	0	0.125833333	0.0	0.28	0.0	0.174393
78318	16969	0	1	4	4	1	1	1.0	3	2015	1	29	4	10.33333333	50	1	1	2	3462	0.864166667	0.254444444	0.374444444	0.0	0.166666667	0.0	0	0.176111111	1.5	0.59	0.0	0.233438
78331	16974	0	0	3	2	6	1	1.0	3	2015	1	29	4	11.0	34	0	1	0	5432	1.3925	0.535277778	0.154722222	0.0	0.55	0.0	0	0.505555556	1.5	1.16	10.5	0.71044
78348	16977	1	1	3	4	2	1	1.0	3	2015	1	29	4	9.0	43	0	1	1	3486	0.854166667	0.326944444	0.136666667	0.133333333	0.0	0.1166666669999999	1	0.348055556	2.4	0.6	10.5	0.7454109999999999
78406	16990	0	1	4	1	6	1	1.0	3	2015	1	30	5	1.0	28	0	0	0	877	0.2225	0.074722222	0.073888889	0.0	0.041111111	0.0	0	0.080555556	1.5	0.2	0.0	0.217241
78416	16995	0	1	3	3	6	1	1.0	3	2015	1	31	6	12.75	60	1	0	0	10826	2.38	0.706944444	0.4513888889999999	0.183333333	0.0	0.0	0	0.5822222220000001	2.4	1.72	0.0	0.449905
78449	17005	0	0	3	3	6	5	0.0	3	2015	1	31	6	16.5	64	1	0	0	7283	1.793333333	0.6175	0.146666667	0.283333333	0.333333333	0.083333333	1	0.3569444439999999	0.0	1.16	0.0	0.554864
78516	17016	0	0	3	3	6	1	1.0	3	2015	2	1	7	18.33333333	23	1	1	0	17641	3.9425	1.3155555559999998	0.125833333	0.5166666670000001	0.3483333329999999	0.201666667	2	0.889166667	6.1	3.95	0.0	0.4567319999999999
78573	17025	0	2	4	3	2	1	1.0	3	2015	2	1	7	15.0	44	1	1	1	1106	0.240833333	0.080277778	0.0425	0.0	0.045555556	0.0	0	0.050833333	1.5	0.14	0.0	0.262295
78576	17025	1	1	4	3	2	1	1.0	3	2015	2	1	7	15.83333333	32	1	1	1	1106	0.256111111	0.095277778	0.038333333	0.0	0.045555556	0.0	0	0.0425	1.5	0.13	0.0	0.196078
78587	17029	1	1	3	5	1	1	1.0	3	2015	2	2	1	8.75	34	1	0	1	11389	2.616111111	0.891388889	0.337777778	0.25	0.0	0.083333333	1	0.6725	3.9	2.29	0.0	0.538207
78588	17029	1	2	3	1	1	1	1.0	3	2015	2	2	1	17.33333333	34	1	0	1	10547	2.476111111	0.678333333	0.04	0.2666666669999999	0.056666667	0.21	2	0.629444444	5.4	1.86	0.0	0.5472199999999999
78604	17034	0	0	3	3	1	5	0.0	3	2015	2	2	1	11.5	65	1	1	1	961	0.233055556	0.126111111	0.086944444	0.0	0.142777778	0.0	0	0.073888889	0.0	0.21	0.0	0.157895
78608	17035	2	2	1	5	2	5	0.0	3	2015	2	2	1	15.25	6	0	0	2	524	0.168888889	0.061388889	0.1325	0.0	0.042222222	0.0	0	0.04	0.0	0.1	0.0	0.145833
78632	17039	1	0	4	4	2	5	0.0	3	2015	2	3	2	8.5	60	0	1	1	10614	2.659166667	0.763333333	0.154444444	0.0	0.98	0.0	0	0.4633333329999999	0.0	1.39	0.0	0.623501
78642	17042	1	0	4	1	1	1	1.0	3	2015	2	3	2	6.75	37	0	1	1	5900	1.549444444	0.429722222	0.195833333	0.0	0.36	0.1166666669999999	1	0.2975	3.0	1.08	0.0	0.172736
78673	17050	1	1	4	1	5	1	1.0	3	2015	2	4	3	20.0	35	0	1	2	10647	2.473055556	0.721944444	0.116111111	0.0	0.7163888890000001	0.139444444	1	0.446111111	3.0	2.12	0.0	0.417808
78718	17064	1	0	3	3	6	1	1.0	3	2015	2	5	4	10.0	33	0	0	0	7957	2.016388889	0.599722222	0.212777778	0.0	0.6333333329999999	0.0	0	0.422777778	1.5	1.31	0.0	0.193167
78719	17064	1	1	1	5	6	1	1.0	3	2015	2	5	4	11.33333333	33	0	0	0	1072	0.3363888889999999	0.1541666669999999	0.1075	0.0	0.098611111	0.0	0	0.068611111	1.5	0.2	0.0	0.251012
78743	17068	1	0	4	3	1	1	1.0	3	2015	2	5	4	10.0	46	1	1	2	5762	1.191666667	0.294722222	0.072222222	0.0	0.404166667	0.1447222219999999	1	0.208333333	3.0	0.75	0.0	0.250667
78767	17071	0	6	4	3	1	1	1.0	3	2015	2	5	4	21.33333333	50	0	1	2	2852	0.7461111109999999	0.202777778	0.111944444	0.0	0.169166667	0.0	0	0.153611111	1.5	0.53	0.0	0.137432
78779	17071	4	0	1	2	1	3	0.0	3	2015	2	5	4	8.0	12	0	0	2	746	0.2069444439999999	0.061388889	0.1794444439999999	0.0	0.029166667	0.0	0	0.051666667	0.0	0.16	0.0	0.0967741999999999
78797	17074	1	1	4	4	1	1	1.0	3	2015	2	5	4	18.0	43	0	1	2	14641	3.345	0.946388889	0.096666667	0.233333333	0.344166667	0.25	2	0.715833333	6.9	2.45	10.5	0.559177
78800	17074	3	2	4	3	1	5	0.0	3	2015	2	5	4	15.83333333	10	1	0	2	4020	1.018888889	0.360277778	0.242222222	0.033333333	0.267777778	0.088888889	1	0.241111111	0.0	0.87	0.0	0.308756
78810	17076	3	0	4	3	2	1	1.0	3	2015	2	5	4	8.0	50	1	1	1	3523	0.769444444	0.226944444	0.123888889	0.0	0.206666667	0.0	0	0.257777778	1.5	0.53	0.0	0.393319
78811	17076	3	1	4	3	2	1	1.0	3	2015	2	5	4	9.75	50	1	1	1	3523	0.779444444	0.206111111	0.111944444	0.0	0.170555556	0.0	0	0.1722222219999999	1.5	0.45	0.0	0.348387
78831	17079	2	2	4	3	1	3	0.0	3	2015	2	5	4	19.0	15	0	0	2	6648	1.5352777780000002	0.391944444	0.039166667	0.0	0.338611111	0.195	1	0.247777778	0.0	0.95	0.0	0.25
78848	17081	0	1	3	4	6	1	1.0	3	2015	2	5	4	18.5	51	0	1	0	3209	0.796666667	0.300277778	0.2238888889999999	0.15	0.0	0.0	0	0.315833333	2.4	0.65	0.0	0.720317
78858	17082	1	2	4	5	1	1	1.0	3	2015	2	5	4	14.91666667	44	0	1	2	1501	0.382222222	0.2119444439999999	0.212777778	0.0	0.15	0.0	0	0.176111111	1.5	0.45	10.5	0.736593
78862	17082	5	0	4	2	1	5	0.0	3	2015	2	5	4	8.0	7	1	0	2	3255	0.809722222	0.319166667	0.146666667	0.1166666669999999	0.056666667	0.1	1	0.2488888889999999	0.0	0.62	10.5	0.418527
78882	17089	2	0	3	1	6	1	1.0	3	2015	2	6	5	7.5	22	0	1	1	23367	5.207222222	1.56	0.158888889	0.8833333329999999	0.0	0.2166666669999999	2	1.161388889	8.6	3.57	10.5	0.644583
78901	17094	0	0	4	3	1	1	0.0	3	2015	2	7	6	10.5	70	1	1	2	4032	1.0575	0.358055556	0.063888889	0.0	0.306111111	0.0	0	0.276111111	0.0	0.86	0.0	0.171026
78911	17095	0	6	1	3	1	4	1.0	3	2015	2	7	6	21.5	39	0	1	1	662	0.161111111	0.0461111109999999	0.039166667	0.0	0.040833333	0.0	0	0.041944444	1.5	0.15	0.0	0.0463576
78924	17096	4	0	3	3	6	5	0.0	3	2015	2	7	6	14.0	6	0	0	0	1289	0.374166667	0.167222222	0.1913888889999999	0.016666667	0.0	0.0	0	0.151111111	0.0	0.31	10.5	0.351103
78926	17097	1	0	3	3	6	1	1.0	3	2015	2	7	6	10.0	21	1	0	0	7724	1.841111111	0.565277778	0.194722222	0.2166666669999999	0.0	0.066666667	1	0.444166667	2.8	1.22	0.0	0.4121329999999999
78928	17098	0	0	3	3	6	5	0.0	3	2015	2	7	6	11.0	78	1	0	0	5128	1.168333333	0.310277778	0.105277778	0.0	0.366666667	0.0	0	0.265	0.0	0.85	0.0	0.333333
78950	17104	1	4	4	3	1	4	0.0	3	2015	2	7	6	22.75	18	1	0	1	1583	0.355	0.123333333	0.095	0.0	0.05	0.0	0	0.105833333	0.0	0.34	0.0	0.165354
78955	17105	2	2	4	3	1	1	1.0	3	2015	2	7	6	18.91666667	23	0	1	2	2189	0.5558333329999999	0.180555556	0.0433333329999999	0.0	0.175555556	0.0	0	0.13	1.5	0.38	0.0	0.1645299999999999
78980	17112	1	0	1	3	1	5	0.0	3	2015	2	8	7	11.66666667	69	0	1	1	1028	0.325	0.0847222219999999	0.296944444	0.0	0.010833333	0.0	0	0.09	0.0	0.24	0.0	0.0771605
78985	17114	1	0	1	3	6	1	1.0	3	2015	2	8	7	17.0	27	1	0	0	609	0.157222222	0.049444444	0.082222222	0.0	0.071666667	0.0	0	0.045833333	1.5	0.11	0.0	0.151515
78989	17116	0	1	4	5	2	1	1.0	3	2015	2	8	7	15.1	45	1	1	2	910	0.265	0.124444444	0.2019444439999999	0.0	0.045833333	0.0	0	0.079166667	1.5	0.18	0.0	0.329825
79007	17122	0	1	4	3	1	5	0.0	3	2015	2	8	7	14.0	75	0	1	1	4528	1.083611111	0.298333333	0.483055556	0.083333333	0.0	0.0	0	0.226666667	0.0	0.73	0.0	0.392157
79069	17135	2	0	4	2	2	5	0.0	3	2015	2	9	1	8.666666667000001	6	1	0	2	1224	0.439722222	0.144444444	0.2175	0.0	0.05	0.0	0	0.079722222	0.0	0.23	0.0	0.1777
79072	17136	1	1	1	5	6	3	0.0	3	2015	2	9	1	15.33333333	12	0	0	0	591	0.1475	0.065	0.076666667	0.0	0.0302777779999999	0.0	0	0.057222222	0.0	0.12	10.5	0.368932
79079	17137	1	5	4	3	2	5	0.0	3	2015	2	10	2	22.75	64	1	0	1	993	0.290833333	0.090277778	0.0775	0.0	0.088333333	0.0	0	0.056666667	0.0	0.17	0.0	0.0441176
79126	17151	2	0	3	2	2	3	0.0	3	2015	2	12	4	7.75	11	0	0	1	941	0.319166667	0.098055556	0.256111111	0.0	0.055277778	0.0	0	0.138333333	0.0	0.35	0.0	0.0823293
79134	17155	0	0	1	3	6	5	0.0	3	2015	2	12	4	13.5	57	0	0	0	1359	0.327777778	0.100833333	0.0855555559999999	0.0	0.2	0.0	0	0.153055556	0.0	0.28	0.0	0.3593469999999999
79144	17157	2	1	1	2	1	5	0.0	3	2015	2	12	4	15.16666667	7	1	0	2	505	0.1580555559999999	0.0611111109999999	0.127222222	0.0	0.047222222	0.0	0	0.0675	0.0	0.17	0.0	0.0987654
79163	17160	3	1	3	1	1	1	1.0	3	2015	2	12	4	17.5	53	1	0	1	3139	0.793333333	0.2175	0.243055556	0.0	0.251111111	0.0	0	0.1888888889999999	1.5	0.6	0.0	0.222059
79171	17162	1	1	3	1	1	5	0.0	3	2015	2	12	4	16.25	66	0	1	1	8908	1.944722222	0.661388889	0.194722222	0.4	0.0	0.0	0	0.7394444440000001	0.0	1.97	10.5	0.712622
79173	17163	0	2	1	3	1	1	1.0	3	2015	2	12	4	20.25	37	0	1	2	1540	0.347777778	0.1030555559999999	0.081944444	0.0	0.083333333	0.0	0	0.1022222219999999	1.5	0.26	0.0	0.320652
79178	17165	0	5	3	3	2	1	1.0	3	2015	2	12	4	18.0	34	1	0	1	864	0.2463888889999999	0.0580555559999999	0.1411111109999999	0.0	0.056388889	0.0	0	0.089444444	1.5	0.2	0.0	0.313665
79200	17172	0	0	3	1	6	1	1.0	3	2015	2	13	5	9.5	34	0	1	0	10725	2.479444444	0.805277778	0.13	0.3833333329999999	0.049166667	0.1	1	0.7455555559999999	4.3	1.83	10.5	0.612146
79232	17178	3	0	3	2	1	3	0.0	3	2015	2	13	5	7.5	14	1	0	1	610	0.135277778	0.041666667	0.054166667	0.0	0.030555556	0.0	0	0.041666667	0.0	0.11	0.0	0.18
79243	17180	1	1	1	5	6	1	1.0	3	2015	2	13	5	13.0	37	1	1	0	211	0.043888889	0.01	0.018888889	0.0	0.0213888889999999	0.0	0	0.013611111	1.5	0.03	0.0	0.346939
79296	17193	5	0	4	3	2	5	0.0	3	2015	2	14	6	14.5	10	1	0	1	1950	0.591111111	0.171111111	0.256666667	0.0	0.157777778	0.0	0	0.171111111	0.0	0.4	0.0	0.368506
79302	17195	0	5	4	3	1	5	0.0	3	2015	2	14	6	17.0	67	0	1	2	1124	0.293055556	0.1011111109999999	0.064166667	0.0	0.074166667	0.0	0	0.098611111	0.0	0.26	0.0	0.146479
79322	17200	2	2	4	5	1	1	1.0	3	2015	2	14	6	13.0	23	0	1	1	4918	1.435555556	0.4033333329999999	0.154722222	0.0	0.495	0.105	1	0.358611111	3.0	1.16	0.0	0.306739
79352	17209	0	2	1	3	6	1	1.0	3	2015	2	16	1	17.41666667	35	1	1	0	933	0.264722222	0.103333333	0.100833333	0.0	0.091666667	0.0	0	0.087777778	1.5	0.2	10.5	0.481013
79388	17217	1	1	3	5	6	4	1.0	3	2015	2	16	1	12.0	22	0	0	0	7667	1.885555556	0.596388889	0.1225	0.316666667	0.179722222	0.093611111	1	0.602777778	3.1	1.47	0.0	0.4290319999999999
79391	17218	2	1	3	3	6	1	1.0	3	2015	2	16	1	12.0	19	1	0	0	6672	1.648333333	0.6088888889999999	0.080277778	0.133333333	0.293611111	0.1166666669999999	1	0.461666667	3.9	1.2	0.0	0.6341760000000001
79395	17219	0	1	4	1	1	1	1.0	3	2015	2	17	2	8.166666667000001	57	1	1	1	2100	0.469722222	0.140277778	0.064722222	0.0	0.126388889	0.0	0	0.1066666669999999	1.5	0.31	0.0	0.570313
79427	17223	0	1	4	5	1	5	0.0	3	2015	2	17	2	13.0	70	1	1	2	1674	0.458611111	0.136666667	0.1186111109999999	0.0	0.109444444	0.0	0	0.1041666669999999	0.0	0.33	0.0	0.024
79437	17225	1	2	4	1	2	1	1.0	3	2015	2	17	2	17.25	54	1	1	1	1329	0.445555556	0.149166667	0.064722222	0.0	0.179166667	0.0	0	0.134166667	1.5	0.29	0.0	0.478261
79453	17228	1	1	1	3	6	1	1.0	3	2015	2	17	2	9.583333333	35	0	1	0	1039	0.249722222	0.080833333	0.159722222	0.0	0.0325	0.0	0	0.120555556	1.5	0.29	0.0	0.502304
79475	17233	0	2	3	5	2	1	1.0	3	2015	2	17	2	18.75	28	1	1	1	15525	3.681666667	1.163055556	0.215277778	0.55	0.0	0.083333333	1	0.882777778	3.9	2.58	0.0	0.617055
79490	17237	1	0	3	1	1	1	1.0	3	2015	2	18	3	7.25	58	0	1	1	22470	5.143055556	1.6191666669999998	0.148888889	0.7	0.0	0.15	1	1.235	8.6	4.17	10.5	0.693882
79520	17244	0	2	4	3	1	5	0.0	3	2015	2	18	3	12.33333333	84	0	1	1	6428	1.510555556	0.453611111	0.269722222	0.15	0.176111111	0.1	1	0.302222222	0.0	1.03	0.0	0.217831
79541	17249	0	1	3	5	6	1	1.0	3	2015	2	19	4	10.75	55	1	0	0	4147	1.028055556	0.29	0.239166667	0.25	0.0	0.1	1	0.400555556	1.5	1.06	0.0	0.259362
79558	17252	0	3	1	3	6	1	1.0	3	2015	2	19	4	11.75	32	1	0	0	720	0.198611111	0.050833333	0.108611111	0.0	0.027777778	0.0	0	0.0627777779999999	1.5	0.14	0.0	0.0353982
79567	17253	1	2	4	1	1	1	1.0	3	2015	2	19	4	9.75	52	0	1	1	1859	0.446111111	0.131666667	0.090555556	0.0	0.1166666669999999	0.0	0	0.140277778	1.5	0.36	0.0	0.285149
79577	17253	2	1	4	1	1	1	1.0	3	2015	2	19	4	19.0	49	1	0	1	1859	0.454166667	0.134166667	0.078888889	0.0	0.1166666669999999	0.0	0	0.146111111	1.5	0.36	0.0	0.262357
79584	17254	0	0	4	3	1	1	1.0	3	2015	2	19	4	12.5	51	0	1	2	7926	1.823611111	0.548888889	0.247222222	0.166666667	0.149722222	0.1541666669999999	1	0.4744444439999999	3.6	1.42	0.0	0.427986
79586	17254	0	2	4	3	1	1	1.0	3	2015	2	19	4	16.5	51	0	1	2	3858	1.017777778	0.301111111	0.080833333	0.0	0.5277777779999999	0.140277778	1	0.409722222	3.0	0.9	0.0	0.273898
79596	17255	0	0	4	4	1	1	1.0	3	2015	2	19	4	12.66666667	40	0	1	1	4385	1.111944444	0.362777778	0.164722222	0.1	0.136666667	0.1	1	0.2825	3.9	0.83	0.0	0.621436
79634	17264	0	2	2	5	6	1	1.0	3	2015	2	20	5	17.75	36	0	1	0	3180	0.799166667	0.27	0.085277778	0.0	0.371944444	0.098333333	1	0.23	3.0	0.55	0.0	0.321256
79674	17274	0	0	3	3	1	1	1.0	3	2015	2	20	5	12.25	59	1	0	1	11849	2.814166667	0.917777778	0.059722222	0.466666667	0.0	0.166666667	1	0.806388889	5.0	2.13	10.5	0.58319
79677	17274	0	3	1	3	1	1	1.0	3	2015	2	20	5	16.58333333	59	1	0	1	363	0.096388889	0.046944444	0.0633333329999999	0.0	0.019166667	0.0	0	0.048055556	1.5	0.13	0.0	0.236994
79694	17280	0	0	1	3	2	4	1.0	3	2015	2	21	6	11.0	29	1	1	1	1987	0.570555556	0.140833333	0.1425	0.0	0.1916666669999999	0.0	0	0.148611111	1.5	0.4	0.0	0.153271
79695	17280	0	2	4	3	2	4	1.0	3	2015	2	21	6	12.5	29	1	1	1	2089	0.646388889	0.212777778	0.277777778	0.0	0.206666667	0.0	0	0.140833333	1.5	0.38	0.0	0.1065089999999999
79706	17282	0	1	1	5	6	5	0.0	3	2015	2	21	6	10.58333333	71	1	0	0	324	0.103888889	0.055833333	0.075833333	0.0	0.040555556	0.0	0	0.079722222	0.0	0.17	10.5	0.43554
79724	17287	2	0	1	3	6	4	0.5	3	2015	2	21	6	17.5	18	1	0	0	1459	0.414166667	0.108333333	0.175277778	0.0	0.109444444	0.0	0	0.1016666669999999	0.75	0.28	0.0	0.177596
79729	17289	0	0	4	3	1	1	1.0	3	2015	2	21	6	10.0	60	1	1	1	1959	0.486944444	0.189722222	0.125	0.0	0.266944444	0.0	0	0.177777778	1.5	0.5	0.0	0.198437
79786	17303	0	0	4	4	2	1	1.0	3	2015	2	23	1	7.5	37	0	1	1	11786	2.765277778	0.833333333	0.224722222	0.0	0.8158333329999999	0.233333333	2	0.732222222	4.5	1.78	0.0	0.388847
79796	17304	0	3	3	4	1	1	1.0	3	2015	2	23	1	13.5	56	0	1	2	9100	2.1894444440000003	0.733611111	0.125277778	0.416666667	0.0	0.0	0	0.413055556	2.8	1.5	0.0	0.474109
79805	17306	0	0	3	4	6	1	1.0	3	2015	2	23	1	7.0	44	1	0	0	4673	1.146388889	0.306388889	0.301666667	0.0	0.153888889	0.0	0	0.221111111	1.5	0.7	0.0	0.120603
79808	17307	1	0	3	1	6	1	1.0	3	2015	2	23	1	23.91666667	66	1	0	0	17679	4.1283333330000005	1.245555556	0.2191666669999999	0.0	0.8897222220000001	0.2044444439999999	1	0.511388889	3.0	2.25	10.5	0.270505
79815	17309	1	1	4	1	1	1	1.0	3	2015	2	23	1	17.5	48	1	1	2	2677	0.629444444	0.180277778	0.1916666669999999	0.0	0.15	0.0	0	0.1591666669999999	1.5	0.49	0.0	0.0837696
79825	17311	0	1	4	3	1	1	1.0	3	2015	2	23	1	21.0	32	1	1	2	5579	1.37	0.425	0.2069444439999999	0.15	0.105555556	0.161111111	1	0.358611111	3.0	1.02	0.0	0.269558
79854	17320	1	1	3	1	6	1	1.0	3	2015	2	24	2	12.33333333	45	0	1	0	7016	1.7247222219999998	0.5297222220000001	0.430833333	0.25	0.0	0.0	0	0.357777778	2.8	1.19	0.0	0.388975
79860	17323	0	1	3	3	6	5	0.0	3	2015	2	24	2	14.0	54	0	1	0	904	0.195277778	0.059444444	0.133888889	0.0	0.0233333329999999	0.0	0	0.0605555559999999	0.0	0.16	0.0	0.0183486
79920	17337	0	1	3	1	6	1	1.0	3	2015	2	24	2	18.0	31	0	1	0	5016	1.101944444	0.3863888889999999	0.262222222	0.1166666669999999	0.0	0.0	0	0.382222222	2.9	0.83	10.5	0.7165699999999999
79925	17339	0	0	3	4	1	1	1.0	3	2015	2	25	3	8.5	51	0	1	2	2793	0.666111111	0.178888889	0.113888889	0.066666667	0.131111111	0.1166666669999999	1	0.2288888889999999	3.2	0.66	0.0	0.603155
79958	17348	0	0	1	3	6	1	1.0	3	2015	2	25	3	12.0	31	1	1	0	849	0.229722222	0.080833333	0.171111111	0.0	0.0502777779999999	0.0	0	0.064166667	1.5	0.16	0.0	0.662338
79959	17348	0	1	1	3	6	1	1.0	3	2015	2	25	3	13.25	31	1	1	0	849	0.24	0.0825	0.109444444	0.0	0.0975	0.0	0	0.0736111109999999	1.5	0.18	0.0	0.664151
79960	17349	0	0	4	1	1	1	1.0	3	2015	2	25	3	7.083333333	25	1	1	1	5576	1.385	0.4108333329999999	0.278888889	0.0	0.311666667	0.0	0	0.225833333	1.5	0.91	0.0	0.241082
79971	17350	4	1	1	2	6	3	0.0	3	2015	2	25	3	15.33333333	14	0	0	0	570	0.152777778	0.055833333	0.0711111109999999	0.0	0.025	0.0	0	0.068333333	0.0	0.12	0.0	0.402439
80000	17359	3	2	4	2	2	3	0.0	3	2015	2	26	4	16.76666667	12	0	0	2	6334	1.5552777780000002	0.461944444	0.269722222	0.0	0.460555556	0.1	1	0.4575	0.0	1.06	0.0	0.445052
80004	17361	0	1	2	3	6	1	1.0	3	2015	2	26	4	19.5	34	0	1	0	1010	0.210277778	0.0502777779999999	0.047222222	0.0	0.05	0.0	0	0.088333333	1.5	0.21	0.0	0.100629
80030	17368	1	0	4	3	1	1	1.0	3	2015	2	27	5	18.0	50	0	1	1	5362	1.3275	0.418333333	0.255833333	0.25	0.1222222219999999	0.113888889	1	0.410555556	3.2	1.07	0.0	0.541272
80049	17371	0	0	4	2	2	1	1.0	3	2015	2	27	5	8.416666667000001	40	1	1	2	3248	0.8269444440000001	0.281388889	0.094722222	0.05	0.321111111	0.1	1	0.275833333	3.2	0.6	0.0	0.4843909999999999
80070	17374	0	1	3	1	1	1	1.0	3	2015	2	27	5	20.0	39	0	1	1	19590	4.413333333	1.334166667	0.361111111	0.3	0.0	0.183333333	1	0.93	6.3	2.94	0.0	0.572581
80097	17381	1	0	3	1	6	1	1.0	3	2015	2	27	5	7.5	28	0	0	0	7490	1.875277778	0.7394444440000001	0.1447222219999999	0.333333333	0.166666667	0.1166666669999999	1	0.528611111	4.4	1.29	10.5	0.8596950000000001
80114	17383	3	0	4	3	1	1	1.0	3	2015	2	28	6	11.5	25	1	0	1	5193	1.219444444	0.353055556	0.206388889	0.0	0.407777778	0.1425	1	0.251666667	3.0	0.93	0.0	0.344371
80155	17392	0	2	3	5	6	4	1.0	3	2015	2	28	6	14.25	30	1	1	0	11580	2.819722222	0.882222222	0.280833333	0.5	0.0	0.0	0	0.705555556	1.85	1.96	10.5	0.557087
80170	17396	0	1	1	3	2	1	1.0	3	2015	2	28	6	11.16666667	37	1	1	2	401	0.091388889	0.0213888889999999	0.016944444	0.0	0.023888889	0.0	0	0.0194444439999999	1.5	0.05	0.0	0.171429
80183	17399	0	2	2	3	6	1	1.0	3	2015	2	28	6	22.5	22	0	1	0	4245	1.028333333	0.403055556	0.0736111109999999	0.0	0.364444444	0.075277778	1	0.488611111	3.0	0.92	0.0	0.66913
80184	17400	0	3	3	3	6	4	0.5	3	2015	2	28	6	20.0	22	0	1	0	4963	1.151388889	0.374722222	0.0725	0.066666667	0.333333333	0.133333333	1	0.378888889	2.35	0.87	0.0	0.645161
80189	17401	1	2	1	5	6	4	0.5	3	2015	2	28	6	11.75	21	1	1	0	1113	0.283888889	0.141388889	0.075	0.033333333	0.0	0.0	0	0.175277778	1.6	0.29	10.5	0.438986
80194	17403	1	0	3	3	6	5	0.0	3	2015	3	1	7	11.0	71	1	1	0	6076	1.3766666669999998	0.3952777779999999	0.0841666669999999	0.0	0.459722222	0.0	0	0.349722222	0.0	1.02	0.0	0.6108020000000001
80205	17406	1	1	4	3	1	1	1.0	3	2015	3	1	7	22.83333333	42	0	1	1	1307	0.354166667	0.1022222219999999	0.231388889	0.0	0.0269444439999999	0.0	0	0.075555556	1.5	0.25	0.0	0.191176
80230	17414	2	1	4	3	1	5	0.0	3	2015	3	1	7	13.66666667	6	0	0	1	3089	0.7805555559999999	0.296666667	0.202777778	0.066666667	0.0	0.0	0	0.170277778	0.0	0.5	0.0	0.278956
80312	17435	0	3	1	3	6	1	0.0	3	2015	3	3	2	19.16666667	20	1	1	0	1195	0.225833333	0.084444444	0.052777778	0.033333333	0.0	0.0	0	0.1155555559999999	1.5	0.26	0.0	0.254808
80331	17439	0	5	1	2	2	1	1.0	3	2015	3	3	2	15.5	41	1	1	1	656	0.2069444439999999	0.068611111	0.145555556	0.0	0.033055556	0.0	0	0.045	1.5	0.12	0.0	0.1172839999999999
80375	17447	0	1	1	3	1	5	0.0	3	2015	3	4	3	8.0	73	1	1	2	836	0.186944444	0.0725	0.123888889	0.0	0.0461111109999999	0.0	0	0.069722222	0.0	0.16	0.0	0.378486
80386	17450	0	5	4	5	1	1	1.0	3	2015	3	4	3	7.933333332999999	50	1	1	2	1676	0.362777778	0.110277778	0.096111111	0.0	0.166666667	0.0	0	0.073888889	1.5	0.24	0.0	0.0037594
80395	17451	3	0	4	3	1	1	1.0	3	2015	3	4	3	12.0	20	0	1	2	15158	3.828055556	1.258611111	0.424722222	0.85	0.0605555559999999	0.233333333	2	0.57	3.0	3.26	0.0	0.149123
80409	17454	2	2	1	3	6	5	0.0	3	2015	3	4	3	18.5	10	1	0	0	805	0.210833333	0.053333333	0.073333333	0.0	0.060277778	0.0	0	0.066666667	0.0	0.16	0.0	0.166667
80435	17460	0	1	2	3	6	1	1.0	3	2015	3	4	3	20.0	22	0	1	0	2407	0.638333333	0.265277778	0.316666667	0.066666667	0.0	0.0	0	0.347777778	2.4	0.7	0.0	0.791534
80467	17467	0	1	1	1	6	1	1.0	3	2015	3	5	4	18.5	25	1	0	0	3377	0.775	0.270277778	0.168333333	0.133333333	0.0	0.0	0	0.38	2.4	0.67	0.0	0.777778
80486	17473	0	0	4	4	2	1	1.0	3	2015	3	6	5	9.0	50	0	1	2	13093	3.105277778	0.913888889	0.5591666670000001	0.333333333	0.0	0.0	0	0.619722222	2.6	2.01	0.0	0.435231
80507	17480	1	0	3	1	6	1	1.0	3	2015	3	6	5	8.75	26	1	0	0	2610	0.656111111	0.2775	0.146388889	0.0	0.2347222219999999	0.0	0	0.305	1.5	0.59	10.5	0.6876140000000001
80521	17484	0	0	3	3	6	1	1.0	3	2015	3	7	6	13.0	29	1	1	0	1639	0.419722222	0.138611111	0.1541666669999999	0.0	0.133333333	0.0	0	0.14	1.5	0.33	0.0	0.327381
80525	17485	0	1	4	3	6	1	1.0	3	2015	3	7	6	13.66666667	34	1	1	0	4018	0.945555556	0.244722222	0.293888889	0.0	0.316666667	0.0	0	0.306111111	1.5	0.69	0.0	0.236842
80543	17489	3	1	3	1	1	1	1.0	3	2015	3	7	6	20.0	27	1	1	1	13228	3.242222222	0.954444444	0.14	0.366666667	0.081944444	0.25	2	0.706944444	4.3	2.61	0.0	0.473477
80569	17495	1	1	3	4	1	2	0.0	3	2015	3	8	7	17.08333333	17	0	0	2	4803	1.086666667	0.373888889	0.035	0.0	0.340277778	0.0	0	0.183055556	0.0	0.72	0.0	0.138088
80589	17501	1	0	4	3	1	5	0.0	3	2015	3	8	7	15.0	61	1	0	1	8204	1.963333333	0.575555556	0.199166667	0.0	0.619166667	0.090833333	1	0.469166667	0.0	1.41	0.0	0.400829
80591	17501	2	0	4	3	1	1	1.0	3	2015	3	8	7	15.0	27	0	1	1	8204	1.963333333	0.575555556	0.199166667	0.0	0.619166667	0.090833333	1	0.469166667	3.0	1.41	0.0	0.400829
80599	17503	0	1	3	3	6	1	1.0	3	2015	3	8	7	14.25	20	0	0	0	4939	1.196388889	0.531111111	0.685277778	0.0	0.3	0.0	0	0.330555556	1.5	0.91	0.0	0.131933
80602	17504	1	0	3	1	6	1	1.0	3	2015	3	8	7	13.5	29	1	0	0	7548	2.106666667	0.570277778	0.349166667	0.3	0.0	0.083333333	1	0.559722222	1.5	1.49	0.0	0.424318
80618	17508	0	0	3	3	1	1	0.0	3	2015	3	9	1	16.75	52	0	1	1	3027	0.779166667	0.286388889	0.052222222	0.0	0.3938888889999999	0.0	0	0.230555556	0.0	0.6	0.0	0.360241
80625	17509	0	4	1	5	2	1	1.0	3	2015	3	9	1	9.416666667	45	1	1	2	611	0.1447222219999999	0.0536111109999999	0.083055556	0.0	0.0125	0.0	0	0.055	1.5	0.1	0.0	0.323232
80647	17515	0	3	3	5	6	1	1.0	3	2015	3	9	1	13.0	27	1	0	0	14837	3.656111111	1.106111111	0.0855555559999999	0.716666667	0.2	0.233333333	2	0.777222222	4.3	2.64	0.0	0.435668
80689	17523	0	0	1	3	6	1	1.0	3	2015	3	10	2	12.0	21	0	0	0	1023	0.232777778	0.139166667	0.0586111109999999	0.0	0.093611111	0.0	0	0.115833333	1.5	0.28	0.0	0.347722
80691	17524	0	0	1	3	6	1	1.0	3	2015	3	10	2	11.0	24	1	0	0	1744	0.458611111	0.134444444	0.194166667	0.0	0.1186111109999999	0.0	0	0.127777778	1.5	0.34	0.0	0.119565
80719	17529	0	2	4	5	1	1	1.0	3	2015	3	12	4	12.5	26	1	1	1	11117	2.741944444	0.7736111109999999	0.105555556	0.0	1.120555556	0.16	2	0.4638888889999999	4.5	3.54	0.0	0.237126
80741	17533	0	2	3	3	6	1	1.0	3	2015	3	13	5	21.0	44	0	1	0	4457	1.071388889	0.368055556	0.347777778	0.1	0.0	0.0	0	0.419166667	2.4	0.9	0.0	0.620278
80743	17534	0	1	3	1	2	1	1.0	3	2015	3	13	5	19.16666667	44	0	1	2	15056	3.413888889	1.031388889	0.407777778	0.35	0.0	0.0	0	0.829722222	2.6	2.29	0.0	0.6591899999999999
80756	17536	0	2	4	4	1	1	1.0	3	2015	3	13	5	10.75	39	1	1	2	3461	0.795277778	0.242222222	0.046388889	0.0	0.393055556	0.130555556	1	0.214722222	3.0	0.59	0.0	0.375162
80761	17536	1	0	4	1	1	1	1.0	3	2015	3	13	5	7.0	47	0	1	2	4530	1.275555556	0.435555556	0.384722222	0.133333333	0.0	0.0	0	0.405277778	1.7	1.12	0.0	0.687457
80762	17536	1	1	4	1	1	1	1.0	3	2015	3	13	5	18.25	47	0	1	2	4530	1.305277778	0.441111111	0.202777778	0.15	0.093333333	0.083333333	1	0.425833333	3.2	1.07	0.0	0.547293
80771	17540	1	1	4	1	2	1	1.0	3	2015	3	14	6	11.75	60	0	1	1	4011	0.982222222	0.301666667	0.065555556	0.0	0.495833333	0.18	1	0.2394444439999999	3.0	0.61	0.0	0.277262
80806	17551	0	0	4	1	1	1	1.0	3	2015	3	16	1	7.0	48	1	1	1	11281	2.7275	0.7986111109999999	0.300555556	0.283333333	0.2625	0.095833333	1	0.700277778	3.2	2.15	0.0	0.430781
80850	17560	0	5	3	3	6	1	1.0	3	2015	3	17	2	20.66666667	38	1	0	0	2131	0.6225	0.2044444439999999	0.368055556	0.0	0.077222222	0.0	0	0.151944444	1.5	0.41	0.0	0.345521
80859	17562	2	0	3	1	6	1	1.0	3	2015	3	17	2	13.0	50	0	0	0	5914	1.4002777780000002	0.444444444	0.210555556	0.25	0.156388889	0.1	1	0.494166667	3.0	1.38	0.0	0.418775
80860	17562	2	1	3	1	6	1	1.0	3	2015	3	17	2	21.0	50	0	0	0	5914	1.406111111	0.4158333329999999	0.157777778	0.2166666669999999	0.158333333	0.083333333	1	0.371944444	3.0	1.15	0.0	0.403286
80864	17563	0	1	3	1	2	1	1.0	3	2015	3	17	2	18.75	33	0	1	1	17337	4.011388889	1.251111111	0.211666667	0.6166666670000001	0.15	0.3	2	1.034166667	6.19	2.49	0.0	0.605157
80865	17563	1	0	3	1	2	1	1.0	3	2015	3	17	2	6.0	36	1	0	1	15320	3.461944444	1.226111111	0.415277778	0.5	0.0	0.0	0	0.791666667	2.8	2.15	0.0	0.554737
80939	17579	0	0	2	1	6	1	1.0	3	2015	3	19	4	8.333333332999999	32	0	1	0	5099	1.335	0.515277778	0.0625	0.2166666669999999	0.111111111	0.133333333	1	0.415	3.9	0.97	10.5	0.6566270000000001
80968	17587	0	3	4	5	1	1	1.0	3	2015	3	20	5	2.2833333330000003	33	0	1	2	4126	1.016666667	0.283333333	0.446944444	0.0	0.2463888889999999	0.0	0	0.1844444439999999	1.5	0.71	0.0	0.0828313
80974	17588	0	1	1	3	1	4	1.0	3	2015	3	21	6	16.0	33	0	0	1	1479	0.399166667	0.113055556	0.2325	0.0	0.073888889	0.0	0	0.1175	1.5	0.35	0.0	0.0898345
80984	17588	2	1	4	3	1	5	0.0	3	2015	3	21	6	11.08333333	7	0	0	1	4652	1.101388889	0.317777778	0.2944444439999999	0.0	0.204166667	0.0	0	0.255555556	0.0	0.79	0.0	0.1413039999999999
80995	17591	0	0	4	3	1	5	0.0	3	2015	3	21	6	14.0	70	1	1	2	1126	0.330277778	0.1325	0.155833333	0.0	0.145555556	0.0	0	0.1397222219999999	0.0	0.34	10.5	0.141153
81004	17593	0	2	4	3	1	1	1.0	3	2015	3	21	6	13.16666667	52	0	1	2	2764	0.6708333329999999	0.196111111	0.240555556	0.0	0.1166666669999999	0.0	0	0.138888889	1.5	0.48	0.0	0.0819999999999999
81040	17604	2	0	3	1	1	2	0.0	3	2015	3	26	4	6.5	17	0	0	2	4346	1.1	0.351666667	0.264444444	0.0	0.3533333329999999	0.176666667	1	0.288888889	0.0	0.85	0.0	0.175
81059	17606	1	2	3	3	6	1	1.0	3	2015	3	27	5	13.66666667	33	1	1	0	3569	0.8444444440000001	0.273055556	0.100277778	0.0	0.360277778	0.0	0	0.281666667	1.5	0.63	0.0	0.384615
81062	17607	0	4	3	5	6	1	1.0	3	2015	3	27	5	18.5	38	1	1	0	1331	0.355277778	0.1025	0.069444444	0.0	0.166388889	0.0	0	0.146111111	1.5	0.28	0.0	0.653992
81071	17610	0	0	4	3	2	1	1.0	3	2015	3	29	7	10.0	33	1	1	1	6003	1.5147222219999998	0.513055556	0.206111111	0.0	0.4	0.0	0	0.259166667	1.5	0.88	0.0	0.233655
81075	17611	1	0	3	4	6	1	1.0	3	2015	3	29	7	18.75	40	0	1	0	1626	0.513333333	0.195833333	0.138055556	0.0	0.233333333	0.0	0	0.109722222	1.5	0.32	0.0	0.2354429999999999
